Age group and ages, Sex, Urban and rural areas, Macroregions  development regions and counties, Years, MU: Persons, Valoare
0- 4 years, Total, Total, Bihor, Year 2013, Number of persons, 30148
0- 4 years, Total, Total, Bihor, Year 2014, Number of persons, 29248
0- 4 years, Total, Total, Bihor, Year 2015, Number of persons, 28702
0- 4 years, Total, Total, Bihor, Year 2016, Number of persons, 28365
0- 4 years, Total, Total, Bihor, Year 2017, Number of persons, 28656
0- 4 years, Total, Total, Bihor, Year 2018, Number of persons, 29312
0- 4 years, Total, Total, Bihor, Year 2019, Number of persons, 30019
0- 4 years, Total, Total, Bihor, Year 2020, Number of persons, 30317
0- 4 years, Total, Total, Bihor, Year 2021, Number of persons, 30547
0- 4 years, Total, Total, Bihor, Year 2022, Number of persons, 30165
0- 4 years, Total, Total, Bihor, Year 2023, Number of persons, 29866
0- 4 years, Total, Total, Bihor, Year 2024, Number of persons, 29033
0- 4 years, Total, Total, Bistrita-Nasaud, Year 2013, Number of persons, 15963
0- 4 years, Total, Total, Bistrita-Nasaud, Year 2014, Number of persons, 15703
0- 4 years, Total, Total, Bistrita-Nasaud, Year 2015, Number of persons, 15671
0- 4 years, Total, Total, Bistrita-Nasaud, Year 2016, Number of persons, 15804
0- 4 years, Total, Total, Bistrita-Nasaud, Year 2017, Number of persons, 16298
0- 4 years, Total, Total, Bistrita-Nasaud, Year 2018, Number of persons, 16798
0- 4 years, Total, Total, Bistrita-Nasaud, Year 2019, Number of persons, 17066
0- 4 years, Total, Total, Bistrita-Nasaud, Year 2020, Number of persons, 17234
0- 4 years, Total, Total, Bistrita-Nasaud, Year 2021, Number of persons, 17221
0- 4 years, Total, Total, Bistrita-Nasaud, Year 2022, Number of persons, 17085
0- 4 years, Total, Total, Bistrita-Nasaud, Year 2023, Number of persons, 16644
0- 4 years, Total, Total, Bistrita-Nasaud, Year 2024, Number of persons, 15939
0- 4 years, Total, Total, Cluj, Year 2013, Number of persons, 32145
0- 4 years, Total, Total, Cluj, Year 2014, Number of persons, 31720
0- 4 years, Total, Total, Cluj, Year 2015, Number of persons, 31995
0- 4 years, Total, Total, Cluj, Year 2016, Number of persons, 32244
0- 4 years, Total, Total, Cluj, Year 2017, Number of persons, 33389
0- 4 years, Total, Total, Cluj, Year 2018, Number of persons, 34771
0- 4 years, Total, Total, Cluj, Year 2019, Number of persons, 36059
0- 4 years, Total, Total, Cluj, Year 2020, Number of persons, 36920
0- 4 years, Total, Total, Cluj, Year 2021, Number of persons, 37175
0- 4 years, Total, Total, Cluj, Year 2022, Number of persons, 36499
0- 4 years, Total, Total, Cluj, Year 2023, Number of persons, 36146
0- 4 years, Total, Total, Cluj, Year 2024, Number of persons, 34855
0- 4 years, Total, Total, Maramures, Year 2013, Number of persons, 23651
0- 4 years, Total, Total, Maramures, Year 2014, Number of persons, 22332
0- 4 years, Total, Total, Maramures, Year 2015, Number of persons, 21894
0- 4 years, Total, Total, Maramures, Year 2016, Number of persons, 21873
0- 4 years, Total, Total, Maramures, Year 2017, Number of persons, 22352
0- 4 years, Total, Total, Maramures, Year 2018, Number of persons, 23502
0- 4 years, Total, Total, Maramures, Year 2019, Number of persons, 24428
0- 4 years, Total, Total, Maramures, Year 2020, Number of persons, 24628
0- 4 years, Total, Total, Maramures, Year 2021, Number of persons, 24475
0- 4 years, Total, Total, Maramures, Year 2022, Number of persons, 22789
0- 4 years, Total, Total, Maramures, Year 2023, Number of persons, 22430
0- 4 years, Total, Total, Maramures, Year 2024, Number of persons, 21224
0- 4 years, Total, Total, Satu Mare, Year 2013, Number of persons, 18344
0- 4 years, Total, Total, Satu Mare, Year 2014, Number of persons, 17349
0- 4 years, Total, Total, Satu Mare, Year 2015, Number of persons, 17020
0- 4 years, Total, Total, Satu Mare, Year 2016, Number of persons, 16718
0- 4 years, Total, Total, Satu Mare, Year 2017, Number of persons, 16951
0- 4 years, Total, Total, Satu Mare, Year 2018, Number of persons, 17796
0- 4 years, Total, Total, Satu Mare, Year 2019, Number of persons, 18191
0- 4 years, Total, Total, Satu Mare, Year 2020, Number of persons, 18309
0- 4 years, Total, Total, Satu Mare, Year 2021, Number of persons, 18414
0- 4 years, Total, Total, Satu Mare, Year 2022, Number of persons, 16970
0- 4 years, Total, Total, Satu Mare, Year 2023, Number of persons, 16605
0- 4 years, Total, Total, Satu Mare, Year 2024, Number of persons, 15872
0- 4 years, Total, Total, Salaj, Year 2013, Number of persons, 11854
0- 4 years, Total, Total, Salaj, Year 2014, Number of persons, 11573
0- 4 years, Total, Total, Salaj, Year 2015, Number of persons, 11639
0- 4 years, Total, Total, Salaj, Year 2016, Number of persons, 11663
0- 4 years, Total, Total, Salaj, Year 2017, Number of persons, 11882
0- 4 years, Total, Total, Salaj, Year 2018, Number of persons, 12024
0- 4 years, Total, Total, Salaj, Year 2019, Number of persons, 12045
0- 4 years, Total, Total, Salaj, Year 2020, Number of persons, 12047
0- 4 years, Total, Total, Salaj, Year 2021, Number of persons, 12151
0- 4 years, Total, Total, Salaj, Year 2022, Number of persons, 11698
0- 4 years, Total, Total, Salaj, Year 2023, Number of persons, 11429
0- 4 years, Total, Total, Salaj, Year 2024, Number of persons, 11224
0- 4 years, Total, Total, Alba, Year 2013, Number of persons, 15856
0- 4 years, Total, Total, Alba, Year 2014, Number of persons, 15391
0- 4 years, Total, Total, Alba, Year 2015, Number of persons, 15136
0- 4 years, Total, Total, Alba, Year 2016, Number of persons, 15177
0- 4 years, Total, Total, Alba, Year 2017, Number of persons, 15421
0- 4 years, Total, Total, Alba, Year 2018, Number of persons, 15569
0- 4 years, Total, Total, Alba, Year 2019, Number of persons, 15629
0- 4 years, Total, Total, Alba, Year 2020, Number of persons, 15682
0- 4 years, Total, Total, Alba, Year 2021, Number of persons, 15739
0- 4 years, Total, Total, Alba, Year 2022, Number of persons, 14998
0- 4 years, Total, Total, Alba, Year 2023, Number of persons, 14890
0- 4 years, Total, Total, Alba, Year 2024, Number of persons, 14403
0- 4 years, Total, Total, Brasov, Year 2013, Number of persons, 29887
0- 4 years, Total, Total, Brasov, Year 2014, Number of persons, 29434
0- 4 years, Total, Total, Brasov, Year 2015, Number of persons, 29542
0- 4 years, Total, Total, Brasov, Year 2016, Number of persons, 29730
0- 4 years, Total, Total, Brasov, Year 2017, Number of persons, 30619
0- 4 years, Total, Total, Brasov, Year 2018, Number of persons, 31832
0- 4 years, Total, Total, Brasov, Year 2019, Number of persons, 32820
0- 4 years, Total, Total, Brasov, Year 2020, Number of persons, 33051
0- 4 years, Total, Total, Brasov, Year 2021, Number of persons, 33375
0- 4 years, Total, Total, Brasov, Year 2022, Number of persons, 31670
0- 4 years, Total, Total, Brasov, Year 2023, Number of persons, 31369
0- 4 years, Total, Total, Brasov, Year 2024, Number of persons, 30161
0- 4 years, Total, Total, Covasna, Year 2013, Number of persons, 11677
0- 4 years, Total, Total, Covasna, Year 2014, Number of persons, 11507
0- 4 years, Total, Total, Covasna, Year 2015, Number of persons, 11306
0- 4 years, Total, Total, Covasna, Year 2016, Number of persons, 11087
0- 4 years, Total, Total, Covasna, Year 2017, Number of persons, 11143
0- 4 years, Total, Total, Covasna, Year 2018, Number of persons, 11057
0- 4 years, Total, Total, Covasna, Year 2019, Number of persons, 10961
0- 4 years, Total, Total, Covasna, Year 2020, Number of persons, 11012
0- 4 years, Total, Total, Covasna, Year 2021, Number of persons, 11095
0- 4 years, Total, Total, Covasna, Year 2022, Number of persons, 10927
0- 4 years, Total, Total, Covasna, Year 2023, Number of persons, 10790
0- 4 years, Total, Total, Covasna, Year 2024, Number of persons, 10307
0- 4 years, Total, Total, Harghita, Year 2013, Number of persons, 17027
0- 4 years, Total, Total, Harghita, Year 2014, Number of persons, 16552
0- 4 years, Total, Total, Harghita, Year 2015, Number of persons, 16293
0- 4 years, Total, Total, Harghita, Year 2016, Number of persons, 16029
0- 4 years, Total, Total, Harghita, Year 2017, Number of persons, 16014
0- 4 years, Total, Total, Harghita, Year 2018, Number of persons, 16018
0- 4 years, Total, Total, Harghita, Year 2019, Number of persons, 16052
0- 4 years, Total, Total, Harghita, Year 2020, Number of persons, 16020
0- 4 years, Total, Total, Harghita, Year 2021, Number of persons, 15885
0- 4 years, Total, Total, Harghita, Year 2022, Number of persons, 16051
0- 4 years, Total, Total, Harghita, Year 2023, Number of persons, 15764
0- 4 years, Total, Total, Harghita, Year 2024, Number of persons, 15240
0- 4 years, Total, Total, Mures, Year 2013, Number of persons, 29383
0- 4 years, Total, Total, Mures, Year 2014, Number of persons, 28551
0- 4 years, Total, Total, Mures, Year 2015, Number of persons, 28479
0- 4 years, Total, Total, Mures, Year 2016, Number of persons, 28439
0- 4 years, Total, Total, Mures, Year 2017, Number of persons, 28768
0- 4 years, Total, Total, Mures, Year 2018, Number of persons, 29260
0- 4 years, Total, Total, Mures, Year 2019, Number of persons, 29492
0- 4 years, Total, Total, Mures, Year 2020, Number of persons, 29203
0- 4 years, Total, Total, Mures, Year 2021, Number of persons, 29461
0- 4 years, Total, Total, Mures, Year 2022, Number of persons, 28261
0- 4 years, Total, Total, Mures, Year 2023, Number of persons, 27870
0- 4 years, Total, Total, Mures, Year 2024, Number of persons, 26901
0- 4 years, Total, Total, Sibiu, Year 2013, Number of persons, 22066
0- 4 years, Total, Total, Sibiu, Year 2014, Number of persons, 21619
0- 4 years, Total, Total, Sibiu, Year 2015, Number of persons, 21425
0- 4 years, Total, Total, Sibiu, Year 2016, Number of persons, 21524
0- 4 years, Total, Total, Sibiu, Year 2017, Number of persons, 22026
0- 4 years, Total, Total, Sibiu, Year 2018, Number of persons, 22704
0- 4 years, Total, Total, Sibiu, Year 2019, Number of persons, 23186
0- 4 years, Total, Total, Sibiu, Year 2020, Number of persons, 23212
0- 4 years, Total, Total, Sibiu, Year 2021, Number of persons, 22928
0- 4 years, Total, Total, Sibiu, Year 2022, Number of persons, 22081
0- 4 years, Total, Total, Sibiu, Year 2023, Number of persons, 21461
0- 4 years, Total, Total, Sibiu, Year 2024, Number of persons, 20570
0- 4 years, Total, Total, Bacau, Year 2013, Number of persons, 32195
0- 4 years, Total, Total, Bacau, Year 2014, Number of persons, 31371
0- 4 years, Total, Total, Bacau, Year 2015, Number of persons, 31799
0- 4 years, Total, Total, Bacau, Year 2016, Number of persons, 32167
0- 4 years, Total, Total, Bacau, Year 2017, Number of persons, 32906
0- 4 years, Total, Total, Bacau, Year 2018, Number of persons, 34007
0- 4 years, Total, Total, Bacau, Year 2019, Number of persons, 34323
0- 4 years, Total, Total, Bacau, Year 2020, Number of persons, 34367
0- 4 years, Total, Total, Bacau, Year 2021, Number of persons, 34132
0- 4 years, Total, Total, Bacau, Year 2022, Number of persons, 31030
0- 4 years, Total, Total, Bacau, Year 2023, Number of persons, 30848
0- 4 years, Total, Total, Bacau, Year 2024, Number of persons, 29442
0- 4 years, Total, Total, Botosani, Year 2013, Number of persons, 21521
0- 4 years, Total, Total, Botosani, Year 2014, Number of persons, 20317
0- 4 years, Total, Total, Botosani, Year 2015, Number of persons, 19706
0- 4 years, Total, Total, Botosani, Year 2016, Number of persons, 19448
0- 4 years, Total, Total, Botosani, Year 2017, Number of persons, 19521
0- 4 years, Total, Total, Botosani, Year 2018, Number of persons, 19622
0- 4 years, Total, Total, Botosani, Year 2019, Number of persons, 19729
0- 4 years, Total, Total, Botosani, Year 2020, Number of persons, 19887
0- 4 years, Total, Total, Botosani, Year 2021, Number of persons, 20053
0- 4 years, Total, Total, Botosani, Year 2022, Number of persons, 19179
0- 4 years, Total, Total, Botosani, Year 2023, Number of persons, 19392
0- 4 years, Total, Total, Botosani, Year 2024, Number of persons, 18847
0- 4 years, Total, Total, Iasi, Year 2013, Number of persons, 44426
0- 4 years, Total, Total, Iasi, Year 2014, Number of persons, 43583
0- 4 years, Total, Total, Iasi, Year 2015, Number of persons, 44349
0- 4 years, Total, Total, Iasi, Year 2016, Number of persons, 45257
0- 4 years, Total, Total, Iasi, Year 2017, Number of persons, 47432
0- 4 years, Total, Total, Iasi, Year 2018, Number of persons, 50282
0- 4 years, Total, Total, Iasi, Year 2019, Number of persons, 52479
0- 4 years, Total, Total, Iasi, Year 2020, Number of persons, 54394
0- 4 years, Total, Total, Iasi, Year 2021, Number of persons, 55861
0- 4 years, Total, Total, Iasi, Year 2022, Number of persons, 48831
0- 4 years, Total, Total, Iasi, Year 2023, Number of persons, 48565
0- 4 years, Total, Total, Iasi, Year 2024, Number of persons, 46317
0- 4 years, Total, Total, Neamt, Year 2013, Number of persons, 23008
0- 4 years, Total, Total, Neamt, Year 2014, Number of persons, 22493
0- 4 years, Total, Total, Neamt, Year 2015, Number of persons, 22615
0- 4 years, Total, Total, Neamt, Year 2016, Number of persons, 22685
0- 4 years, Total, Total, Neamt, Year 2017, Number of persons, 23507
0- 4 years, Total, Total, Neamt, Year 2018, Number of persons, 24106
0- 4 years, Total, Total, Neamt, Year 2019, Number of persons, 24128
0- 4 years, Total, Total, Neamt, Year 2020, Number of persons, 24051
0- 4 years, Total, Total, Neamt, Year 2021, Number of persons, 23950
0- 4 years, Total, Total, Neamt, Year 2022, Number of persons, 21690
0- 4 years, Total, Total, Neamt, Year 2023, Number of persons, 21268
0- 4 years, Total, Total, Neamt, Year 2024, Number of persons, 20166
0- 4 years, Total, Total, Suceava, Year 2013, Number of persons, 36350
0- 4 years, Total, Total, Suceava, Year 2014, Number of persons, 35664
0- 4 years, Total, Total, Suceava, Year 2015, Number of persons, 36144
0- 4 years, Total, Total, Suceava, Year 2016, Number of persons, 36600
0- 4 years, Total, Total, Suceava, Year 2017, Number of persons, 38035
0- 4 years, Total, Total, Suceava, Year 2018, Number of persons, 39886
0- 4 years, Total, Total, Suceava, Year 2019, Number of persons, 41456
0- 4 years, Total, Total, Suceava, Year 2020, Number of persons, 42400
0- 4 years, Total, Total, Suceava, Year 2021, Number of persons, 43193
0- 4 years, Total, Total, Suceava, Year 2022, Number of persons, 40646
0- 4 years, Total, Total, Suceava, Year 2023, Number of persons, 40544
0- 4 years, Total, Total, Suceava, Year 2024, Number of persons, 39574
0- 4 years, Total, Total, Vaslui, Year 2013, Number of persons, 21678
0- 4 years, Total, Total, Vaslui, Year 2014, Number of persons, 21128
0- 4 years, Total, Total, Vaslui, Year 2015, Number of persons, 21421
0- 4 years, Total, Total, Vaslui, Year 2016, Number of persons, 22351
0- 4 years, Total, Total, Vaslui, Year 2017, Number of persons, 23061
0- 4 years, Total, Total, Vaslui, Year 2018, Number of persons, 23915
0- 4 years, Total, Total, Vaslui, Year 2019, Number of persons, 24022
0- 4 years, Total, Total, Vaslui, Year 2020, Number of persons, 25193
0- 4 years, Total, Total, Vaslui, Year 2021, Number of persons, 25684
0- 4 years, Total, Total, Vaslui, Year 2022, Number of persons, 20201
0- 4 years, Total, Total, Vaslui, Year 2023, Number of persons, 20053
0- 4 years, Total, Total, Vaslui, Year 2024, Number of persons, 19253
0- 4 years, Total, Total, Braila, Year 2013, Number of persons, 13389
0- 4 years, Total, Total, Braila, Year 2014, Number of persons, 12624
0- 4 years, Total, Total, Braila, Year 2015, Number of persons, 12073
0- 4 years, Total, Total, Braila, Year 2016, Number of persons, 11705
0- 4 years, Total, Total, Braila, Year 2017, Number of persons, 11966
0- 4 years, Total, Total, Braila, Year 2018, Number of persons, 12079
0- 4 years, Total, Total, Braila, Year 2019, Number of persons, 12287
0- 4 years, Total, Total, Braila, Year 2020, Number of persons, 12426
0- 4 years, Total, Total, Braila, Year 2021, Number of persons, 12376
0- 4 years, Total, Total, Braila, Year 2022, Number of persons, 11414
0- 4 years, Total, Total, Braila, Year 2023, Number of persons, 11273
0- 4 years, Total, Total, Braila, Year 2024, Number of persons, 10615
0- 4 years, Total, Total, Buzau, Year 2013, Number of persons, 21086
0- 4 years, Total, Total, Buzau, Year 2014, Number of persons, 19951
0- 4 years, Total, Total, Buzau, Year 2015, Number of persons, 19168
0- 4 years, Total, Total, Buzau, Year 2016, Number of persons, 18382
0- 4 years, Total, Total, Buzau, Year 2017, Number of persons, 18377
0- 4 years, Total, Total, Buzau, Year 2018, Number of persons, 18305
0- 4 years, Total, Total, Buzau, Year 2019, Number of persons, 18317
0- 4 years, Total, Total, Buzau, Year 2020, Number of persons, 18334
0- 4 years, Total, Total, Buzau, Year 2021, Number of persons, 18383
0- 4 years, Total, Total, Buzau, Year 2022, Number of persons, 17586
0- 4 years, Total, Total, Buzau, Year 2023, Number of persons, 17567
0- 4 years, Total, Total, Buzau, Year 2024, Number of persons, 16781
0- 4 years, Total, Total, Constanta, Year 2013, Number of persons, 37439
0- 4 years, Total, Total, Constanta, Year 2014, Number of persons, 36276
0- 4 years, Total, Total, Constanta, Year 2015, Number of persons, 35799
0- 4 years, Total, Total, Constanta, Year 2016, Number of persons, 35338
0- 4 years, Total, Total, Constanta, Year 2017, Number of persons, 36108
0- 4 years, Total, Total, Constanta, Year 2018, Number of persons, 36488
0- 4 years, Total, Total, Constanta, Year 2019, Number of persons, 36831
0- 4 years, Total, Total, Constanta, Year 2020, Number of persons, 36499
0- 4 years, Total, Total, Constanta, Year 2021, Number of persons, 36216
0- 4 years, Total, Total, Constanta, Year 2022, Number of persons, 34029
0- 4 years, Total, Total, Constanta, Year 2023, Number of persons, 33139
0- 4 years, Total, Total, Constanta, Year 2024, Number of persons, 31552
0- 4 years, Total, Total, Galati, Year 2013, Number of persons, 25229
0- 4 years, Total, Total, Galati, Year 2014, Number of persons, 24352
0- 4 years, Total, Total, Galati, Year 2015, Number of persons, 23914
0- 4 years, Total, Total, Galati, Year 2016, Number of persons, 23792
0- 4 years, Total, Total, Galati, Year 2017, Number of persons, 24726
0- 4 years, Total, Total, Galati, Year 2018, Number of persons, 25943
0- 4 years, Total, Total, Galati, Year 2019, Number of persons, 26576
0- 4 years, Total, Total, Galati, Year 2020, Number of persons, 27292
0- 4 years, Total, Total, Galati, Year 2021, Number of persons, 27869
0- 4 years, Total, Total, Galati, Year 2022, Number of persons, 23786
0- 4 years, Total, Total, Galati, Year 2023, Number of persons, 24204
0- 4 years, Total, Total, Galati, Year 2024, Number of persons, 23305
0- 4 years, Total, Total, Tulcea, Year 2013, Number of persons, 10227
0- 4 years, Total, Total, Tulcea, Year 2014, Number of persons, 9741
0- 4 years, Total, Total, Tulcea, Year 2015, Number of persons, 9612
0- 4 years, Total, Total, Tulcea, Year 2016, Number of persons, 9400
0- 4 years, Total, Total, Tulcea, Year 2017, Number of persons, 9321
0- 4 years, Total, Total, Tulcea, Year 2018, Number of persons, 9376
0- 4 years, Total, Total, Tulcea, Year 2019, Number of persons, 9185
0- 4 years, Total, Total, Tulcea, Year 2020, Number of persons, 8835
0- 4 years, Total, Total, Tulcea, Year 2021, Number of persons, 8654
0- 4 years, Total, Total, Tulcea, Year 2022, Number of persons, 8521
0- 4 years, Total, Total, Tulcea, Year 2023, Number of persons, 8237
0- 4 years, Total, Total, Tulcea, Year 2024, Number of persons, 7703
0- 4 years, Total, Total, Vrancea, Year 2013, Number of persons, 17459
0- 4 years, Total, Total, Vrancea, Year 2014, Number of persons, 16851
0- 4 years, Total, Total, Vrancea, Year 2015, Number of persons, 16785
0- 4 years, Total, Total, Vrancea, Year 2016, Number of persons, 16625
0- 4 years, Total, Total, Vrancea, Year 2017, Number of persons, 16935
0- 4 years, Total, Total, Vrancea, Year 2018, Number of persons, 17191
0- 4 years, Total, Total, Vrancea, Year 2019, Number of persons, 17122
0- 4 years, Total, Total, Vrancea, Year 2020, Number of persons, 16938
0- 4 years, Total, Total, Vrancea, Year 2021, Number of persons, 16738
0- 4 years, Total, Total, Vrancea, Year 2022, Number of persons, 16497
0- 4 years, Total, Total, Vrancea, Year 2023, Number of persons, 16173
0- 4 years, Total, Total, Vrancea, Year 2024, Number of persons, 15251
0- 4 years, Total, Total, Arges, Year 2013, Number of persons, 27908
0- 4 years, Total, Total, Arges, Year 2014, Number of persons, 27089
0- 4 years, Total, Total, Arges, Year 2015, Number of persons, 26434
0- 4 years, Total, Total, Arges, Year 2016, Number of persons, 25950
0- 4 years, Total, Total, Arges, Year 2017, Number of persons, 26073
0- 4 years, Total, Total, Arges, Year 2018, Number of persons, 26368
0- 4 years, Total, Total, Arges, Year 2019, Number of persons, 26760
0- 4 years, Total, Total, Arges, Year 2020, Number of persons, 27044
0- 4 years, Total, Total, Arges, Year 2021, Number of persons, 27017
0- 4 years, Total, Total, Arges, Year 2022, Number of persons, 25969
0- 4 years, Total, Total, Arges, Year 2023, Number of persons, 25235
0- 4 years, Total, Total, Arges, Year 2024, Number of persons, 23637
0- 4 years, Total, Total, Calarasi, Year 2013, Number of persons, 15868
0- 4 years, Total, Total, Calarasi, Year 2014, Number of persons, 14916
0- 4 years, Total, Total, Calarasi, Year 2015, Number of persons, 14296
0- 4 years, Total, Total, Calarasi, Year 2016, Number of persons, 13927
0- 4 years, Total, Total, Calarasi, Year 2017, Number of persons, 13992
0- 4 years, Total, Total, Calarasi, Year 2018, Number of persons, 13947
0- 4 years, Total, Total, Calarasi, Year 2019, Number of persons, 14135
0- 4 years, Total, Total, Calarasi, Year 2020, Number of persons, 14143
0- 4 years, Total, Total, Calarasi, Year 2021, Number of persons, 14241
0- 4 years, Total, Total, Calarasi, Year 2022, Number of persons, 14220
0- 4 years, Total, Total, Calarasi, Year 2023, Number of persons, 13964
0- 4 years, Total, Total, Calarasi, Year 2024, Number of persons, 13308
0- 4 years, Total, Total, Dambovita, Year 2013, Number of persons, 25211
0- 4 years, Total, Total, Dambovita, Year 2014, Number of persons, 23890
0- 4 years, Total, Total, Dambovita, Year 2015, Number of persons, 22762
0- 4 years, Total, Total, Dambovita, Year 2016, Number of persons, 21621
0- 4 years, Total, Total, Dambovita, Year 2017, Number of persons, 21471
0- 4 years, Total, Total, Dambovita, Year 2018, Number of persons, 21534
0- 4 years, Total, Total, Dambovita, Year 2019, Number of persons, 21618
0- 4 years, Total, Total, Dambovita, Year 2020, Number of persons, 21762
0- 4 years, Total, Total, Dambovita, Year 2021, Number of persons, 21933
0- 4 years, Total, Total, Dambovita, Year 2022, Number of persons, 23409
0- 4 years, Total, Total, Dambovita, Year 2023, Number of persons, 22706
0- 4 years, Total, Total, Dambovita, Year 2024, Number of persons, 21451
0- 4 years, Total, Total, Giurgiu, Year 2013, Number of persons, 13864
0- 4 years, Total, Total, Giurgiu, Year 2014, Number of persons, 13206
0- 4 years, Total, Total, Giurgiu, Year 2015, Number of persons, 12607
0- 4 years, Total, Total, Giurgiu, Year 2016, Number of persons, 12264
0- 4 years, Total, Total, Giurgiu, Year 2017, Number of persons, 12030
0- 4 years, Total, Total, Giurgiu, Year 2018, Number of persons, 11959
0- 4 years, Total, Total, Giurgiu, Year 2019, Number of persons, 11896
0- 4 years, Total, Total, Giurgiu, Year 2020, Number of persons, 11897
0- 4 years, Total, Total, Giurgiu, Year 2021, Number of persons, 11737
0- 4 years, Total, Total, Giurgiu, Year 2022, Number of persons, 12473
0- 4 years, Total, Total, Giurgiu, Year 2023, Number of persons, 12090
0- 4 years, Total, Total, Giurgiu, Year 2024, Number of persons, 11512
0- 4 years, Total, Total, Ialomita, Year 2013, Number of persons, 14830
0- 4 years, Total, Total, Ialomita, Year 2014, Number of persons, 14143
0- 4 years, Total, Total, Ialomita, Year 2015, Number of persons, 13864
0- 4 years, Total, Total, Ialomita, Year 2016, Number of persons, 13585
0- 4 years, Total, Total, Ialomita, Year 2017, Number of persons, 13599
0- 4 years, Total, Total, Ialomita, Year 2018, Number of persons, 13794
0- 4 years, Total, Total, Ialomita, Year 2019, Number of persons, 13999
0- 4 years, Total, Total, Ialomita, Year 2020, Number of persons, 13945
0- 4 years, Total, Total, Ialomita, Year 2021, Number of persons, 14245
0- 4 years, Total, Total, Ialomita, Year 2022, Number of persons, 13313
0- 4 years, Total, Total, Ialomita, Year 2023, Number of persons, 13502
0- 4 years, Total, Total, Ialomita, Year 2024, Number of persons, 13071
0- 4 years, Total, Total, Prahova, Year 2013, Number of persons, 34506
0- 4 years, Total, Total, Prahova, Year 2014, Number of persons, 33138
0- 4 years, Total, Total, Prahova, Year 2015, Number of persons, 32213
0- 4 years, Total, Total, Prahova, Year 2016, Number of persons, 31790
0- 4 years, Total, Total, Prahova, Year 2017, Number of persons, 31996
0- 4 years, Total, Total, Prahova, Year 2018, Number of persons, 32284
0- 4 years, Total, Total, Prahova, Year 2019, Number of persons, 32638
0- 4 years, Total, Total, Prahova, Year 2020, Number of persons, 32369
0- 4 years, Total, Total, Prahova, Year 2021, Number of persons, 31747
0- 4 years, Total, Total, Prahova, Year 2022, Number of persons, 30603
0- 4 years, Total, Total, Prahova, Year 2023, Number of persons, 29719
0- 4 years, Total, Total, Prahova, Year 2024, Number of persons, 28165
0- 4 years, Total, Total, Teleorman, Year 2013, Number of persons, 14949
0- 4 years, Total, Total, Teleorman, Year 2014, Number of persons, 14187
0- 4 years, Total, Total, Teleorman, Year 2015, Number of persons, 13811
0- 4 years, Total, Total, Teleorman, Year 2016, Number of persons, 13431
0- 4 years, Total, Total, Teleorman, Year 2017, Number of persons, 13547
0- 4 years, Total, Total, Teleorman, Year 2018, Number of persons, 13682
0- 4 years, Total, Total, Teleorman, Year 2019, Number of persons, 13711
0- 4 years, Total, Total, Teleorman, Year 2020, Number of persons, 13551
0- 4 years, Total, Total, Teleorman, Year 2021, Number of persons, 13563
0- 4 years, Total, Total, Teleorman, Year 2022, Number of persons, 12719
0- 4 years, Total, Total, Teleorman, Year 2023, Number of persons, 12488
0- 4 years, Total, Total, Teleorman, Year 2024, Number of persons, 11784
0- 4 years, Total, Total, Ilfov, Year 2013, Number of persons, 24900
0- 4 years, Total, Total, Ilfov, Year 2014, Number of persons, 24001
0- 4 years, Total, Total, Ilfov, Year 2015, Number of persons, 23137
0- 4 years, Total, Total, Ilfov, Year 2016, Number of persons, 22783
0- 4 years, Total, Total, Ilfov, Year 2017, Number of persons, 23684
0- 4 years, Total, Total, Ilfov, Year 2018, Number of persons, 25210
0- 4 years, Total, Total, Ilfov, Year 2019, Number of persons, 26335
0- 4 years, Total, Total, Ilfov, Year 2020, Number of persons, 26108
0- 4 years, Total, Total, Ilfov, Year 2021, Number of persons, 26617
0- 4 years, Total, Total, Ilfov, Year 2022, Number of persons, 34093
0- 4 years, Total, Total, Ilfov, Year 2023, Number of persons, 33227
0- 4 years, Total, Total, Ilfov, Year 2024, Number of persons, 31443
0- 4 years, Total, Total, Bucharest Municipality, Year 2013, Number of persons, 93297
0- 4 years, Total, Total, Bucharest Municipality, Year 2014, Number of persons, 92218
0- 4 years, Total, Total, Bucharest Municipality, Year 2015, Number of persons, 92086
0- 4 years, Total, Total, Bucharest Municipality, Year 2016, Number of persons, 91255
0- 4 years, Total, Total, Bucharest Municipality, Year 2017, Number of persons, 93512
0- 4 years, Total, Total, Bucharest Municipality, Year 2018, Number of persons, 97607
0- 4 years, Total, Total, Bucharest Municipality, Year 2019, Number of persons, 103969
0- 4 years, Total, Total, Bucharest Municipality, Year 2020, Number of persons, 110646
0- 4 years, Total, Total, Bucharest Municipality, Year 2021, Number of persons, 115540
0- 4 years, Total, Total, Bucharest Municipality, Year 2022, Number of persons, 88021
0- 4 years, Total, Total, Bucharest Municipality, Year 2023, Number of persons, 89430
0- 4 years, Total, Total, Bucharest Municipality, Year 2024, Number of persons, 86949
0- 4 years, Total, Total, Dolj, Year 2013, Number of persons, 29658
0- 4 years, Total, Total, Dolj, Year 2014, Number of persons, 28989
0- 4 years, Total, Total, Dolj, Year 2015, Number of persons, 28931
0- 4 years, Total, Total, Dolj, Year 2016, Number of persons, 29019
0- 4 years, Total, Total, Dolj, Year 2017, Number of persons, 29592
0- 4 years, Total, Total, Dolj, Year 2018, Number of persons, 30499
0- 4 years, Total, Total, Dolj, Year 2019, Number of persons, 31259
0- 4 years, Total, Total, Dolj, Year 2020, Number of persons, 31696
0- 4 years, Total, Total, Dolj, Year 2021, Number of persons, 31836
0- 4 years, Total, Total, Dolj, Year 2022, Number of persons, 29869
0- 4 years, Total, Total, Dolj, Year 2023, Number of persons, 29752
0- 4 years, Total, Total, Dolj, Year 2024, Number of persons, 28418
0- 4 years, Total, Total, Gorj, Year 2013, Number of persons, 14634
0- 4 years, Total, Total, Gorj, Year 2014, Number of persons, 13944
0- 4 years, Total, Total, Gorj, Year 2015, Number of persons, 13386
0- 4 years, Total, Total, Gorj, Year 2016, Number of persons, 12939
0- 4 years, Total, Total, Gorj, Year 2017, Number of persons, 12768
0- 4 years, Total, Total, Gorj, Year 2018, Number of persons, 12647
0- 4 years, Total, Total, Gorj, Year 2019, Number of persons, 12549
0- 4 years, Total, Total, Gorj, Year 2020, Number of persons, 12373
0- 4 years, Total, Total, Gorj, Year 2021, Number of persons, 12230
0- 4 years, Total, Total, Gorj, Year 2022, Number of persons, 13175
0- 4 years, Total, Total, Gorj, Year 2023, Number of persons, 12595
0- 4 years, Total, Total, Gorj, Year 2024, Number of persons, 11801
0- 4 years, Total, Total, Mehedinti, Year 2013, Number of persons, 11874
0- 4 years, Total, Total, Mehedinti, Year 2014, Number of persons, 11319
0- 4 years, Total, Total, Mehedinti, Year 2015, Number of persons, 10912
0- 4 years, Total, Total, Mehedinti, Year 2016, Number of persons, 10446
0- 4 years, Total, Total, Mehedinti, Year 2017, Number of persons, 10231
0- 4 years, Total, Total, Mehedinti, Year 2018, Number of persons, 9754
0- 4 years, Total, Total, Mehedinti, Year 2019, Number of persons, 9572
0- 4 years, Total, Total, Mehedinti, Year 2020, Number of persons, 9171
0- 4 years, Total, Total, Mehedinti, Year 2021, Number of persons, 8899
0- 4 years, Total, Total, Mehedinti, Year 2022, Number of persons, 10015
0- 4 years, Total, Total, Mehedinti, Year 2023, Number of persons, 9296
0- 4 years, Total, Total, Mehedinti, Year 2024, Number of persons, 8473
0- 4 years, Total, Total, Olt, Year 2013, Number of persons, 17685
0- 4 years, Total, Total, Olt, Year 2014, Number of persons, 16806
0- 4 years, Total, Total, Olt, Year 2015, Number of persons, 16310
0- 4 years, Total, Total, Olt, Year 2016, Number of persons, 15885
0- 4 years, Total, Total, Olt, Year 2017, Number of persons, 16008
0- 4 years, Total, Total, Olt, Year 2018, Number of persons, 16257
0- 4 years, Total, Total, Olt, Year 2019, Number of persons, 16525
0- 4 years, Total, Total, Olt, Year 2020, Number of persons, 16623
0- 4 years, Total, Total, Olt, Year 2021, Number of persons, 16670
0- 4 years, Total, Total, Olt, Year 2022, Number of persons, 15847
0- 4 years, Total, Total, Olt, Year 2023, Number of persons, 15560
0- 4 years, Total, Total, Olt, Year 2024, Number of persons, 14848
0- 4 years, Total, Total, Valcea, Year 2013, Number of persons, 16088
0- 4 years, Total, Total, Valcea, Year 2014, Number of persons, 15639
0- 4 years, Total, Total, Valcea, Year 2015, Number of persons, 15106
0- 4 years, Total, Total, Valcea, Year 2016, Number of persons, 14464
0- 4 years, Total, Total, Valcea, Year 2017, Number of persons, 14335
0- 4 years, Total, Total, Valcea, Year 2018, Number of persons, 14204
0- 4 years, Total, Total, Valcea, Year 2019, Number of persons, 14088
0- 4 years, Total, Total, Valcea, Year 2020, Number of persons, 13988
0- 4 years, Total, Total, Valcea, Year 2021, Number of persons, 13978
0- 4 years, Total, Total, Valcea, Year 2022, Number of persons, 14452
0- 4 years, Total, Total, Valcea, Year 2023, Number of persons, 13873
0- 4 years, Total, Total, Valcea, Year 2024, Number of persons, 12774
0- 4 years, Total, Total, Arad, Year 2013, Number of persons, 20836
0- 4 years, Total, Total, Arad, Year 2014, Number of persons, 20026
0- 4 years, Total, Total, Arad, Year 2015, Number of persons, 19816
0- 4 years, Total, Total, Arad, Year 2016, Number of persons, 19598
0- 4 years, Total, Total, Arad, Year 2017, Number of persons, 19944
0- 4 years, Total, Total, Arad, Year 2018, Number of persons, 20319
0- 4 years, Total, Total, Arad, Year 2019, Number of persons, 20890
0- 4 years, Total, Total, Arad, Year 2020, Number of persons, 21213
0- 4 years, Total, Total, Arad, Year 2021, Number of persons, 21429
0- 4 years, Total, Total, Arad, Year 2022, Number of persons, 20995
0- 4 years, Total, Total, Arad, Year 2023, Number of persons, 20561
0- 4 years, Total, Total, Arad, Year 2024, Number of persons, 19675
0- 4 years, Total, Total, Caras-Severin, Year 2013, Number of persons, 12586
0- 4 years, Total, Total, Caras-Severin, Year 2014, Number of persons, 11892
0- 4 years, Total, Total, Caras-Severin, Year 2015, Number of persons, 11605
0- 4 years, Total, Total, Caras-Severin, Year 2016, Number of persons, 11334
0- 4 years, Total, Total, Caras-Severin, Year 2017, Number of persons, 11528
0- 4 years, Total, Total, Caras-Severin, Year 2018, Number of persons, 11643
0- 4 years, Total, Total, Caras-Severin, Year 2019, Number of persons, 11844
0- 4 years, Total, Total, Caras-Severin, Year 2020, Number of persons, 11851
0- 4 years, Total, Total, Caras-Severin, Year 2021, Number of persons, 11924
0- 4 years, Total, Total, Caras-Severin, Year 2022, Number of persons, 10450
0- 4 years, Total, Total, Caras-Severin, Year 2023, Number of persons, 10250
0- 4 years, Total, Total, Caras-Severin, Year 2024, Number of persons, 9667
0- 4 years, Total, Total, Hunedoara, Year 2013, Number of persons, 17179
0- 4 years, Total, Total, Hunedoara, Year 2014, Number of persons, 16317
0- 4 years, Total, Total, Hunedoara, Year 2015, Number of persons, 16112
0- 4 years, Total, Total, Hunedoara, Year 2016, Number of persons, 16334
0- 4 years, Total, Total, Hunedoara, Year 2017, Number of persons, 16999
0- 4 years, Total, Total, Hunedoara, Year 2018, Number of persons, 17537
0- 4 years, Total, Total, Hunedoara, Year 2019, Number of persons, 18035
0- 4 years, Total, Total, Hunedoara, Year 2020, Number of persons, 18028
0- 4 years, Total, Total, Hunedoara, Year 2021, Number of persons, 17785
0- 4 years, Total, Total, Hunedoara, Year 2022, Number of persons, 14436
0- 4 years, Total, Total, Hunedoara, Year 2023, Number of persons, 14496
0- 4 years, Total, Total, Hunedoara, Year 2024, Number of persons, 13749
0- 4 years, Total, Total, Timis, Year 2013, Number of persons, 33021
0- 4 years, Total, Total, Timis, Year 2014, Number of persons, 32509
0- 4 years, Total, Total, Timis, Year 2015, Number of persons, 32779
0- 4 years, Total, Total, Timis, Year 2016, Number of persons, 33285
0- 4 years, Total, Total, Timis, Year 2017, Number of persons, 34477
0- 4 years, Total, Total, Timis, Year 2018, Number of persons, 36214
0- 4 years, Total, Total, Timis, Year 2019, Number of persons, 37606
0- 4 years, Total, Total, Timis, Year 2020, Number of persons, 38497
0- 4 years, Total, Total, Timis, Year 2021, Number of persons, 38729
0- 4 years, Total, Total, Timis, Year 2022, Number of persons, 36084
0- 4 years, Total, Total, Timis, Year 2023, Number of persons, 36172
0- 4 years, Total, Total, Timis, Year 2024, Number of persons, 34546
5- 9 years, Total, Total, Bihor, Year 2013, Number of persons, 31402
5- 9 years, Total, Total, Bihor, Year 2014, Number of persons, 31504
5- 9 years, Total, Total, Bihor, Year 2015, Number of persons, 32067
5- 9 years, Total, Total, Bihor, Year 2016, Number of persons, 31696
5- 9 years, Total, Total, Bihor, Year 2017, Number of persons, 31013
5- 9 years, Total, Total, Bihor, Year 2018, Number of persons, 30271
5- 9 years, Total, Total, Bihor, Year 2019, Number of persons, 29485
5- 9 years, Total, Total, Bihor, Year 2020, Number of persons, 28809
5- 9 years, Total, Total, Bihor, Year 2021, Number of persons, 28439
5- 9 years, Total, Total, Bihor, Year 2022, Number of persons, 30239
5- 9 years, Total, Total, Bihor, Year 2023, Number of persons, 30717
5- 9 years, Total, Total, Bihor, Year 2024, Number of persons, 31029
5- 9 years, Total, Total, Bistrita-Nasaud, Year 2013, Number of persons, 17456
5- 9 years, Total, Total, Bistrita-Nasaud, Year 2014, Number of persons, 17186
5- 9 years, Total, Total, Bistrita-Nasaud, Year 2015, Number of persons, 17134
5- 9 years, Total, Total, Bistrita-Nasaud, Year 2016, Number of persons, 16984
5- 9 years, Total, Total, Bistrita-Nasaud, Year 2017, Number of persons, 16514
5- 9 years, Total, Total, Bistrita-Nasaud, Year 2018, Number of persons, 15982
5- 9 years, Total, Total, Bistrita-Nasaud, Year 2019, Number of persons, 15760
5- 9 years, Total, Total, Bistrita-Nasaud, Year 2020, Number of persons, 15723
5- 9 years, Total, Total, Bistrita-Nasaud, Year 2021, Number of persons, 15751
5- 9 years, Total, Total, Bistrita-Nasaud, Year 2022, Number of persons, 17622
5- 9 years, Total, Total, Bistrita-Nasaud, Year 2023, Number of persons, 17977
5- 9 years, Total, Total, Bistrita-Nasaud, Year 2024, Number of persons, 18080
5- 9 years, Total, Total, Cluj, Year 2013, Number of persons, 31117
5- 9 years, Total, Total, Cluj, Year 2014, Number of persons, 31755
5- 9 years, Total, Total, Cluj, Year 2015, Number of persons, 33112
5- 9 years, Total, Total, Cluj, Year 2016, Number of persons, 33524
5- 9 years, Total, Total, Cluj, Year 2017, Number of persons, 33279
5- 9 years, Total, Total, Cluj, Year 2018, Number of persons, 33164
5- 9 years, Total, Total, Cluj, Year 2019, Number of persons, 32808
5- 9 years, Total, Total, Cluj, Year 2020, Number of persons, 32639
5- 9 years, Total, Total, Cluj, Year 2021, Number of persons, 33004
5- 9 years, Total, Total, Cluj, Year 2022, Number of persons, 34755
5- 9 years, Total, Total, Cluj, Year 2023, Number of persons, 36120
5- 9 years, Total, Total, Cluj, Year 2024, Number of persons, 37236
5- 9 years, Total, Total, Maramures, Year 2013, Number of persons, 26954
5- 9 years, Total, Total, Maramures, Year 2014, Number of persons, 26848
5- 9 years, Total, Total, Maramures, Year 2015, Number of persons, 26580
5- 9 years, Total, Total, Maramures, Year 2016, Number of persons, 26102
5- 9 years, Total, Total, Maramures, Year 2017, Number of persons, 25119
5- 9 years, Total, Total, Maramures, Year 2018, Number of persons, 23718
5- 9 years, Total, Total, Maramures, Year 2019, Number of persons, 22479
5- 9 years, Total, Total, Maramures, Year 2020, Number of persons, 21820
5- 9 years, Total, Total, Maramures, Year 2021, Number of persons, 21778
5- 9 years, Total, Total, Maramures, Year 2022, Number of persons, 23926
5- 9 years, Total, Total, Maramures, Year 2023, Number of persons, 24288
5- 9 years, Total, Total, Maramures, Year 2024, Number of persons, 24640
5- 9 years, Total, Total, Satu Mare, Year 2013, Number of persons, 20279
5- 9 years, Total, Total, Satu Mare, Year 2014, Number of persons, 20373
5- 9 years, Total, Total, Satu Mare, Year 2015, Number of persons, 20401
5- 9 years, Total, Total, Satu Mare, Year 2016, Number of persons, 20078
5- 9 years, Total, Total, Satu Mare, Year 2017, Number of persons, 19637
5- 9 years, Total, Total, Satu Mare, Year 2018, Number of persons, 18530
5- 9 years, Total, Total, Satu Mare, Year 2019, Number of persons, 17510
5- 9 years, Total, Total, Satu Mare, Year 2020, Number of persons, 17064
5- 9 years, Total, Total, Satu Mare, Year 2021, Number of persons, 16788
5- 9 years, Total, Total, Satu Mare, Year 2022, Number of persons, 18877
5- 9 years, Total, Total, Satu Mare, Year 2023, Number of persons, 19150
5- 9 years, Total, Total, Satu Mare, Year 2024, Number of persons, 18871
5- 9 years, Total, Total, Salaj, Year 2013, Number of persons, 12265
5- 9 years, Total, Total, Salaj, Year 2014, Number of persons, 12338
5- 9 years, Total, Total, Salaj, Year 2015, Number of persons, 12211
5- 9 years, Total, Total, Salaj, Year 2016, Number of persons, 12096
5- 9 years, Total, Total, Salaj, Year 2017, Number of persons, 11804
5- 9 years, Total, Total, Salaj, Year 2018, Number of persons, 11655
5- 9 years, Total, Total, Salaj, Year 2019, Number of persons, 11409
5- 9 years, Total, Total, Salaj, Year 2020, Number of persons, 11413
5- 9 years, Total, Total, Salaj, Year 2021, Number of persons, 11400
5- 9 years, Total, Total, Salaj, Year 2022, Number of persons, 12146
5- 9 years, Total, Total, Salaj, Year 2023, Number of persons, 12260
5- 9 years, Total, Total, Salaj, Year 2024, Number of persons, 12187
5- 9 years, Total, Total, Alba, Year 2013, Number of persons, 17359
5- 9 years, Total, Total, Alba, Year 2014, Number of persons, 17338
5- 9 years, Total, Total, Alba, Year 2015, Number of persons, 17252
5- 9 years, Total, Total, Alba, Year 2016, Number of persons, 16829
5- 9 years, Total, Total, Alba, Year 2017, Number of persons, 16416
5- 9 years, Total, Total, Alba, Year 2018, Number of persons, 15974
5- 9 years, Total, Total, Alba, Year 2019, Number of persons, 15545
5- 9 years, Total, Total, Alba, Year 2020, Number of persons, 15140
5- 9 years, Total, Total, Alba, Year 2021, Number of persons, 15146
5- 9 years, Total, Total, Alba, Year 2022, Number of persons, 16126
5- 9 years, Total, Total, Alba, Year 2023, Number of persons, 16260
5- 9 years, Total, Total, Alba, Year 2024, Number of persons, 16188
5- 9 years, Total, Total, Brasov, Year 2013, Number of persons, 29201
5- 9 years, Total, Total, Brasov, Year 2014, Number of persons, 29772
5- 9 years, Total, Total, Brasov, Year 2015, Number of persons, 30644
5- 9 years, Total, Total, Brasov, Year 2016, Number of persons, 31105
5- 9 years, Total, Total, Brasov, Year 2017, Number of persons, 30887
5- 9 years, Total, Total, Brasov, Year 2018, Number of persons, 30349
5- 9 years, Total, Total, Brasov, Year 2019, Number of persons, 30099
5- 9 years, Total, Total, Brasov, Year 2020, Number of persons, 30053
5- 9 years, Total, Total, Brasov, Year 2021, Number of persons, 30298
5- 9 years, Total, Total, Brasov, Year 2022, Number of persons, 31739
5- 9 years, Total, Total, Brasov, Year 2023, Number of persons, 32699
5- 9 years, Total, Total, Brasov, Year 2024, Number of persons, 33355
5- 9 years, Total, Total, Covasna, Year 2013, Number of persons, 12603
5- 9 years, Total, Total, Covasna, Year 2014, Number of persons, 12707
5- 9 years, Total, Total, Covasna, Year 2015, Number of persons, 12510
5- 9 years, Total, Total, Covasna, Year 2016, Number of persons, 12179
5- 9 years, Total, Total, Covasna, Year 2017, Number of persons, 11744
5- 9 years, Total, Total, Covasna, Year 2018, Number of persons, 11566
5- 9 years, Total, Total, Covasna, Year 2019, Number of persons, 11414
5- 9 years, Total, Total, Covasna, Year 2020, Number of persons, 11193
5- 9 years, Total, Total, Covasna, Year 2021, Number of persons, 11020
5- 9 years, Total, Total, Covasna, Year 2022, Number of persons, 11405
5- 9 years, Total, Total, Covasna, Year 2023, Number of persons, 11453
5- 9 years, Total, Total, Covasna, Year 2024, Number of persons, 11327
5- 9 years, Total, Total, Harghita, Year 2013, Number of persons, 17896
5- 9 years, Total, Total, Harghita, Year 2014, Number of persons, 18098
5- 9 years, Total, Total, Harghita, Year 2015, Number of persons, 18095
5- 9 years, Total, Total, Harghita, Year 2016, Number of persons, 17831
5- 9 years, Total, Total, Harghita, Year 2017, Number of persons, 17230
5- 9 years, Total, Total, Harghita, Year 2018, Number of persons, 16883
5- 9 years, Total, Total, Harghita, Year 2019, Number of persons, 16375
5- 9 years, Total, Total, Harghita, Year 2020, Number of persons, 16186
5- 9 years, Total, Total, Harghita, Year 2021, Number of persons, 15907
5- 9 years, Total, Total, Harghita, Year 2022, Number of persons, 16269
5- 9 years, Total, Total, Harghita, Year 2023, Number of persons, 16518
5- 9 years, Total, Total, Harghita, Year 2024, Number of persons, 16526
5- 9 years, Total, Total, Mures, Year 2013, Number of persons, 31087
5- 9 years, Total, Total, Mures, Year 2014, Number of persons, 31271
5- 9 years, Total, Total, Mures, Year 2015, Number of persons, 31178
5- 9 years, Total, Total, Mures, Year 2016, Number of persons, 30679
5- 9 years, Total, Total, Mures, Year 2017, Number of persons, 30173
5- 9 years, Total, Total, Mures, Year 2018, Number of persons, 29448
5- 9 years, Total, Total, Mures, Year 2019, Number of persons, 28668
5- 9 years, Total, Total, Mures, Year 2020, Number of persons, 28375
5- 9 years, Total, Total, Mures, Year 2021, Number of persons, 28334
5- 9 years, Total, Total, Mures, Year 2022, Number of persons, 28733
5- 9 years, Total, Total, Mures, Year 2023, Number of persons, 29332
5- 9 years, Total, Total, Mures, Year 2024, Number of persons, 29449
5- 9 years, Total, Total, Sibiu, Year 2013, Number of persons, 22432
5- 9 years, Total, Total, Sibiu, Year 2014, Number of persons, 22683
5- 9 years, Total, Total, Sibiu, Year 2015, Number of persons, 23067
5- 9 years, Total, Total, Sibiu, Year 2016, Number of persons, 23004
5- 9 years, Total, Total, Sibiu, Year 2017, Number of persons, 22701
5- 9 years, Total, Total, Sibiu, Year 2018, Number of persons, 22308
5- 9 years, Total, Total, Sibiu, Year 2019, Number of persons, 21924
5- 9 years, Total, Total, Sibiu, Year 2020, Number of persons, 21579
5- 9 years, Total, Total, Sibiu, Year 2021, Number of persons, 21791
5- 9 years, Total, Total, Sibiu, Year 2022, Number of persons, 22539
5- 9 years, Total, Total, Sibiu, Year 2023, Number of persons, 23205
5- 9 years, Total, Total, Sibiu, Year 2024, Number of persons, 23571
5- 9 years, Total, Total, Bacau, Year 2013, Number of persons, 37053
5- 9 years, Total, Total, Bacau, Year 2014, Number of persons, 36620
5- 9 years, Total, Total, Bacau, Year 2015, Number of persons, 36177
5- 9 years, Total, Total, Bacau, Year 2016, Number of persons, 35550
5- 9 years, Total, Total, Bacau, Year 2017, Number of persons, 34185
5- 9 years, Total, Total, Bacau, Year 2018, Number of persons, 32743
5- 9 years, Total, Total, Bacau, Year 2019, Number of persons, 31982
5- 9 years, Total, Total, Bacau, Year 2020, Number of persons, 31929
5- 9 years, Total, Total, Bacau, Year 2021, Number of persons, 32278
5- 9 years, Total, Total, Bacau, Year 2022, Number of persons, 35633
5- 9 years, Total, Total, Bacau, Year 2023, Number of persons, 35526
5- 9 years, Total, Total, Bacau, Year 2024, Number of persons, 35049
5- 9 years, Total, Total, Botosani, Year 2013, Number of persons, 25853
5- 9 years, Total, Total, Botosani, Year 2014, Number of persons, 25258
5- 9 years, Total, Total, Botosani, Year 2015, Number of persons, 24602
5- 9 years, Total, Total, Botosani, Year 2016, Number of persons, 23567
5- 9 years, Total, Total, Botosani, Year 2017, Number of persons, 22375
5- 9 years, Total, Total, Botosani, Year 2018, Number of persons, 21355
5- 9 years, Total, Total, Botosani, Year 2019, Number of persons, 20192
5- 9 years, Total, Total, Botosani, Year 2020, Number of persons, 19554
5- 9 years, Total, Total, Botosani, Year 2021, Number of persons, 19447
5- 9 years, Total, Total, Botosani, Year 2022, Number of persons, 21676
5- 9 years, Total, Total, Botosani, Year 2023, Number of persons, 21621
5- 9 years, Total, Total, Botosani, Year 2024, Number of persons, 21607
5- 9 years, Total, Total, Iasi, Year 2013, Number of persons, 47706
5- 9 years, Total, Total, Iasi, Year 2014, Number of persons, 48150
5- 9 years, Total, Total, Iasi, Year 2015, Number of persons, 48990
5- 9 years, Total, Total, Iasi, Year 2016, Number of persons, 48796
5- 9 years, Total, Total, Iasi, Year 2017, Number of persons, 47636
5- 9 years, Total, Total, Iasi, Year 2018, Number of persons, 46124
5- 9 years, Total, Total, Iasi, Year 2019, Number of persons, 45531
5- 9 years, Total, Total, Iasi, Year 2020, Number of persons, 45832
5- 9 years, Total, Total, Iasi, Year 2021, Number of persons, 46912
5- 9 years, Total, Total, Iasi, Year 2022, Number of persons, 52536
5- 9 years, Total, Total, Iasi, Year 2023, Number of persons, 53788
5- 9 years, Total, Total, Iasi, Year 2024, Number of persons, 54398
5- 9 years, Total, Total, Neamt, Year 2013, Number of persons, 26589
5- 9 years, Total, Total, Neamt, Year 2014, Number of persons, 26312
5- 9 years, Total, Total, Neamt, Year 2015, Number of persons, 25873
5- 9 years, Total, Total, Neamt, Year 2016, Number of persons, 25374
5- 9 years, Total, Total, Neamt, Year 2017, Number of persons, 24154
5- 9 years, Total, Total, Neamt, Year 2018, Number of persons, 23298
5- 9 years, Total, Total, Neamt, Year 2019, Number of persons, 22801
5- 9 years, Total, Total, Neamt, Year 2020, Number of persons, 22704
5- 9 years, Total, Total, Neamt, Year 2021, Number of persons, 22779
5- 9 years, Total, Total, Neamt, Year 2022, Number of persons, 25370
5- 9 years, Total, Total, Neamt, Year 2023, Number of persons, 25120
5- 9 years, Total, Total, Neamt, Year 2024, Number of persons, 24710
5- 9 years, Total, Total, Suceava, Year 2013, Number of persons, 39661
5- 9 years, Total, Total, Suceava, Year 2014, Number of persons, 39475
5- 9 years, Total, Total, Suceava, Year 2015, Number of persons, 39236
5- 9 years, Total, Total, Suceava, Year 2016, Number of persons, 38841
5- 9 years, Total, Total, Suceava, Year 2017, Number of persons, 38127
5- 9 years, Total, Total, Suceava, Year 2018, Number of persons, 37195
5- 9 years, Total, Total, Suceava, Year 2019, Number of persons, 36646
5- 9 years, Total, Total, Suceava, Year 2020, Number of persons, 36786
5- 9 years, Total, Total, Suceava, Year 2021, Number of persons, 37236
5- 9 years, Total, Total, Suceava, Year 2022, Number of persons, 42529
5- 9 years, Total, Total, Suceava, Year 2023, Number of persons, 43115
5- 9 years, Total, Total, Suceava, Year 2024, Number of persons, 43390
5- 9 years, Total, Total, Vaslui, Year 2013, Number of persons, 25678
5- 9 years, Total, Total, Vaslui, Year 2014, Number of persons, 25315
5- 9 years, Total, Total, Vaslui, Year 2015, Number of persons, 25668
5- 9 years, Total, Total, Vaslui, Year 2016, Number of persons, 24894
5- 9 years, Total, Total, Vaslui, Year 2017, Number of persons, 23704
5- 9 years, Total, Total, Vaslui, Year 2018, Number of persons, 22591
5- 9 years, Total, Total, Vaslui, Year 2019, Number of persons, 21933
5- 9 years, Total, Total, Vaslui, Year 2020, Number of persons, 21476
5- 9 years, Total, Total, Vaslui, Year 2021, Number of persons, 22149
5- 9 years, Total, Total, Vaslui, Year 2022, Number of persons, 23713
5- 9 years, Total, Total, Vaslui, Year 2023, Number of persons, 23445
5- 9 years, Total, Total, Vaslui, Year 2024, Number of persons, 22865
5- 9 years, Total, Total, Braila, Year 2013, Number of persons, 16174
5- 9 years, Total, Total, Braila, Year 2014, Number of persons, 15911
5- 9 years, Total, Total, Braila, Year 2015, Number of persons, 15566
5- 9 years, Total, Total, Braila, Year 2016, Number of persons, 14955
5- 9 years, Total, Total, Braila, Year 2017, Number of persons, 14068
5- 9 years, Total, Total, Braila, Year 2018, Number of persons, 13287
5- 9 years, Total, Total, Braila, Year 2019, Number of persons, 12541
5- 9 years, Total, Total, Braila, Year 2020, Number of persons, 11882
5- 9 years, Total, Total, Braila, Year 2021, Number of persons, 11575
5- 9 years, Total, Total, Braila, Year 2022, Number of persons, 12219
5- 9 years, Total, Total, Braila, Year 2023, Number of persons, 12191
5- 9 years, Total, Total, Braila, Year 2024, Number of persons, 12250
5- 9 years, Total, Total, Buzau, Year 2013, Number of persons, 23488
5- 9 years, Total, Total, Buzau, Year 2014, Number of persons, 23520
5- 9 years, Total, Total, Buzau, Year 2015, Number of persons, 23333
5- 9 years, Total, Total, Buzau, Year 2016, Number of persons, 22921
5- 9 years, Total, Total, Buzau, Year 2017, Number of persons, 21918
5- 9 years, Total, Total, Buzau, Year 2018, Number of persons, 20932
5- 9 years, Total, Total, Buzau, Year 2019, Number of persons, 19802
5- 9 years, Total, Total, Buzau, Year 2020, Number of persons, 18929
5- 9 years, Total, Total, Buzau, Year 2021, Number of persons, 18173
5- 9 years, Total, Total, Buzau, Year 2022, Number of persons, 19300
5- 9 years, Total, Total, Buzau, Year 2023, Number of persons, 19209
5- 9 years, Total, Total, Buzau, Year 2024, Number of persons, 18986
5- 9 years, Total, Total, Constanta, Year 2013, Number of persons, 36366
5- 9 years, Total, Total, Constanta, Year 2014, Number of persons, 37332
5- 9 years, Total, Total, Constanta, Year 2015, Number of persons, 38020
5- 9 years, Total, Total, Constanta, Year 2016, Number of persons, 38518
5- 9 years, Total, Total, Constanta, Year 2017, Number of persons, 37865
5- 9 years, Total, Total, Constanta, Year 2018, Number of persons, 37256
5- 9 years, Total, Total, Constanta, Year 2019, Number of persons, 36149
5- 9 years, Total, Total, Constanta, Year 2020, Number of persons, 35574
5- 9 years, Total, Total, Constanta, Year 2021, Number of persons, 35221
5- 9 years, Total, Total, Constanta, Year 2022, Number of persons, 36799
5- 9 years, Total, Total, Constanta, Year 2023, Number of persons, 37266
5- 9 years, Total, Total, Constanta, Year 2024, Number of persons, 37306
5- 9 years, Total, Total, Galati, Year 2013, Number of persons, 28711
5- 9 years, Total, Total, Galati, Year 2014, Number of persons, 28283
5- 9 years, Total, Total, Galati, Year 2015, Number of persons, 28210
5- 9 years, Total, Total, Galati, Year 2016, Number of persons, 27742
5- 9 years, Total, Total, Galati, Year 2017, Number of persons, 26661
5- 9 years, Total, Total, Galati, Year 2018, Number of persons, 25546
5- 9 years, Total, Total, Galati, Year 2019, Number of persons, 24813
5- 9 years, Total, Total, Galati, Year 2020, Number of persons, 24469
5- 9 years, Total, Total, Galati, Year 2021, Number of persons, 24587
5- 9 years, Total, Total, Galati, Year 2022, Number of persons, 25471
5- 9 years, Total, Total, Galati, Year 2023, Number of persons, 26032
5- 9 years, Total, Total, Galati, Year 2024, Number of persons, 26383
5- 9 years, Total, Total, Tulcea, Year 2013, Number of persons, 11608
5- 9 years, Total, Total, Tulcea, Year 2014, Number of persons, 11595
5- 9 years, Total, Total, Tulcea, Year 2015, Number of persons, 11463
5- 9 years, Total, Total, Tulcea, Year 2016, Number of persons, 11187
5- 9 years, Total, Total, Tulcea, Year 2017, Number of persons, 10746
5- 9 years, Total, Total, Tulcea, Year 2018, Number of persons, 10167
5- 9 years, Total, Total, Tulcea, Year 2019, Number of persons, 9699
5- 9 years, Total, Total, Tulcea, Year 2020, Number of persons, 9455
5- 9 years, Total, Total, Tulcea, Year 2021, Number of persons, 9269
5- 9 years, Total, Total, Tulcea, Year 2022, Number of persons, 9759
5- 9 years, Total, Total, Tulcea, Year 2023, Number of persons, 9635
5- 9 years, Total, Total, Tulcea, Year 2024, Number of persons, 9451
5- 9 years, Total, Total, Vrancea, Year 2013, Number of persons, 19528
5- 9 years, Total, Total, Vrancea, Year 2014, Number of persons, 19480
5- 9 years, Total, Total, Vrancea, Year 2015, Number of persons, 19374
5- 9 years, Total, Total, Vrancea, Year 2016, Number of persons, 18914
5- 9 years, Total, Total, Vrancea, Year 2017, Number of persons, 18293
5- 9 years, Total, Total, Vrancea, Year 2018, Number of persons, 17544
5- 9 years, Total, Total, Vrancea, Year 2019, Number of persons, 16938
5- 9 years, Total, Total, Vrancea, Year 2020, Number of persons, 16616
5- 9 years, Total, Total, Vrancea, Year 2021, Number of persons, 16457
5- 9 years, Total, Total, Vrancea, Year 2022, Number of persons, 18720
5- 9 years, Total, Total, Vrancea, Year 2023, Number of persons, 18683
5- 9 years, Total, Total, Vrancea, Year 2024, Number of persons, 18532
5- 9 years, Total, Total, Arges, Year 2013, Number of persons, 29383
5- 9 years, Total, Total, Arges, Year 2014, Number of persons, 29256
5- 9 years, Total, Total, Arges, Year 2015, Number of persons, 29192
5- 9 years, Total, Total, Arges, Year 2016, Number of persons, 29082
5- 9 years, Total, Total, Arges, Year 2017, Number of persons, 28414
5- 9 years, Total, Total, Arges, Year 2018, Number of persons, 27751
5- 9 years, Total, Total, Arges, Year 2019, Number of persons, 26946
5- 9 years, Total, Total, Arges, Year 2020, Number of persons, 26062
5- 9 years, Total, Total, Arges, Year 2021, Number of persons, 25577
5- 9 years, Total, Total, Arges, Year 2022, Number of persons, 27341
5- 9 years, Total, Total, Arges, Year 2023, Number of persons, 27657
5- 9 years, Total, Total, Arges, Year 2024, Number of persons, 27969
5- 9 years, Total, Total, Calarasi, Year 2013, Number of persons, 17754
5- 9 years, Total, Total, Calarasi, Year 2014, Number of persons, 17735
5- 9 years, Total, Total, Calarasi, Year 2015, Number of persons, 17785
5- 9 years, Total, Total, Calarasi, Year 2016, Number of persons, 17340
5- 9 years, Total, Total, Calarasi, Year 2017, Number of persons, 16604
5- 9 years, Total, Total, Calarasi, Year 2018, Number of persons, 15902
5- 9 years, Total, Total, Calarasi, Year 2019, Number of persons, 14907
5- 9 years, Total, Total, Calarasi, Year 2020, Number of persons, 14157
5- 9 years, Total, Total, Calarasi, Year 2021, Number of persons, 13795
5- 9 years, Total, Total, Calarasi, Year 2022, Number of persons, 15292
5- 9 years, Total, Total, Calarasi, Year 2023, Number of persons, 15229
5- 9 years, Total, Total, Calarasi, Year 2024, Number of persons, 15368
5- 9 years, Total, Total, Dambovita, Year 2013, Number of persons, 27674
5- 9 years, Total, Total, Dambovita, Year 2014, Number of persons, 27555
5- 9 years, Total, Total, Dambovita, Year 2015, Number of persons, 27333
5- 9 years, Total, Total, Dambovita, Year 2016, Number of persons, 27163
5- 9 years, Total, Total, Dambovita, Year 2017, Number of persons, 26290
5- 9 years, Total, Total, Dambovita, Year 2018, Number of persons, 25156
5- 9 years, Total, Total, Dambovita, Year 2019, Number of persons, 23768
5- 9 years, Total, Total, Dambovita, Year 2020, Number of persons, 22440
5- 9 years, Total, Total, Dambovita, Year 2021, Number of persons, 21332
5- 9 years, Total, Total, Dambovita, Year 2022, Number of persons, 24127
5- 9 years, Total, Total, Dambovita, Year 2023, Number of persons, 24397
5- 9 years, Total, Total, Dambovita, Year 2024, Number of persons, 24469
5- 9 years, Total, Total, Giurgiu, Year 2013, Number of persons, 14340
5- 9 years, Total, Total, Giurgiu, Year 2014, Number of persons, 14302
5- 9 years, Total, Total, Giurgiu, Year 2015, Number of persons, 14434
5- 9 years, Total, Total, Giurgiu, Year 2016, Number of persons, 14497
5- 9 years, Total, Total, Giurgiu, Year 2017, Number of persons, 14204
5- 9 years, Total, Total, Giurgiu, Year 2018, Number of persons, 13825
5- 9 years, Total, Total, Giurgiu, Year 2019, Number of persons, 13193
5- 9 years, Total, Total, Giurgiu, Year 2020, Number of persons, 12366
5- 9 years, Total, Total, Giurgiu, Year 2021, Number of persons, 11965
5- 9 years, Total, Total, Giurgiu, Year 2022, Number of persons, 13087
5- 9 years, Total, Total, Giurgiu, Year 2023, Number of persons, 13138
5- 9 years, Total, Total, Giurgiu, Year 2024, Number of persons, 13202
5- 9 years, Total, Total, Ialomita, Year 2013, Number of persons, 15888
5- 9 years, Total, Total, Ialomita, Year 2014, Number of persons, 16064
5- 9 years, Total, Total, Ialomita, Year 2015, Number of persons, 16314
5- 9 years, Total, Total, Ialomita, Year 2016, Number of persons, 16202
5- 9 years, Total, Total, Ialomita, Year 2017, Number of persons, 15716
5- 9 years, Total, Total, Ialomita, Year 2018, Number of persons, 15082
5- 9 years, Total, Total, Ialomita, Year 2019, Number of persons, 14410
5- 9 years, Total, Total, Ialomita, Year 2020, Number of persons, 13960
5- 9 years, Total, Total, Ialomita, Year 2021, Number of persons, 13695
5- 9 years, Total, Total, Ialomita, Year 2022, Number of persons, 14478
5- 9 years, Total, Total, Ialomita, Year 2023, Number of persons, 14571
5- 9 years, Total, Total, Ialomita, Year 2024, Number of persons, 14694
5- 9 years, Total, Total, Prahova, Year 2013, Number of persons, 38689
5- 9 years, Total, Total, Prahova, Year 2014, Number of persons, 38785
5- 9 years, Total, Total, Prahova, Year 2015, Number of persons, 38711
5- 9 years, Total, Total, Prahova, Year 2016, Number of persons, 37587
5- 9 years, Total, Total, Prahova, Year 2017, Number of persons, 35960
5- 9 years, Total, Total, Prahova, Year 2018, Number of persons, 34524
5- 9 years, Total, Total, Prahova, Year 2019, Number of persons, 33101
5- 9 years, Total, Total, Prahova, Year 2020, Number of persons, 31853
5- 9 years, Total, Total, Prahova, Year 2021, Number of persons, 31547
5- 9 years, Total, Total, Prahova, Year 2022, Number of persons, 32847
5- 9 years, Total, Total, Prahova, Year 2023, Number of persons, 33137
5- 9 years, Total, Total, Prahova, Year 2024, Number of persons, 33378
5- 9 years, Total, Total, Teleorman, Year 2013, Number of persons, 17338
5- 9 years, Total, Total, Teleorman, Year 2014, Number of persons, 17130
5- 9 years, Total, Total, Teleorman, Year 2015, Number of persons, 17114
5- 9 years, Total, Total, Teleorman, Year 2016, Number of persons, 16646
5- 9 years, Total, Total, Teleorman, Year 2017, Number of persons, 15759
5- 9 years, Total, Total, Teleorman, Year 2018, Number of persons, 14862
5- 9 years, Total, Total, Teleorman, Year 2019, Number of persons, 14059
5- 9 years, Total, Total, Teleorman, Year 2020, Number of persons, 13439
5- 9 years, Total, Total, Teleorman, Year 2021, Number of persons, 13035
5- 9 years, Total, Total, Teleorman, Year 2022, Number of persons, 14108
5- 9 years, Total, Total, Teleorman, Year 2023, Number of persons, 14119
5- 9 years, Total, Total, Teleorman, Year 2024, Number of persons, 14114
5- 9 years, Total, Total, Ilfov, Year 2013, Number of persons, 23019
5- 9 years, Total, Total, Ilfov, Year 2014, Number of persons, 24831
5- 9 years, Total, Total, Ilfov, Year 2015, Number of persons, 26771
5- 9 years, Total, Total, Ilfov, Year 2016, Number of persons, 28303
5- 9 years, Total, Total, Ilfov, Year 2017, Number of persons, 29161
5- 9 years, Total, Total, Ilfov, Year 2018, Number of persons, 28856
5- 9 years, Total, Total, Ilfov, Year 2019, Number of persons, 28159
5- 9 years, Total, Total, Ilfov, Year 2020, Number of persons, 26176
5- 9 years, Total, Total, Ilfov, Year 2021, Number of persons, 25822
5- 9 years, Total, Total, Ilfov, Year 2022, Number of persons, 33730
5- 9 years, Total, Total, Ilfov, Year 2023, Number of persons, 35769
5- 9 years, Total, Total, Ilfov, Year 2024, Number of persons, 37440
5- 9 years, Total, Total, Bucharest Municipality, Year 2013, Number of persons, 79230
5- 9 years, Total, Total, Bucharest Municipality, Year 2014, Number of persons, 82716
5- 9 years, Total, Total, Bucharest Municipality, Year 2015, Number of persons, 86554
5- 9 years, Total, Total, Bucharest Municipality, Year 2016, Number of persons, 89646
5- 9 years, Total, Total, Bucharest Municipality, Year 2017, Number of persons, 89445
5- 9 years, Total, Total, Bucharest Municipality, Year 2018, Number of persons, 89644
5- 9 years, Total, Total, Bucharest Municipality, Year 2019, Number of persons, 89290
5- 9 years, Total, Total, Bucharest Municipality, Year 2020, Number of persons, 90384
5- 9 years, Total, Total, Bucharest Municipality, Year 2021, Number of persons, 90104
5- 9 years, Total, Total, Bucharest Municipality, Year 2022, Number of persons, 88115
5- 9 years, Total, Total, Bucharest Municipality, Year 2023, Number of persons, 89642
5- 9 years, Total, Total, Bucharest Municipality, Year 2024, Number of persons, 90671
5- 9 years, Total, Total, Dolj, Year 2013, Number of persons, 30781
5- 9 years, Total, Total, Dolj, Year 2014, Number of persons, 30705
5- 9 years, Total, Total, Dolj, Year 2015, Number of persons, 30905
5- 9 years, Total, Total, Dolj, Year 2016, Number of persons, 30812
5- 9 years, Total, Total, Dolj, Year 2017, Number of persons, 30439
5- 9 years, Total, Total, Dolj, Year 2018, Number of persons, 29886
5- 9 years, Total, Total, Dolj, Year 2019, Number of persons, 29320
5- 9 years, Total, Total, Dolj, Year 2020, Number of persons, 28998
5- 9 years, Total, Total, Dolj, Year 2021, Number of persons, 29089
5- 9 years, Total, Total, Dolj, Year 2022, Number of persons, 31271
5- 9 years, Total, Total, Dolj, Year 2023, Number of persons, 31823
5- 9 years, Total, Total, Dolj, Year 2024, Number of persons, 32049
5- 9 years, Total, Total, Gorj, Year 2013, Number of persons, 17392
5- 9 years, Total, Total, Gorj, Year 2014, Number of persons, 16811
5- 9 years, Total, Total, Gorj, Year 2015, Number of persons, 16337
5- 9 years, Total, Total, Gorj, Year 2016, Number of persons, 15739
5- 9 years, Total, Total, Gorj, Year 2017, Number of persons, 15089
5- 9 years, Total, Total, Gorj, Year 2018, Number of persons, 14491
5- 9 years, Total, Total, Gorj, Year 2019, Number of persons, 13765
5- 9 years, Total, Total, Gorj, Year 2020, Number of persons, 13103
5- 9 years, Total, Total, Gorj, Year 2021, Number of persons, 12653
5- 9 years, Total, Total, Gorj, Year 2022, Number of persons, 14017
5- 9 years, Total, Total, Gorj, Year 2023, Number of persons, 14123
5- 9 years, Total, Total, Gorj, Year 2024, Number of persons, 14165
5- 9 years, Total, Total, Mehedinti, Year 2013, Number of persons, 13171
5- 9 years, Total, Total, Mehedinti, Year 2014, Number of persons, 12946
5- 9 years, Total, Total, Mehedinti, Year 2015, Number of persons, 12727
5- 9 years, Total, Total, Mehedinti, Year 2016, Number of persons, 12372
5- 9 years, Total, Total, Mehedinti, Year 2017, Number of persons, 11929
5- 9 years, Total, Total, Mehedinti, Year 2018, Number of persons, 11592
5- 9 years, Total, Total, Mehedinti, Year 2019, Number of persons, 11037
5- 9 years, Total, Total, Mehedinti, Year 2020, Number of persons, 10512
5- 9 years, Total, Total, Mehedinti, Year 2021, Number of persons, 10100
5- 9 years, Total, Total, Mehedinti, Year 2022, Number of persons, 11309
5- 9 years, Total, Total, Mehedinti, Year 2023, Number of persons, 11163
5- 9 years, Total, Total, Mehedinti, Year 2024, Number of persons, 11141
5- 9 years, Total, Total, Olt, Year 2013, Number of persons, 20772
5- 9 years, Total, Total, Olt, Year 2014, Number of persons, 20372
5- 9 years, Total, Total, Olt, Year 2015, Number of persons, 19999
5- 9 years, Total, Total, Olt, Year 2016, Number of persons, 19390
5- 9 years, Total, Total, Olt, Year 2017, Number of persons, 18419
5- 9 years, Total, Total, Olt, Year 2018, Number of persons, 17451
5- 9 years, Total, Total, Olt, Year 2019, Number of persons, 16513
5- 9 years, Total, Total, Olt, Year 2020, Number of persons, 15883
5- 9 years, Total, Total, Olt, Year 2021, Number of persons, 15505
5- 9 years, Total, Total, Olt, Year 2022, Number of persons, 16713
5- 9 years, Total, Total, Olt, Year 2023, Number of persons, 16868
5- 9 years, Total, Total, Olt, Year 2024, Number of persons, 16887
5- 9 years, Total, Total, Valcea, Year 2013, Number of persons, 17966
5- 9 years, Total, Total, Valcea, Year 2014, Number of persons, 17740
5- 9 years, Total, Total, Valcea, Year 2015, Number of persons, 17552
5- 9 years, Total, Total, Valcea, Year 2016, Number of persons, 17128
5- 9 years, Total, Total, Valcea, Year 2017, Number of persons, 16342
5- 9 years, Total, Total, Valcea, Year 2018, Number of persons, 15819
5- 9 years, Total, Total, Valcea, Year 2019, Number of persons, 15346
5- 9 years, Total, Total, Valcea, Year 2020, Number of persons, 14754
5- 9 years, Total, Total, Valcea, Year 2021, Number of persons, 14120
5- 9 years, Total, Total, Valcea, Year 2022, Number of persons, 15665
5- 9 years, Total, Total, Valcea, Year 2023, Number of persons, 15744
5- 9 years, Total, Total, Valcea, Year 2024, Number of persons, 15766
5- 9 years, Total, Total, Arad, Year 2013, Number of persons, 21880
5- 9 years, Total, Total, Arad, Year 2014, Number of persons, 22047
5- 9 years, Total, Total, Arad, Year 2015, Number of persons, 22244
5- 9 years, Total, Total, Arad, Year 2016, Number of persons, 22066
5- 9 years, Total, Total, Arad, Year 2017, Number of persons, 21568
5- 9 years, Total, Total, Arad, Year 2018, Number of persons, 21018
5- 9 years, Total, Total, Arad, Year 2019, Number of persons, 20268
5- 9 years, Total, Total, Arad, Year 2020, Number of persons, 19830
5- 9 years, Total, Total, Arad, Year 2021, Number of persons, 19619
5- 9 years, Total, Total, Arad, Year 2022, Number of persons, 21330
5- 9 years, Total, Total, Arad, Year 2023, Number of persons, 21742
5- 9 years, Total, Total, Arad, Year 2024, Number of persons, 22113
5- 9 years, Total, Total, Caras-Severin, Year 2013, Number of persons, 15106
5- 9 years, Total, Total, Caras-Severin, Year 2014, Number of persons, 14728
5- 9 years, Total, Total, Caras-Severin, Year 2015, Number of persons, 14313
5- 9 years, Total, Total, Caras-Severin, Year 2016, Number of persons, 13905
5- 9 years, Total, Total, Caras-Severin, Year 2017, Number of persons, 13188
5- 9 years, Total, Total, Caras-Severin, Year 2018, Number of persons, 12525
5- 9 years, Total, Total, Caras-Severin, Year 2019, Number of persons, 11851
5- 9 years, Total, Total, Caras-Severin, Year 2020, Number of persons, 11414
5- 9 years, Total, Total, Caras-Severin, Year 2021, Number of persons, 11149
5- 9 years, Total, Total, Caras-Severin, Year 2022, Number of persons, 11320
5- 9 years, Total, Total, Caras-Severin, Year 2023, Number of persons, 11516
5- 9 years, Total, Total, Caras-Severin, Year 2024, Number of persons, 11525
5- 9 years, Total, Total, Hunedoara, Year 2013, Number of persons, 19601
5- 9 years, Total, Total, Hunedoara, Year 2014, Number of persons, 19624
5- 9 years, Total, Total, Hunedoara, Year 2015, Number of persons, 19338
5- 9 years, Total, Total, Hunedoara, Year 2016, Number of persons, 18830
5- 9 years, Total, Total, Hunedoara, Year 2017, Number of persons, 17909
5- 9 years, Total, Total, Hunedoara, Year 2018, Number of persons, 17118
5- 9 years, Total, Total, Hunedoara, Year 2019, Number of persons, 16293
5- 9 years, Total, Total, Hunedoara, Year 2020, Number of persons, 16084
5- 9 years, Total, Total, Hunedoara, Year 2021, Number of persons, 16395
5- 9 years, Total, Total, Hunedoara, Year 2022, Number of persons, 15724
5- 9 years, Total, Total, Hunedoara, Year 2023, Number of persons, 15864
5- 9 years, Total, Total, Hunedoara, Year 2024, Number of persons, 15976
5- 9 years, Total, Total, Timis, Year 2013, Number of persons, 31119
5- 9 years, Total, Total, Timis, Year 2014, Number of persons, 32346
5- 9 years, Total, Total, Timis, Year 2015, Number of persons, 33497
5- 9 years, Total, Total, Timis, Year 2016, Number of persons, 34328
5- 9 years, Total, Total, Timis, Year 2017, Number of persons, 34510
5- 9 years, Total, Total, Timis, Year 2018, Number of persons, 34104
5- 9 years, Total, Total, Timis, Year 2019, Number of persons, 33839
5- 9 years, Total, Total, Timis, Year 2020, Number of persons, 33856
5- 9 years, Total, Total, Timis, Year 2021, Number of persons, 34314
5- 9 years, Total, Total, Timis, Year 2022, Number of persons, 34950
5- 9 years, Total, Total, Timis, Year 2023, Number of persons, 36329
5- 9 years, Total, Total, Timis, Year 2024, Number of persons, 37408
10-14 years, Total, Total, Bihor, Year 2013, Number of persons, 31725
10-14 years, Total, Total, Bihor, Year 2014, Number of persons, 31419
10-14 years, Total, Total, Bihor, Year 2015, Number of persons, 30898
10-14 years, Total, Total, Bihor, Year 2016, Number of persons, 31009
10-14 years, Total, Total, Bihor, Year 2017, Number of persons, 31198
10-14 years, Total, Total, Bihor, Year 2018, Number of persons, 31402
10-14 years, Total, Total, Bihor, Year 2019, Number of persons, 31442
10-14 years, Total, Total, Bihor, Year 2020, Number of persons, 31992
10-14 years, Total, Total, Bihor, Year 2021, Number of persons, 31649
10-14 years, Total, Total, Bihor, Year 2022, Number of persons, 32175
10-14 years, Total, Total, Bihor, Year 2023, Number of persons, 32124
10-14 years, Total, Total, Bihor, Year 2024, Number of persons, 31762
10-14 years, Total, Total, Bistrita-Nasaud, Year 2013, Number of persons, 17883
10-14 years, Total, Total, Bistrita-Nasaud, Year 2014, Number of persons, 17949
10-14 years, Total, Total, Bistrita-Nasaud, Year 2015, Number of persons, 17722
10-14 years, Total, Total, Bistrita-Nasaud, Year 2016, Number of persons, 17633
10-14 years, Total, Total, Bistrita-Nasaud, Year 2017, Number of persons, 17375
10-14 years, Total, Total, Bistrita-Nasaud, Year 2018, Number of persons, 17326
10-14 years, Total, Total, Bistrita-Nasaud, Year 2019, Number of persons, 17028
10-14 years, Total, Total, Bistrita-Nasaud, Year 2020, Number of persons, 17035
10-14 years, Total, Total, Bistrita-Nasaud, Year 2021, Number of persons, 16882
10-14 years, Total, Total, Bistrita-Nasaud, Year 2022, Number of persons, 18263
10-14 years, Total, Total, Bistrita-Nasaud, Year 2023, Number of persons, 18208
10-14 years, Total, Total, Bistrita-Nasaud, Year 2024, Number of persons, 18087
10-14 years, Total, Total, Cluj, Year 2013, Number of persons, 29357
10-14 years, Total, Total, Cluj, Year 2014, Number of persons, 29315
10-14 years, Total, Total, Cluj, Year 2015, Number of persons, 29502
10-14 years, Total, Total, Cluj, Year 2016, Number of persons, 30046
10-14 years, Total, Total, Cluj, Year 2017, Number of persons, 30662
10-14 years, Total, Total, Cluj, Year 2018, Number of persons, 31493
10-14 years, Total, Total, Cluj, Year 2019, Number of persons, 32129
10-14 years, Total, Total, Cluj, Year 2020, Number of persons, 33323
10-14 years, Total, Total, Cluj, Year 2021, Number of persons, 33811
10-14 years, Total, Total, Cluj, Year 2022, Number of persons, 34442
10-14 years, Total, Total, Cluj, Year 2023, Number of persons, 34880
10-14 years, Total, Total, Cluj, Year 2024, Number of persons, 34671
10-14 years, Total, Total, Maramures, Year 2013, Number of persons, 27988
10-14 years, Total, Total, Maramures, Year 2014, Number of persons, 27549
10-14 years, Total, Total, Maramures, Year 2015, Number of persons, 27258
10-14 years, Total, Total, Maramures, Year 2016, Number of persons, 27052
10-14 years, Total, Total, Maramures, Year 2017, Number of persons, 26873
10-14 years, Total, Total, Maramures, Year 2018, Number of persons, 26691
10-14 years, Total, Total, Maramures, Year 2019, Number of persons, 26483
10-14 years, Total, Total, Maramures, Year 2020, Number of persons, 26300
10-14 years, Total, Total, Maramures, Year 2021, Number of persons, 25852
10-14 years, Total, Total, Maramures, Year 2022, Number of persons, 26084
10-14 years, Total, Total, Maramures, Year 2023, Number of persons, 25814
10-14 years, Total, Total, Maramures, Year 2024, Number of persons, 24983
10-14 years, Total, Total, Satu Mare, Year 2013, Number of persons, 20024
10-14 years, Total, Total, Satu Mare, Year 2014, Number of persons, 20055
10-14 years, Total, Total, Satu Mare, Year 2015, Number of persons, 20299
10-14 years, Total, Total, Satu Mare, Year 2016, Number of persons, 20355
10-14 years, Total, Total, Satu Mare, Year 2017, Number of persons, 20374
10-14 years, Total, Total, Satu Mare, Year 2018, Number of persons, 20278
10-14 years, Total, Total, Satu Mare, Year 2019, Number of persons, 20302
10-14 years, Total, Total, Satu Mare, Year 2020, Number of persons, 20314
10-14 years, Total, Total, Satu Mare, Year 2021, Number of persons, 20000
10-14 years, Total, Total, Satu Mare, Year 2022, Number of persons, 20343
10-14 years, Total, Total, Satu Mare, Year 2023, Number of persons, 20222
10-14 years, Total, Total, Satu Mare, Year 2024, Number of persons, 19920
10-14 years, Total, Total, Salaj, Year 2013, Number of persons, 13398
10-14 years, Total, Total, Salaj, Year 2014, Number of persons, 13106
10-14 years, Total, Total, Salaj, Year 2015, Number of persons, 12753
10-14 years, Total, Total, Salaj, Year 2016, Number of persons, 12445
10-14 years, Total, Total, Salaj, Year 2017, Number of persons, 12309
10-14 years, Total, Total, Salaj, Year 2018, Number of persons, 12044
10-14 years, Total, Total, Salaj, Year 2019, Number of persons, 12085
10-14 years, Total, Total, Salaj, Year 2020, Number of persons, 11990
10-14 years, Total, Total, Salaj, Year 2021, Number of persons, 11904
10-14 years, Total, Total, Salaj, Year 2022, Number of persons, 12212
10-14 years, Total, Total, Salaj, Year 2023, Number of persons, 12308
10-14 years, Total, Total, Salaj, Year 2024, Number of persons, 12132
10-14 years, Total, Total, Alba, Year 2013, Number of persons, 18237
10-14 years, Total, Total, Alba, Year 2014, Number of persons, 17821
10-14 years, Total, Total, Alba, Year 2015, Number of persons, 17529
10-14 years, Total, Total, Alba, Year 2016, Number of persons, 17410
10-14 years, Total, Total, Alba, Year 2017, Number of persons, 17258
10-14 years, Total, Total, Alba, Year 2018, Number of persons, 17316
10-14 years, Total, Total, Alba, Year 2019, Number of persons, 17233
10-14 years, Total, Total, Alba, Year 2020, Number of persons, 17121
10-14 years, Total, Total, Alba, Year 2021, Number of persons, 16747
10-14 years, Total, Total, Alba, Year 2022, Number of persons, 17516
10-14 years, Total, Total, Alba, Year 2023, Number of persons, 17411
10-14 years, Total, Total, Alba, Year 2024, Number of persons, 16972
10-14 years, Total, Total, Brasov, Year 2013, Number of persons, 26460
10-14 years, Total, Total, Brasov, Year 2014, Number of persons, 26787
10-14 years, Total, Total, Brasov, Year 2015, Number of persons, 27169
10-14 years, Total, Total, Brasov, Year 2016, Number of persons, 27665
10-14 years, Total, Total, Brasov, Year 2017, Number of persons, 28438
10-14 years, Total, Total, Brasov, Year 2018, Number of persons, 29198
10-14 years, Total, Total, Brasov, Year 2019, Number of persons, 29874
10-14 years, Total, Total, Brasov, Year 2020, Number of persons, 30780
10-14 years, Total, Total, Brasov, Year 2021, Number of persons, 31335
10-14 years, Total, Total, Brasov, Year 2022, Number of persons, 32338
10-14 years, Total, Total, Brasov, Year 2023, Number of persons, 32672
10-14 years, Total, Total, Brasov, Year 2024, Number of persons, 32409
10-14 years, Total, Total, Covasna, Year 2013, Number of persons, 12183
10-14 years, Total, Total, Covasna, Year 2014, Number of persons, 12114
10-14 years, Total, Total, Covasna, Year 2015, Number of persons, 12167
10-14 years, Total, Total, Covasna, Year 2016, Number of persons, 12276
10-14 years, Total, Total, Covasna, Year 2017, Number of persons, 12324
10-14 years, Total, Total, Covasna, Year 2018, Number of persons, 12326
10-14 years, Total, Total, Covasna, Year 2019, Number of persons, 12436
10-14 years, Total, Total, Covasna, Year 2020, Number of persons, 12350
10-14 years, Total, Total, Covasna, Year 2021, Number of persons, 12023
10-14 years, Total, Total, Covasna, Year 2022, Number of persons, 11891
10-14 years, Total, Total, Covasna, Year 2023, Number of persons, 11849
10-14 years, Total, Total, Covasna, Year 2024, Number of persons, 11826
10-14 years, Total, Total, Harghita, Year 2013, Number of persons, 17577
10-14 years, Total, Total, Harghita, Year 2014, Number of persons, 17301
10-14 years, Total, Total, Harghita, Year 2015, Number of persons, 17201
10-14 years, Total, Total, Harghita, Year 2016, Number of persons, 17231
10-14 years, Total, Total, Harghita, Year 2017, Number of persons, 17517
10-14 years, Total, Total, Harghita, Year 2018, Number of persons, 17715
10-14 years, Total, Total, Harghita, Year 2019, Number of persons, 17858
10-14 years, Total, Total, Harghita, Year 2020, Number of persons, 17971
10-14 years, Total, Total, Harghita, Year 2021, Number of persons, 17709
10-14 years, Total, Total, Harghita, Year 2022, Number of persons, 17308
10-14 years, Total, Total, Harghita, Year 2023, Number of persons, 17118
10-14 years, Total, Total, Harghita, Year 2024, Number of persons, 16890
10-14 years, Total, Total, Mures, Year 2013, Number of persons, 30982
10-14 years, Total, Total, Mures, Year 2014, Number of persons, 30934
10-14 years, Total, Total, Mures, Year 2015, Number of persons, 31016
10-14 years, Total, Total, Mures, Year 2016, Number of persons, 30881
10-14 years, Total, Total, Mures, Year 2017, Number of persons, 30990
10-14 years, Total, Total, Mures, Year 2018, Number of persons, 31000
10-14 years, Total, Total, Mures, Year 2019, Number of persons, 31033
10-14 years, Total, Total, Mures, Year 2020, Number of persons, 30944
10-14 years, Total, Total, Mures, Year 2021, Number of persons, 30443
10-14 years, Total, Total, Mures, Year 2022, Number of persons, 30541
10-14 years, Total, Total, Mures, Year 2023, Number of persons, 30256
10-14 years, Total, Total, Mures, Year 2024, Number of persons, 29581
10-14 years, Total, Total, Sibiu, Year 2013, Number of persons, 21780
10-14 years, Total, Total, Sibiu, Year 2014, Number of persons, 21677
10-14 years, Total, Total, Sibiu, Year 2015, Number of persons, 21715
10-14 years, Total, Total, Sibiu, Year 2016, Number of persons, 21910
10-14 years, Total, Total, Sibiu, Year 2017, Number of persons, 22034
10-14 years, Total, Total, Sibiu, Year 2018, Number of persons, 22369
10-14 years, Total, Total, Sibiu, Year 2019, Number of persons, 22669
10-14 years, Total, Total, Sibiu, Year 2020, Number of persons, 23172
10-14 years, Total, Total, Sibiu, Year 2021, Number of persons, 23091
10-14 years, Total, Total, Sibiu, Year 2022, Number of persons, 22892
10-14 years, Total, Total, Sibiu, Year 2023, Number of persons, 22944
10-14 years, Total, Total, Sibiu, Year 2024, Number of persons, 22692
10-14 years, Total, Total, Bacau, Year 2013, Number of persons, 39084
10-14 years, Total, Total, Bacau, Year 2014, Number of persons, 38456
10-14 years, Total, Total, Bacau, Year 2015, Number of persons, 37916
10-14 years, Total, Total, Bacau, Year 2016, Number of persons, 37366
10-14 years, Total, Total, Bacau, Year 2017, Number of persons, 37174
10-14 years, Total, Total, Bacau, Year 2018, Number of persons, 36929
10-14 years, Total, Total, Bacau, Year 2019, Number of persons, 36442
10-14 years, Total, Total, Bacau, Year 2020, Number of persons, 35929
10-14 years, Total, Total, Bacau, Year 2021, Number of persons, 35300
10-14 years, Total, Total, Bacau, Year 2022, Number of persons, 38859
10-14 years, Total, Total, Bacau, Year 2023, Number of persons, 38253
10-14 years, Total, Total, Bacau, Year 2024, Number of persons, 37426
10-14 years, Total, Total, Botosani, Year 2013, Number of persons, 28622
10-14 years, Total, Total, Botosani, Year 2014, Number of persons, 28369
10-14 years, Total, Total, Botosani, Year 2015, Number of persons, 27645
10-14 years, Total, Total, Botosani, Year 2016, Number of persons, 27015
10-14 years, Total, Total, Botosani, Year 2017, Number of persons, 26325
10-14 years, Total, Total, Botosani, Year 2018, Number of persons, 25454
10-14 years, Total, Total, Botosani, Year 2019, Number of persons, 24770
10-14 years, Total, Total, Botosani, Year 2020, Number of persons, 24346
10-14 years, Total, Total, Botosani, Year 2021, Number of persons, 23451
10-14 years, Total, Total, Botosani, Year 2022, Number of persons, 24196
10-14 years, Total, Total, Botosani, Year 2023, Number of persons, 24001
10-14 years, Total, Total, Botosani, Year 2024, Number of persons, 23312
10-14 years, Total, Total, Iasi, Year 2013, Number of persons, 50211
10-14 years, Total, Total, Iasi, Year 2014, Number of persons, 49627
10-14 years, Total, Total, Iasi, Year 2015, Number of persons, 49164
10-14 years, Total, Total, Iasi, Year 2016, Number of persons, 48778
10-14 years, Total, Total, Iasi, Year 2017, Number of persons, 48359
10-14 years, Total, Total, Iasi, Year 2018, Number of persons, 48420
10-14 years, Total, Total, Iasi, Year 2019, Number of persons, 48817
10-14 years, Total, Total, Iasi, Year 2020, Number of persons, 49025
10-14 years, Total, Total, Iasi, Year 2021, Number of persons, 48737
10-14 years, Total, Total, Iasi, Year 2022, Number of persons, 53904
10-14 years, Total, Total, Iasi, Year 2023, Number of persons, 53682
10-14 years, Total, Total, Iasi, Year 2024, Number of persons, 52985
10-14 years, Total, Total, Neamt, Year 2013, Number of persons, 28731
10-14 years, Total, Total, Neamt, Year 2014, Number of persons, 28220
10-14 years, Total, Total, Neamt, Year 2015, Number of persons, 27607
10-14 years, Total, Total, Neamt, Year 2016, Number of persons, 27047
10-14 years, Total, Total, Neamt, Year 2017, Number of persons, 26773
10-14 years, Total, Total, Neamt, Year 2018, Number of persons, 26417
10-14 years, Total, Total, Neamt, Year 2019, Number of persons, 26097
10-14 years, Total, Total, Neamt, Year 2020, Number of persons, 25754
10-14 years, Total, Total, Neamt, Year 2021, Number of persons, 25220
10-14 years, Total, Total, Neamt, Year 2022, Number of persons, 27371
10-14 years, Total, Total, Neamt, Year 2023, Number of persons, 27145
10-14 years, Total, Total, Neamt, Year 2024, Number of persons, 26687
10-14 years, Total, Total, Suceava, Year 2013, Number of persons, 43199
10-14 years, Total, Total, Suceava, Year 2014, Number of persons, 42546
10-14 years, Total, Total, Suceava, Year 2015, Number of persons, 41813
10-14 years, Total, Total, Suceava, Year 2016, Number of persons, 41096
10-14 years, Total, Total, Suceava, Year 2017, Number of persons, 40614
10-14 years, Total, Total, Suceava, Year 2018, Number of persons, 39965
10-14 years, Total, Total, Suceava, Year 2019, Number of persons, 39893
10-14 years, Total, Total, Suceava, Year 2020, Number of persons, 39703
10-14 years, Total, Total, Suceava, Year 2021, Number of persons, 39265
10-14 years, Total, Total, Suceava, Year 2022, Number of persons, 43071
10-14 years, Total, Total, Suceava, Year 2023, Number of persons, 43336
10-14 years, Total, Total, Suceava, Year 2024, Number of persons, 43136
10-14 years, Total, Total, Vaslui, Year 2013, Number of persons, 28966
10-14 years, Total, Total, Vaslui, Year 2014, Number of persons, 28144
10-14 years, Total, Total, Vaslui, Year 2015, Number of persons, 27409
10-14 years, Total, Total, Vaslui, Year 2016, Number of persons, 26618
10-14 years, Total, Total, Vaslui, Year 2017, Number of persons, 26132
10-14 years, Total, Total, Vaslui, Year 2018, Number of persons, 25783
10-14 years, Total, Total, Vaslui, Year 2019, Number of persons, 25509
10-14 years, Total, Total, Vaslui, Year 2020, Number of persons, 25464
10-14 years, Total, Total, Vaslui, Year 2021, Number of persons, 24486
10-14 years, Total, Total, Vaslui, Year 2022, Number of persons, 26490
10-14 years, Total, Total, Vaslui, Year 2023, Number of persons, 26036
10-14 years, Total, Total, Vaslui, Year 2024, Number of persons, 25179
10-14 years, Total, Total, Braila, Year 2013, Number of persons, 16274
10-14 years, Total, Total, Braila, Year 2014, Number of persons, 16197
10-14 years, Total, Total, Braila, Year 2015, Number of persons, 16112
10-14 years, Total, Total, Braila, Year 2016, Number of persons, 16013
10-14 years, Total, Total, Braila, Year 2017, Number of persons, 15954
10-14 years, Total, Total, Braila, Year 2018, Number of persons, 15890
10-14 years, Total, Total, Braila, Year 2019, Number of persons, 15599
10-14 years, Total, Total, Braila, Year 2020, Number of persons, 15348
10-14 years, Total, Total, Braila, Year 2021, Number of persons, 14727
10-14 years, Total, Total, Braila, Year 2022, Number of persons, 14632
10-14 years, Total, Total, Braila, Year 2023, Number of persons, 14171
10-14 years, Total, Total, Braila, Year 2024, Number of persons, 13502
10-14 years, Total, Total, Buzau, Year 2013, Number of persons, 24088
10-14 years, Total, Total, Buzau, Year 2014, Number of persons, 23805
10-14 years, Total, Total, Buzau, Year 2015, Number of persons, 23359
10-14 years, Total, Total, Buzau, Year 2016, Number of persons, 22980
10-14 years, Total, Total, Buzau, Year 2017, Number of persons, 23100
10-14 years, Total, Total, Buzau, Year 2018, Number of persons, 23129
10-14 years, Total, Total, Buzau, Year 2019, Number of persons, 23110
10-14 years, Total, Total, Buzau, Year 2020, Number of persons, 23026
10-14 years, Total, Total, Buzau, Year 2021, Number of persons, 22659
10-14 years, Total, Total, Buzau, Year 2022, Number of persons, 22608
10-14 years, Total, Total, Buzau, Year 2023, Number of persons, 22124
10-14 years, Total, Total, Buzau, Year 2024, Number of persons, 21291
10-14 years, Total, Total, Constanta, Year 2013, Number of persons, 35893
10-14 years, Total, Total, Constanta, Year 2014, Number of persons, 35627
10-14 years, Total, Total, Constanta, Year 2015, Number of persons, 35501
10-14 years, Total, Total, Constanta, Year 2016, Number of persons, 35348
10-14 years, Total, Total, Constanta, Year 2017, Number of persons, 35417
10-14 years, Total, Total, Constanta, Year 2018, Number of persons, 36063
10-14 years, Total, Total, Constanta, Year 2019, Number of persons, 36972
10-14 years, Total, Total, Constanta, Year 2020, Number of persons, 37672
10-14 years, Total, Total, Constanta, Year 2021, Number of persons, 38232
10-14 years, Total, Total, Constanta, Year 2022, Number of persons, 39719
10-14 years, Total, Total, Constanta, Year 2023, Number of persons, 39643
10-14 years, Total, Total, Constanta, Year 2024, Number of persons, 38480
10-14 years, Total, Total, Galati, Year 2013, Number of persons, 30589
10-14 years, Total, Total, Galati, Year 2014, Number of persons, 29970
10-14 years, Total, Total, Galati, Year 2015, Number of persons, 29209
10-14 years, Total, Total, Galati, Year 2016, Number of persons, 28682
10-14 years, Total, Total, Galati, Year 2017, Number of persons, 28528
10-14 years, Total, Total, Galati, Year 2018, Number of persons, 28562
10-14 years, Total, Total, Galati, Year 2019, Number of persons, 28098
10-14 years, Total, Total, Galati, Year 2020, Number of persons, 28239
10-14 years, Total, Total, Galati, Year 2021, Number of persons, 28026
10-14 years, Total, Total, Galati, Year 2022, Number of persons, 28816
10-14 years, Total, Total, Galati, Year 2023, Number of persons, 28115
10-14 years, Total, Total, Galati, Year 2024, Number of persons, 27312
10-14 years, Total, Total, Tulcea, Year 2013, Number of persons, 12143
10-14 years, Total, Total, Tulcea, Year 2014, Number of persons, 12047
10-14 years, Total, Total, Tulcea, Year 2015, Number of persons, 11852
10-14 years, Total, Total, Tulcea, Year 2016, Number of persons, 11620
10-14 years, Total, Total, Tulcea, Year 2017, Number of persons, 11432
10-14 years, Total, Total, Tulcea, Year 2018, Number of persons, 11357
10-14 years, Total, Total, Tulcea, Year 2019, Number of persons, 11328
10-14 years, Total, Total, Tulcea, Year 2020, Number of persons, 11229
10-14 years, Total, Total, Tulcea, Year 2021, Number of persons, 10992
10-14 years, Total, Total, Tulcea, Year 2022, Number of persons, 11126
10-14 years, Total, Total, Tulcea, Year 2023, Number of persons, 10901
10-14 years, Total, Total, Tulcea, Year 2024, Number of persons, 10451
10-14 years, Total, Total, Vrancea, Year 2013, Number of persons, 20300
10-14 years, Total, Total, Vrancea, Year 2014, Number of persons, 20308
10-14 years, Total, Total, Vrancea, Year 2015, Number of persons, 19964
10-14 years, Total, Total, Vrancea, Year 2016, Number of persons, 19750
10-14 years, Total, Total, Vrancea, Year 2017, Number of persons, 19436
10-14 years, Total, Total, Vrancea, Year 2018, Number of persons, 19357
10-14 years, Total, Total, Vrancea, Year 2019, Number of persons, 19222
10-14 years, Total, Total, Vrancea, Year 2020, Number of persons, 19032
10-14 years, Total, Total, Vrancea, Year 2021, Number of persons, 18735
10-14 years, Total, Total, Vrancea, Year 2022, Number of persons, 20390
10-14 years, Total, Total, Vrancea, Year 2023, Number of persons, 20147
10-14 years, Total, Total, Vrancea, Year 2024, Number of persons, 19738
10-14 years, Total, Total, Arges, Year 2013, Number of persons, 31068
10-14 years, Total, Total, Arges, Year 2014, Number of persons, 30359
10-14 years, Total, Total, Arges, Year 2015, Number of persons, 29619
10-14 years, Total, Total, Arges, Year 2016, Number of persons, 29339
10-14 years, Total, Total, Arges, Year 2017, Number of persons, 29202
10-14 years, Total, Total, Arges, Year 2018, Number of persons, 29173
10-14 years, Total, Total, Arges, Year 2019, Number of persons, 28900
10-14 years, Total, Total, Arges, Year 2020, Number of persons, 28919
10-14 years, Total, Total, Arges, Year 2021, Number of persons, 28808
10-14 years, Total, Total, Arges, Year 2022, Number of persons, 29590
10-14 years, Total, Total, Arges, Year 2023, Number of persons, 29582
10-14 years, Total, Total, Arges, Year 2024, Number of persons, 28982
10-14 years, Total, Total, Calarasi, Year 2013, Number of persons, 18164
10-14 years, Total, Total, Calarasi, Year 2014, Number of persons, 18012
10-14 years, Total, Total, Calarasi, Year 2015, Number of persons, 17701
10-14 years, Total, Total, Calarasi, Year 2016, Number of persons, 17555
10-14 years, Total, Total, Calarasi, Year 2017, Number of persons, 17745
10-14 years, Total, Total, Calarasi, Year 2018, Number of persons, 17640
10-14 years, Total, Total, Calarasi, Year 2019, Number of persons, 17630
10-14 years, Total, Total, Calarasi, Year 2020, Number of persons, 17591
10-14 years, Total, Total, Calarasi, Year 2021, Number of persons, 17188
10-14 years, Total, Total, Calarasi, Year 2022, Number of persons, 17305
10-14 years, Total, Total, Calarasi, Year 2023, Number of persons, 17070
10-14 years, Total, Total, Calarasi, Year 2024, Number of persons, 16401
10-14 years, Total, Total, Dambovita, Year 2013, Number of persons, 29046
10-14 years, Total, Total, Dambovita, Year 2014, Number of persons, 28673
10-14 years, Total, Total, Dambovita, Year 2015, Number of persons, 28566
10-14 years, Total, Total, Dambovita, Year 2016, Number of persons, 28324
10-14 years, Total, Total, Dambovita, Year 2017, Number of persons, 27967
10-14 years, Total, Total, Dambovita, Year 2018, Number of persons, 27721
10-14 years, Total, Total, Dambovita, Year 2019, Number of persons, 27435
10-14 years, Total, Total, Dambovita, Year 2020, Number of persons, 27141
10-14 years, Total, Total, Dambovita, Year 2021, Number of persons, 26895
10-14 years, Total, Total, Dambovita, Year 2022, Number of persons, 26928
10-14 years, Total, Total, Dambovita, Year 2023, Number of persons, 26701
10-14 years, Total, Total, Dambovita, Year 2024, Number of persons, 26169
10-14 years, Total, Total, Giurgiu, Year 2013, Number of persons, 15555
10-14 years, Total, Total, Giurgiu, Year 2014, Number of persons, 15284
10-14 years, Total, Total, Giurgiu, Year 2015, Number of persons, 15001
10-14 years, Total, Total, Giurgiu, Year 2016, Number of persons, 14713
10-14 years, Total, Total, Giurgiu, Year 2017, Number of persons, 14495
10-14 years, Total, Total, Giurgiu, Year 2018, Number of persons, 14381
10-14 years, Total, Total, Giurgiu, Year 2019, Number of persons, 14362
10-14 years, Total, Total, Giurgiu, Year 2020, Number of persons, 14315
10-14 years, Total, Total, Giurgiu, Year 2021, Number of persons, 14416
10-14 years, Total, Total, Giurgiu, Year 2022, Number of persons, 14523
10-14 years, Total, Total, Giurgiu, Year 2023, Number of persons, 14678
10-14 years, Total, Total, Giurgiu, Year 2024, Number of persons, 14278
10-14 years, Total, Total, Ialomita, Year 2013, Number of persons, 16419
10-14 years, Total, Total, Ialomita, Year 2014, Number of persons, 16185
10-14 years, Total, Total, Ialomita, Year 2015, Number of persons, 15742
10-14 years, Total, Total, Ialomita, Year 2016, Number of persons, 15556
10-14 years, Total, Total, Ialomita, Year 2017, Number of persons, 15656
10-14 years, Total, Total, Ialomita, Year 2018, Number of persons, 15776
10-14 years, Total, Total, Ialomita, Year 2019, Number of persons, 15891
10-14 years, Total, Total, Ialomita, Year 2020, Number of persons, 16233
10-14 years, Total, Total, Ialomita, Year 2021, Number of persons, 16098
10-14 years, Total, Total, Ialomita, Year 2022, Number of persons, 16434
10-14 years, Total, Total, Ialomita, Year 2023, Number of persons, 16207
10-14 years, Total, Total, Ialomita, Year 2024, Number of persons, 15771
10-14 years, Total, Total, Prahova, Year 2013, Number of persons, 37500
10-14 years, Total, Total, Prahova, Year 2014, Number of persons, 37146
10-14 years, Total, Total, Prahova, Year 2015, Number of persons, 37357
10-14 years, Total, Total, Prahova, Year 2016, Number of persons, 37566
10-14 years, Total, Total, Prahova, Year 2017, Number of persons, 38099
10-14 years, Total, Total, Prahova, Year 2018, Number of persons, 38367
10-14 years, Total, Total, Prahova, Year 2019, Number of persons, 38353
10-14 years, Total, Total, Prahova, Year 2020, Number of persons, 38326
10-14 years, Total, Total, Prahova, Year 2021, Number of persons, 37260
10-14 years, Total, Total, Prahova, Year 2022, Number of persons, 37342
10-14 years, Total, Total, Prahova, Year 2023, Number of persons, 36436
10-14 years, Total, Total, Prahova, Year 2024, Number of persons, 35275
10-14 years, Total, Total, Teleorman, Year 2013, Number of persons, 18961
10-14 years, Total, Total, Teleorman, Year 2014, Number of persons, 18448
10-14 years, Total, Total, Teleorman, Year 2015, Number of persons, 17870
10-14 years, Total, Total, Teleorman, Year 2016, Number of persons, 17456
10-14 years, Total, Total, Teleorman, Year 2017, Number of persons, 17412
10-14 years, Total, Total, Teleorman, Year 2018, Number of persons, 17193
10-14 years, Total, Total, Teleorman, Year 2019, Number of persons, 16841
10-14 years, Total, Total, Teleorman, Year 2020, Number of persons, 16811
10-14 years, Total, Total, Teleorman, Year 2021, Number of persons, 16367
10-14 years, Total, Total, Teleorman, Year 2022, Number of persons, 16264
10-14 years, Total, Total, Teleorman, Year 2023, Number of persons, 15871
10-14 years, Total, Total, Teleorman, Year 2024, Number of persons, 15266
10-14 years, Total, Total, Ilfov, Year 2013, Number of persons, 20834
10-14 years, Total, Total, Ilfov, Year 2014, Number of persons, 21431
10-14 years, Total, Total, Ilfov, Year 2015, Number of persons, 22430
10-14 years, Total, Total, Ilfov, Year 2016, Number of persons, 23515
10-14 years, Total, Total, Ilfov, Year 2017, Number of persons, 24983
10-14 years, Total, Total, Ilfov, Year 2018, Number of persons, 26706
10-14 years, Total, Total, Ilfov, Year 2019, Number of persons, 28684
10-14 years, Total, Total, Ilfov, Year 2020, Number of persons, 29807
10-14 years, Total, Total, Ilfov, Year 2021, Number of persons, 31652
10-14 years, Total, Total, Ilfov, Year 2022, Number of persons, 33086
10-14 years, Total, Total, Ilfov, Year 2023, Number of persons, 34708
10-14 years, Total, Total, Ilfov, Year 2024, Number of persons, 35286
10-14 years, Total, Total, Bucharest Municipality, Year 2013, Number of persons, 64548
10-14 years, Total, Total, Bucharest Municipality, Year 2014, Number of persons, 64943
10-14 years, Total, Total, Bucharest Municipality, Year 2015, Number of persons, 66338
10-14 years, Total, Total, Bucharest Municipality, Year 2016, Number of persons, 68446
10-14 years, Total, Total, Bucharest Municipality, Year 2017, Number of persons, 71151
10-14 years, Total, Total, Bucharest Municipality, Year 2018, Number of persons, 74215
10-14 years, Total, Total, Bucharest Municipality, Year 2019, Number of persons, 77607
10-14 years, Total, Total, Bucharest Municipality, Year 2020, Number of persons, 82693
10-14 years, Total, Total, Bucharest Municipality, Year 2021, Number of persons, 85942
10-14 years, Total, Total, Bucharest Municipality, Year 2022, Number of persons, 89850
10-14 years, Total, Total, Bucharest Municipality, Year 2023, Number of persons, 90203
10-14 years, Total, Total, Bucharest Municipality, Year 2024, Number of persons, 89071
10-14 years, Total, Total, Dolj, Year 2013, Number of persons, 34158
10-14 years, Total, Total, Dolj, Year 2014, Number of persons, 33319
10-14 years, Total, Total, Dolj, Year 2015, Number of persons, 32382
10-14 years, Total, Total, Dolj, Year 2016, Number of persons, 31503
10-14 years, Total, Total, Dolj, Year 2017, Number of persons, 30997
10-14 years, Total, Total, Dolj, Year 2018, Number of persons, 30668
10-14 years, Total, Total, Dolj, Year 2019, Number of persons, 30539
10-14 years, Total, Total, Dolj, Year 2020, Number of persons, 30739
10-14 years, Total, Total, Dolj, Year 2021, Number of persons, 30718
10-14 years, Total, Total, Dolj, Year 2022, Number of persons, 32105
10-14 years, Total, Total, Dolj, Year 2023, Number of persons, 32393
10-14 years, Total, Total, Dolj, Year 2024, Number of persons, 31883
10-14 years, Total, Total, Gorj, Year 2013, Number of persons, 19809
10-14 years, Total, Total, Gorj, Year 2014, Number of persons, 19245
10-14 years, Total, Total, Gorj, Year 2015, Number of persons, 18599
10-14 years, Total, Total, Gorj, Year 2016, Number of persons, 18064
10-14 years, Total, Total, Gorj, Year 2017, Number of persons, 17549
10-14 years, Total, Total, Gorj, Year 2018, Number of persons, 17101
10-14 years, Total, Total, Gorj, Year 2019, Number of persons, 16495
10-14 years, Total, Total, Gorj, Year 2020, Number of persons, 16105
10-14 years, Total, Total, Gorj, Year 2021, Number of persons, 15516
10-14 years, Total, Total, Gorj, Year 2022, Number of persons, 15804
10-14 years, Total, Total, Gorj, Year 2023, Number of persons, 15481
10-14 years, Total, Total, Gorj, Year 2024, Number of persons, 15023
10-14 years, Total, Total, Mehedinti, Year 2013, Number of persons, 14205
10-14 years, Total, Total, Mehedinti, Year 2014, Number of persons, 13952
10-14 years, Total, Total, Mehedinti, Year 2015, Number of persons, 13728
10-14 years, Total, Total, Mehedinti, Year 2016, Number of persons, 13518
10-14 years, Total, Total, Mehedinti, Year 2017, Number of persons, 13179
10-14 years, Total, Total, Mehedinti, Year 2018, Number of persons, 12876
10-14 years, Total, Total, Mehedinti, Year 2019, Number of persons, 12538
10-14 years, Total, Total, Mehedinti, Year 2020, Number of persons, 12371
10-14 years, Total, Total, Mehedinti, Year 2021, Number of persons, 12100
10-14 years, Total, Total, Mehedinti, Year 2022, Number of persons, 12360
10-14 years, Total, Total, Mehedinti, Year 2023, Number of persons, 12371
10-14 years, Total, Total, Mehedinti, Year 2024, Number of persons, 12081
10-14 years, Total, Total, Olt, Year 2013, Number of persons, 23661
10-14 years, Total, Total, Olt, Year 2014, Number of persons, 22777
10-14 years, Total, Total, Olt, Year 2015, Number of persons, 21793
10-14 years, Total, Total, Olt, Year 2016, Number of persons, 21042
10-14 years, Total, Total, Olt, Year 2017, Number of persons, 20672
10-14 years, Total, Total, Olt, Year 2018, Number of persons, 20453
10-14 years, Total, Total, Olt, Year 2019, Number of persons, 19959
10-14 years, Total, Total, Olt, Year 2020, Number of persons, 19614
10-14 years, Total, Total, Olt, Year 2021, Number of persons, 19056
10-14 years, Total, Total, Olt, Year 2022, Number of persons, 19052
10-14 years, Total, Total, Olt, Year 2023, Number of persons, 18578
10-14 years, Total, Total, Olt, Year 2024, Number of persons, 18013
10-14 years, Total, Total, Valcea, Year 2013, Number of persons, 19799
10-14 years, Total, Total, Valcea, Year 2014, Number of persons, 19306
10-14 years, Total, Total, Valcea, Year 2015, Number of persons, 18768
10-14 years, Total, Total, Valcea, Year 2016, Number of persons, 18335
10-14 years, Total, Total, Valcea, Year 2017, Number of persons, 18048
10-14 years, Total, Total, Valcea, Year 2018, Number of persons, 17637
10-14 years, Total, Total, Valcea, Year 2019, Number of persons, 17307
10-14 years, Total, Total, Valcea, Year 2020, Number of persons, 17137
10-14 years, Total, Total, Valcea, Year 2021, Number of persons, 16809
10-14 years, Total, Total, Valcea, Year 2022, Number of persons, 17370
10-14 years, Total, Total, Valcea, Year 2023, Number of persons, 17098
10-14 years, Total, Total, Valcea, Year 2024, Number of persons, 16726
10-14 years, Total, Total, Arad, Year 2013, Number of persons, 22817
10-14 years, Total, Total, Arad, Year 2014, Number of persons, 22494
10-14 years, Total, Total, Arad, Year 2015, Number of persons, 22136
10-14 years, Total, Total, Arad, Year 2016, Number of persons, 21924
10-14 years, Total, Total, Arad, Year 2017, Number of persons, 21883
10-14 years, Total, Total, Arad, Year 2018, Number of persons, 21914
10-14 years, Total, Total, Arad, Year 2019, Number of persons, 22077
10-14 years, Total, Total, Arad, Year 2020, Number of persons, 22206
10-14 years, Total, Total, Arad, Year 2021, Number of persons, 22167
10-14 years, Total, Total, Arad, Year 2022, Number of persons, 22803
10-14 years, Total, Total, Arad, Year 2023, Number of persons, 22883
10-14 years, Total, Total, Arad, Year 2024, Number of persons, 22380
10-14 years, Total, Total, Caras-Severin, Year 2013, Number of persons, 15824
10-14 years, Total, Total, Caras-Severin, Year 2014, Number of persons, 15606
10-14 years, Total, Total, Caras-Severin, Year 2015, Number of persons, 15588
10-14 years, Total, Total, Caras-Severin, Year 2016, Number of persons, 15363
10-14 years, Total, Total, Caras-Severin, Year 2017, Number of persons, 15258
10-14 years, Total, Total, Caras-Severin, Year 2018, Number of persons, 14864
10-14 years, Total, Total, Caras-Severin, Year 2019, Number of persons, 14438
10-14 years, Total, Total, Caras-Severin, Year 2020, Number of persons, 14117
10-14 years, Total, Total, Caras-Severin, Year 2021, Number of persons, 13699
10-14 years, Total, Total, Caras-Severin, Year 2022, Number of persons, 12711
10-14 years, Total, Total, Caras-Severin, Year 2023, Number of persons, 12417
10-14 years, Total, Total, Caras-Severin, Year 2024, Number of persons, 12000
10-14 years, Total, Total, Hunedoara, Year 2013, Number of persons, 20927
10-14 years, Total, Total, Hunedoara, Year 2014, Number of persons, 20159
10-14 years, Total, Total, Hunedoara, Year 2015, Number of persons, 19923
10-14 years, Total, Total, Hunedoara, Year 2016, Number of persons, 19587
10-14 years, Total, Total, Hunedoara, Year 2017, Number of persons, 19267
10-14 years, Total, Total, Hunedoara, Year 2018, Number of persons, 19209
10-14 years, Total, Total, Hunedoara, Year 2019, Number of persons, 19244
10-14 years, Total, Total, Hunedoara, Year 2020, Number of persons, 19049
10-14 years, Total, Total, Hunedoara, Year 2021, Number of persons, 18541
10-14 years, Total, Total, Hunedoara, Year 2022, Number of persons, 18129
10-14 years, Total, Total, Hunedoara, Year 2023, Number of persons, 17573
10-14 years, Total, Total, Hunedoara, Year 2024, Number of persons, 16866
10-14 years, Total, Total, Timis, Year 2013, Number of persons, 30149
10-14 years, Total, Total, Timis, Year 2014, Number of persons, 29833
10-14 years, Total, Total, Timis, Year 2015, Number of persons, 29746
10-14 years, Total, Total, Timis, Year 2016, Number of persons, 29965
10-14 years, Total, Total, Timis, Year 2017, Number of persons, 30714
10-14 years, Total, Total, Timis, Year 2018, Number of persons, 31708
10-14 years, Total, Total, Timis, Year 2019, Number of persons, 32922
10-14 years, Total, Total, Timis, Year 2020, Number of persons, 34040
10-14 years, Total, Total, Timis, Year 2021, Number of persons, 34832
10-14 years, Total, Total, Timis, Year 2022, Number of persons, 34633
10-14 years, Total, Total, Timis, Year 2023, Number of persons, 34849
10-14 years, Total, Total, Timis, Year 2024, Number of persons, 34717
15-19 years, Total, Total, Bihor, Year 2013, Number of persons, 32587
15-19 years, Total, Total, Bihor, Year 2014, Number of persons, 32390
15-19 years, Total, Total, Bihor, Year 2015, Number of persons, 32139
15-19 years, Total, Total, Bihor, Year 2016, Number of persons, 31986
15-19 years, Total, Total, Bihor, Year 2017, Number of persons, 31673
15-19 years, Total, Total, Bihor, Year 2018, Number of persons, 31265
15-19 years, Total, Total, Bihor, Year 2019, Number of persons, 30724
15-19 years, Total, Total, Bihor, Year 2020, Number of persons, 30277
15-19 years, Total, Total, Bihor, Year 2021, Number of persons, 30562
15-19 years, Total, Total, Bihor, Year 2022, Number of persons, 31121
15-19 years, Total, Total, Bihor, Year 2023, Number of persons, 32211
15-19 years, Total, Total, Bihor, Year 2024, Number of persons, 32586
15-19 years, Total, Total, Bistrita-Nasaud, Year 2013, Number of persons, 17879
15-19 years, Total, Total, Bistrita-Nasaud, Year 2014, Number of persons, 17832
15-19 years, Total, Total, Bistrita-Nasaud, Year 2015, Number of persons, 17777
15-19 years, Total, Total, Bistrita-Nasaud, Year 2016, Number of persons, 17787
15-19 years, Total, Total, Bistrita-Nasaud, Year 2017, Number of persons, 17793
15-19 years, Total, Total, Bistrita-Nasaud, Year 2018, Number of persons, 17319
15-19 years, Total, Total, Bistrita-Nasaud, Year 2019, Number of persons, 17342
15-19 years, Total, Total, Bistrita-Nasaud, Year 2020, Number of persons, 17047
15-19 years, Total, Total, Bistrita-Nasaud, Year 2021, Number of persons, 17144
15-19 years, Total, Total, Bistrita-Nasaud, Year 2022, Number of persons, 17602
15-19 years, Total, Total, Bistrita-Nasaud, Year 2023, Number of persons, 18222
15-19 years, Total, Total, Bistrita-Nasaud, Year 2024, Number of persons, 18205
15-19 years, Total, Total, Cluj, Year 2013, Number of persons, 31561
15-19 years, Total, Total, Cluj, Year 2014, Number of persons, 30849
15-19 years, Total, Total, Cluj, Year 2015, Number of persons, 30224
15-19 years, Total, Total, Cluj, Year 2016, Number of persons, 30071
15-19 years, Total, Total, Cluj, Year 2017, Number of persons, 29964
15-19 years, Total, Total, Cluj, Year 2018, Number of persons, 29375
15-19 years, Total, Total, Cluj, Year 2019, Number of persons, 29187
15-19 years, Total, Total, Cluj, Year 2020, Number of persons, 29544
15-19 years, Total, Total, Cluj, Year 2021, Number of persons, 30085
15-19 years, Total, Total, Cluj, Year 2022, Number of persons, 31735
15-19 years, Total, Total, Cluj, Year 2023, Number of persons, 32425
15-19 years, Total, Total, Cluj, Year 2024, Number of persons, 33143
15-19 years, Total, Total, Maramures, Year 2013, Number of persons, 28446
15-19 years, Total, Total, Maramures, Year 2014, Number of persons, 28427
15-19 years, Total, Total, Maramures, Year 2015, Number of persons, 28342
15-19 years, Total, Total, Maramures, Year 2016, Number of persons, 28268
15-19 years, Total, Total, Maramures, Year 2017, Number of persons, 27838
15-19 years, Total, Total, Maramures, Year 2018, Number of persons, 27193
15-19 years, Total, Total, Maramures, Year 2019, Number of persons, 26703
15-19 years, Total, Total, Maramures, Year 2020, Number of persons, 26386
15-19 years, Total, Total, Maramures, Year 2021, Number of persons, 26389
15-19 years, Total, Total, Maramures, Year 2022, Number of persons, 26444
15-19 years, Total, Total, Maramures, Year 2023, Number of persons, 27076
15-19 years, Total, Total, Maramures, Year 2024, Number of persons, 27229
15-19 years, Total, Total, Satu Mare, Year 2013, Number of persons, 20050
15-19 years, Total, Total, Satu Mare, Year 2014, Number of persons, 19882
15-19 years, Total, Total, Satu Mare, Year 2015, Number of persons, 19635
15-19 years, Total, Total, Satu Mare, Year 2016, Number of persons, 19856
15-19 years, Total, Total, Satu Mare, Year 2017, Number of persons, 19663
15-19 years, Total, Total, Satu Mare, Year 2018, Number of persons, 19529
15-19 years, Total, Total, Satu Mare, Year 2019, Number of persons, 19489
15-19 years, Total, Total, Satu Mare, Year 2020, Number of persons, 19719
15-19 years, Total, Total, Satu Mare, Year 2021, Number of persons, 19942
15-19 years, Total, Total, Satu Mare, Year 2022, Number of persons, 19595
15-19 years, Total, Total, Satu Mare, Year 2023, Number of persons, 20163
15-19 years, Total, Total, Satu Mare, Year 2024, Number of persons, 20333
15-19 years, Total, Total, Salaj, Year 2013, Number of persons, 13460
15-19 years, Total, Total, Salaj, Year 2014, Number of persons, 13322
15-19 years, Total, Total, Salaj, Year 2015, Number of persons, 13163
15-19 years, Total, Total, Salaj, Year 2016, Number of persons, 13177
15-19 years, Total, Total, Salaj, Year 2017, Number of persons, 12935
15-19 years, Total, Total, Salaj, Year 2018, Number of persons, 12785
15-19 years, Total, Total, Salaj, Year 2019, Number of persons, 12429
15-19 years, Total, Total, Salaj, Year 2020, Number of persons, 12065
15-19 years, Total, Total, Salaj, Year 2021, Number of persons, 11946
15-19 years, Total, Total, Salaj, Year 2022, Number of persons, 11848
15-19 years, Total, Total, Salaj, Year 2023, Number of persons, 11950
15-19 years, Total, Total, Salaj, Year 2024, Number of persons, 12133
15-19 years, Total, Total, Alba, Year 2013, Number of persons, 19032
15-19 years, Total, Total, Alba, Year 2014, Number of persons, 18954
15-19 years, Total, Total, Alba, Year 2015, Number of persons, 18837
15-19 years, Total, Total, Alba, Year 2016, Number of persons, 18838
15-19 years, Total, Total, Alba, Year 2017, Number of persons, 18504
15-19 years, Total, Total, Alba, Year 2018, Number of persons, 17806
15-19 years, Total, Total, Alba, Year 2019, Number of persons, 17388
15-19 years, Total, Total, Alba, Year 2020, Number of persons, 17165
15-19 years, Total, Total, Alba, Year 2021, Number of persons, 17146
15-19 years, Total, Total, Alba, Year 2022, Number of persons, 17089
15-19 years, Total, Total, Alba, Year 2023, Number of persons, 17764
15-19 years, Total, Total, Alba, Year 2024, Number of persons, 18124
15-19 years, Total, Total, Brasov, Year 2013, Number of persons, 25766
15-19 years, Total, Total, Brasov, Year 2014, Number of persons, 25603
15-19 years, Total, Total, Brasov, Year 2015, Number of persons, 25648
15-19 years, Total, Total, Brasov, Year 2016, Number of persons, 26065
15-19 years, Total, Total, Brasov, Year 2017, Number of persons, 26249
15-19 years, Total, Total, Brasov, Year 2018, Number of persons, 26025
15-19 years, Total, Total, Brasov, Year 2019, Number of persons, 26290
15-19 years, Total, Total, Brasov, Year 2020, Number of persons, 26877
15-19 years, Total, Total, Brasov, Year 2021, Number of persons, 27484
15-19 years, Total, Total, Brasov, Year 2022, Number of persons, 28424
15-19 years, Total, Total, Brasov, Year 2023, Number of persons, 29875
15-19 years, Total, Total, Brasov, Year 2024, Number of persons, 31230
15-19 years, Total, Total, Covasna, Year 2013, Number of persons, 11437
15-19 years, Total, Total, Covasna, Year 2014, Number of persons, 11539
15-19 years, Total, Total, Covasna, Year 2015, Number of persons, 11734
15-19 years, Total, Total, Covasna, Year 2016, Number of persons, 11856
15-19 years, Total, Total, Covasna, Year 2017, Number of persons, 11872
15-19 years, Total, Total, Covasna, Year 2018, Number of persons, 11659
15-19 years, Total, Total, Covasna, Year 2019, Number of persons, 11573
15-19 years, Total, Total, Covasna, Year 2020, Number of persons, 11577
15-19 years, Total, Total, Covasna, Year 2021, Number of persons, 11844
15-19 years, Total, Total, Covasna, Year 2022, Number of persons, 11962
15-19 years, Total, Total, Covasna, Year 2023, Number of persons, 12244
15-19 years, Total, Total, Covasna, Year 2024, Number of persons, 12312
15-19 years, Total, Total, Harghita, Year 2013, Number of persons, 17556
15-19 years, Total, Total, Harghita, Year 2014, Number of persons, 17755
15-19 years, Total, Total, Harghita, Year 2015, Number of persons, 17636
15-19 years, Total, Total, Harghita, Year 2016, Number of persons, 17753
15-19 years, Total, Total, Harghita, Year 2017, Number of persons, 17555
15-19 years, Total, Total, Harghita, Year 2018, Number of persons, 17074
15-19 years, Total, Total, Harghita, Year 2019, Number of persons, 16818
15-19 years, Total, Total, Harghita, Year 2020, Number of persons, 16823
15-19 years, Total, Total, Harghita, Year 2021, Number of persons, 16996
15-19 years, Total, Total, Harghita, Year 2022, Number of persons, 16791
15-19 years, Total, Total, Harghita, Year 2023, Number of persons, 17393
15-19 years, Total, Total, Harghita, Year 2024, Number of persons, 17640
15-19 years, Total, Total, Mures, Year 2013, Number of persons, 30406
15-19 years, Total, Total, Mures, Year 2014, Number of persons, 30446
15-19 years, Total, Total, Mures, Year 2015, Number of persons, 30161
15-19 years, Total, Total, Mures, Year 2016, Number of persons, 30778
15-19 years, Total, Total, Mures, Year 2017, Number of persons, 30669
15-19 years, Total, Total, Mures, Year 2018, Number of persons, 30315
15-19 years, Total, Total, Mures, Year 2019, Number of persons, 30179
15-19 years, Total, Total, Mures, Year 2020, Number of persons, 30272
15-19 years, Total, Total, Mures, Year 2021, Number of persons, 30282
15-19 years, Total, Total, Mures, Year 2022, Number of persons, 30281
15-19 years, Total, Total, Mures, Year 2023, Number of persons, 31119
15-19 years, Total, Total, Mures, Year 2024, Number of persons, 31547
15-19 years, Total, Total, Sibiu, Year 2013, Number of persons, 21004
15-19 years, Total, Total, Sibiu, Year 2014, Number of persons, 21028
15-19 years, Total, Total, Sibiu, Year 2015, Number of persons, 21130
15-19 years, Total, Total, Sibiu, Year 2016, Number of persons, 21294
15-19 years, Total, Total, Sibiu, Year 2017, Number of persons, 21438
15-19 years, Total, Total, Sibiu, Year 2018, Number of persons, 21244
15-19 years, Total, Total, Sibiu, Year 2019, Number of persons, 21165
15-19 years, Total, Total, Sibiu, Year 2020, Number of persons, 21152
15-19 years, Total, Total, Sibiu, Year 2021, Number of persons, 21489
15-19 years, Total, Total, Sibiu, Year 2022, Number of persons, 21212
15-19 years, Total, Total, Sibiu, Year 2023, Number of persons, 22043
15-19 years, Total, Total, Sibiu, Year 2024, Number of persons, 22585
15-19 years, Total, Total, Bacau, Year 2013, Number of persons, 38966
15-19 years, Total, Total, Bacau, Year 2014, Number of persons, 39145
15-19 years, Total, Total, Bacau, Year 2015, Number of persons, 38952
15-19 years, Total, Total, Bacau, Year 2016, Number of persons, 39036
15-19 years, Total, Total, Bacau, Year 2017, Number of persons, 38777
15-19 years, Total, Total, Bacau, Year 2018, Number of persons, 38109
15-19 years, Total, Total, Bacau, Year 2019, Number of persons, 37423
15-19 years, Total, Total, Bacau, Year 2020, Number of persons, 36950
15-19 years, Total, Total, Bacau, Year 2021, Number of persons, 36594
15-19 years, Total, Total, Bacau, Year 2022, Number of persons, 37581
15-19 years, Total, Total, Bacau, Year 2023, Number of persons, 39098
15-19 years, Total, Total, Bacau, Year 2024, Number of persons, 39477
15-19 years, Total, Total, Botosani, Year 2013, Number of persons, 26870
15-19 years, Total, Total, Botosani, Year 2014, Number of persons, 27048
15-19 years, Total, Total, Botosani, Year 2015, Number of persons, 27154
15-19 years, Total, Total, Botosani, Year 2016, Number of persons, 27353
15-19 years, Total, Total, Botosani, Year 2017, Number of persons, 27593
15-19 years, Total, Total, Botosani, Year 2018, Number of persons, 27303
15-19 years, Total, Total, Botosani, Year 2019, Number of persons, 27082
15-19 years, Total, Total, Botosani, Year 2020, Number of persons, 26629
15-19 years, Total, Total, Botosani, Year 2021, Number of persons, 26330
15-19 years, Total, Total, Botosani, Year 2022, Number of persons, 25945
15-19 years, Total, Total, Botosani, Year 2023, Number of persons, 25726
15-19 years, Total, Total, Botosani, Year 2024, Number of persons, 25766
15-19 years, Total, Total, Iasi, Year 2013, Number of persons, 46271
15-19 years, Total, Total, Iasi, Year 2014, Number of persons, 47119
15-19 years, Total, Total, Iasi, Year 2015, Number of persons, 47844
15-19 years, Total, Total, Iasi, Year 2016, Number of persons, 48503
15-19 years, Total, Total, Iasi, Year 2017, Number of persons, 49222
15-19 years, Total, Total, Iasi, Year 2018, Number of persons, 48954
15-19 years, Total, Total, Iasi, Year 2019, Number of persons, 48102
15-19 years, Total, Total, Iasi, Year 2020, Number of persons, 47180
15-19 years, Total, Total, Iasi, Year 2021, Number of persons, 47109
15-19 years, Total, Total, Iasi, Year 2022, Number of persons, 50898
15-19 years, Total, Total, Iasi, Year 2023, Number of persons, 53616
15-19 years, Total, Total, Iasi, Year 2024, Number of persons, 54795
15-19 years, Total, Total, Neamt, Year 2013, Number of persons, 28664
15-19 years, Total, Total, Neamt, Year 2014, Number of persons, 28512
15-19 years, Total, Total, Neamt, Year 2015, Number of persons, 28536
15-19 years, Total, Total, Neamt, Year 2016, Number of persons, 28690
15-19 years, Total, Total, Neamt, Year 2017, Number of persons, 28521
15-19 years, Total, Total, Neamt, Year 2018, Number of persons, 27999
15-19 years, Total, Total, Neamt, Year 2019, Number of persons, 27315
15-19 years, Total, Total, Neamt, Year 2020, Number of persons, 26942
15-19 years, Total, Total, Neamt, Year 2021, Number of persons, 26557
15-19 years, Total, Total, Neamt, Year 2022, Number of persons, 26652
15-19 years, Total, Total, Neamt, Year 2023, Number of persons, 27508
15-19 years, Total, Total, Neamt, Year 2024, Number of persons, 27850
15-19 years, Total, Total, Suceava, Year 2013, Number of persons, 43915
15-19 years, Total, Total, Suceava, Year 2014, Number of persons, 43647
15-19 years, Total, Total, Suceava, Year 2015, Number of persons, 43551
15-19 years, Total, Total, Suceava, Year 2016, Number of persons, 43612
15-19 years, Total, Total, Suceava, Year 2017, Number of persons, 43226
15-19 years, Total, Total, Suceava, Year 2018, Number of persons, 42536
15-19 years, Total, Total, Suceava, Year 2019, Number of persons, 41858
15-19 years, Total, Total, Suceava, Year 2020, Number of persons, 41023
15-19 years, Total, Total, Suceava, Year 2021, Number of persons, 40660
15-19 years, Total, Total, Suceava, Year 2022, Number of persons, 41295
15-19 years, Total, Total, Suceava, Year 2023, Number of persons, 41722
15-19 years, Total, Total, Suceava, Year 2024, Number of persons, 42439
15-19 years, Total, Total, Vaslui, Year 2013, Number of persons, 26392
15-19 years, Total, Total, Vaslui, Year 2014, Number of persons, 27155
15-19 years, Total, Total, Vaslui, Year 2015, Number of persons, 27446
15-19 years, Total, Total, Vaslui, Year 2016, Number of persons, 28075
15-19 years, Total, Total, Vaslui, Year 2017, Number of persons, 28268
15-19 years, Total, Total, Vaslui, Year 2018, Number of persons, 27892
15-19 years, Total, Total, Vaslui, Year 2019, Number of persons, 27034
15-19 years, Total, Total, Vaslui, Year 2020, Number of persons, 26357
15-19 years, Total, Total, Vaslui, Year 2021, Number of persons, 25766
15-19 years, Total, Total, Vaslui, Year 2022, Number of persons, 25592
15-19 years, Total, Total, Vaslui, Year 2023, Number of persons, 26664
15-19 years, Total, Total, Vaslui, Year 2024, Number of persons, 27081
15-19 years, Total, Total, Braila, Year 2013, Number of persons, 16767
15-19 years, Total, Total, Braila, Year 2014, Number of persons, 16569
15-19 years, Total, Total, Braila, Year 2015, Number of persons, 16332
15-19 years, Total, Total, Braila, Year 2016, Number of persons, 16186
15-19 years, Total, Total, Braila, Year 2017, Number of persons, 16029
15-19 years, Total, Total, Braila, Year 2018, Number of persons, 15588
15-19 years, Total, Total, Braila, Year 2019, Number of persons, 15426
15-19 years, Total, Total, Braila, Year 2020, Number of persons, 15346
15-19 years, Total, Total, Braila, Year 2021, Number of persons, 15440
15-19 years, Total, Total, Braila, Year 2022, Number of persons, 15311
15-19 years, Total, Total, Braila, Year 2023, Number of persons, 15806
15-19 years, Total, Total, Braila, Year 2024, Number of persons, 15792
15-19 years, Total, Total, Buzau, Year 2013, Number of persons, 25056
15-19 years, Total, Total, Buzau, Year 2014, Number of persons, 24958
15-19 years, Total, Total, Buzau, Year 2015, Number of persons, 24633
15-19 years, Total, Total, Buzau, Year 2016, Number of persons, 24502
15-19 years, Total, Total, Buzau, Year 2017, Number of persons, 24054
15-19 years, Total, Total, Buzau, Year 2018, Number of persons, 23381
15-19 years, Total, Total, Buzau, Year 2019, Number of persons, 22985
15-19 years, Total, Total, Buzau, Year 2020, Number of persons, 22575
15-19 years, Total, Total, Buzau, Year 2021, Number of persons, 22433
15-19 years, Total, Total, Buzau, Year 2022, Number of persons, 22196
15-19 years, Total, Total, Buzau, Year 2023, Number of persons, 22984
15-19 years, Total, Total, Buzau, Year 2024, Number of persons, 23106
15-19 years, Total, Total, Constanta, Year 2013, Number of persons, 34209
15-19 years, Total, Total, Constanta, Year 2014, Number of persons, 34677
15-19 years, Total, Total, Constanta, Year 2015, Number of persons, 35024
15-19 years, Total, Total, Constanta, Year 2016, Number of persons, 35544
15-19 years, Total, Total, Constanta, Year 2017, Number of persons, 35833
15-19 years, Total, Total, Constanta, Year 2018, Number of persons, 35339
15-19 years, Total, Total, Constanta, Year 2019, Number of persons, 34925
15-19 years, Total, Total, Constanta, Year 2020, Number of persons, 34831
15-19 years, Total, Total, Constanta, Year 2021, Number of persons, 34867
15-19 years, Total, Total, Constanta, Year 2022, Number of persons, 35236
15-19 years, Total, Total, Constanta, Year 2023, Number of persons, 37105
15-19 years, Total, Total, Constanta, Year 2024, Number of persons, 38457
15-19 years, Total, Total, Galati, Year 2013, Number of persons, 31287
15-19 years, Total, Total, Galati, Year 2014, Number of persons, 31540
15-19 years, Total, Total, Galati, Year 2015, Number of persons, 31367
15-19 years, Total, Total, Galati, Year 2016, Number of persons, 31061
15-19 years, Total, Total, Galati, Year 2017, Number of persons, 30569
15-19 years, Total, Total, Galati, Year 2018, Number of persons, 29675
15-19 years, Total, Total, Galati, Year 2019, Number of persons, 29050
15-19 years, Total, Total, Galati, Year 2020, Number of persons, 28386
15-19 years, Total, Total, Galati, Year 2021, Number of persons, 28201
15-19 years, Total, Total, Galati, Year 2022, Number of persons, 28076
15-19 years, Total, Total, Galati, Year 2023, Number of persons, 29338
15-19 years, Total, Total, Galati, Year 2024, Number of persons, 29501
15-19 years, Total, Total, Tulcea, Year 2013, Number of persons, 11409
15-19 years, Total, Total, Tulcea, Year 2014, Number of persons, 11367
15-19 years, Total, Total, Tulcea, Year 2015, Number of persons, 11443
15-19 years, Total, Total, Tulcea, Year 2016, Number of persons, 11558
15-19 years, Total, Total, Tulcea, Year 2017, Number of persons, 11588
15-19 years, Total, Total, Tulcea, Year 2018, Number of persons, 11472
15-19 years, Total, Total, Tulcea, Year 2019, Number of persons, 11305
15-19 years, Total, Total, Tulcea, Year 2020, Number of persons, 11085
15-19 years, Total, Total, Tulcea, Year 2021, Number of persons, 11068
15-19 years, Total, Total, Tulcea, Year 2022, Number of persons, 10874
15-19 years, Total, Total, Tulcea, Year 2023, Number of persons, 11263
15-19 years, Total, Total, Tulcea, Year 2024, Number of persons, 11381
15-19 years, Total, Total, Vrancea, Year 2013, Number of persons, 20228
15-19 years, Total, Total, Vrancea, Year 2014, Number of persons, 20164
15-19 years, Total, Total, Vrancea, Year 2015, Number of persons, 20142
15-19 years, Total, Total, Vrancea, Year 2016, Number of persons, 20193
15-19 years, Total, Total, Vrancea, Year 2017, Number of persons, 20227
15-19 years, Total, Total, Vrancea, Year 2018, Number of persons, 19894
15-19 years, Total, Total, Vrancea, Year 2019, Number of persons, 19816
15-19 years, Total, Total, Vrancea, Year 2020, Number of persons, 19294
15-19 years, Total, Total, Vrancea, Year 2021, Number of persons, 19190
15-19 years, Total, Total, Vrancea, Year 2022, Number of persons, 19376
15-19 years, Total, Total, Vrancea, Year 2023, Number of persons, 20056
15-19 years, Total, Total, Vrancea, Year 2024, Number of persons, 20403
15-19 years, Total, Total, Arges, Year 2013, Number of persons, 33741
15-19 years, Total, Total, Arges, Year 2014, Number of persons, 33113
15-19 years, Total, Total, Arges, Year 2015, Number of persons, 32729
15-19 years, Total, Total, Arges, Year 2016, Number of persons, 32154
15-19 years, Total, Total, Arges, Year 2017, Number of persons, 31377
15-19 years, Total, Total, Arges, Year 2018, Number of persons, 30257
15-19 years, Total, Total, Arges, Year 2019, Number of persons, 29268
15-19 years, Total, Total, Arges, Year 2020, Number of persons, 28442
15-19 years, Total, Total, Arges, Year 2021, Number of persons, 28329
15-19 years, Total, Total, Arges, Year 2022, Number of persons, 28109
15-19 years, Total, Total, Arges, Year 2023, Number of persons, 29194
15-19 years, Total, Total, Arges, Year 2024, Number of persons, 29478
15-19 years, Total, Total, Calarasi, Year 2013, Number of persons, 17258
15-19 years, Total, Total, Calarasi, Year 2014, Number of persons, 17560
15-19 years, Total, Total, Calarasi, Year 2015, Number of persons, 17679
15-19 years, Total, Total, Calarasi, Year 2016, Number of persons, 17826
15-19 years, Total, Total, Calarasi, Year 2017, Number of persons, 17766
15-19 years, Total, Total, Calarasi, Year 2018, Number of persons, 17460
15-19 years, Total, Total, Calarasi, Year 2019, Number of persons, 17105
15-19 years, Total, Total, Calarasi, Year 2020, Number of persons, 16442
15-19 years, Total, Total, Calarasi, Year 2021, Number of persons, 16525
15-19 years, Total, Total, Calarasi, Year 2022, Number of persons, 16645
15-19 years, Total, Total, Calarasi, Year 2023, Number of persons, 17219
15-19 years, Total, Total, Calarasi, Year 2024, Number of persons, 17208
15-19 years, Total, Total, Dambovita, Year 2013, Number of persons, 29967
15-19 years, Total, Total, Dambovita, Year 2014, Number of persons, 29692
15-19 years, Total, Total, Dambovita, Year 2015, Number of persons, 29325
15-19 years, Total, Total, Dambovita, Year 2016, Number of persons, 29058
15-19 years, Total, Total, Dambovita, Year 2017, Number of persons, 28868
15-19 years, Total, Total, Dambovita, Year 2018, Number of persons, 28264
15-19 years, Total, Total, Dambovita, Year 2019, Number of persons, 27735
15-19 years, Total, Total, Dambovita, Year 2020, Number of persons, 27412
15-19 years, Total, Total, Dambovita, Year 2021, Number of persons, 27445
15-19 years, Total, Total, Dambovita, Year 2022, Number of persons, 26721
15-19 years, Total, Total, Dambovita, Year 2023, Number of persons, 27299
15-19 years, Total, Total, Dambovita, Year 2024, Number of persons, 27223
15-19 years, Total, Total, Giurgiu, Year 2013, Number of persons, 16268
15-19 years, Total, Total, Giurgiu, Year 2014, Number of persons, 16344
15-19 years, Total, Total, Giurgiu, Year 2015, Number of persons, 16355
15-19 years, Total, Total, Giurgiu, Year 2016, Number of persons, 16272
15-19 years, Total, Total, Giurgiu, Year 2017, Number of persons, 16201
15-19 years, Total, Total, Giurgiu, Year 2018, Number of persons, 15851
15-19 years, Total, Total, Giurgiu, Year 2019, Number of persons, 15604
15-19 years, Total, Total, Giurgiu, Year 2020, Number of persons, 15011
15-19 years, Total, Total, Giurgiu, Year 2021, Number of persons, 14344
15-19 years, Total, Total, Giurgiu, Year 2022, Number of persons, 13347
15-19 years, Total, Total, Giurgiu, Year 2023, Number of persons, 13472
15-19 years, Total, Total, Giurgiu, Year 2024, Number of persons, 13577
15-19 years, Total, Total, Ialomita, Year 2013, Number of persons, 16123
15-19 years, Total, Total, Ialomita, Year 2014, Number of persons, 15991
15-19 years, Total, Total, Ialomita, Year 2015, Number of persons, 16056
15-19 years, Total, Total, Ialomita, Year 2016, Number of persons, 16134
15-19 years, Total, Total, Ialomita, Year 2017, Number of persons, 16123
15-19 years, Total, Total, Ialomita, Year 2018, Number of persons, 15884
15-19 years, Total, Total, Ialomita, Year 2019, Number of persons, 15675
15-19 years, Total, Total, Ialomita, Year 2020, Number of persons, 15249
15-19 years, Total, Total, Ialomita, Year 2021, Number of persons, 15176
15-19 years, Total, Total, Ialomita, Year 2022, Number of persons, 14999
15-19 years, Total, Total, Ialomita, Year 2023, Number of persons, 15844
15-19 years, Total, Total, Ialomita, Year 2024, Number of persons, 16218
15-19 years, Total, Total, Prahova, Year 2013, Number of persons, 38888
15-19 years, Total, Total, Prahova, Year 2014, Number of persons, 38117
15-19 years, Total, Total, Prahova, Year 2015, Number of persons, 37549
15-19 years, Total, Total, Prahova, Year 2016, Number of persons, 37676
15-19 years, Total, Total, Prahova, Year 2017, Number of persons, 37158
15-19 years, Total, Total, Prahova, Year 2018, Number of persons, 36374
15-19 years, Total, Total, Prahova, Year 2019, Number of persons, 35824
15-19 years, Total, Total, Prahova, Year 2020, Number of persons, 36155
15-19 years, Total, Total, Prahova, Year 2021, Number of persons, 36649
15-19 years, Total, Total, Prahova, Year 2022, Number of persons, 37204
15-19 years, Total, Total, Prahova, Year 2023, Number of persons, 38691
15-19 years, Total, Total, Prahova, Year 2024, Number of persons, 39093
15-19 years, Total, Total, Teleorman, Year 2013, Number of persons, 20429
15-19 years, Total, Total, Teleorman, Year 2014, Number of persons, 20207
15-19 years, Total, Total, Teleorman, Year 2015, Number of persons, 19947
15-19 years, Total, Total, Teleorman, Year 2016, Number of persons, 19750
15-19 years, Total, Total, Teleorman, Year 2017, Number of persons, 19192
15-19 years, Total, Total, Teleorman, Year 2018, Number of persons, 18279
15-19 years, Total, Total, Teleorman, Year 2019, Number of persons, 17604
15-19 years, Total, Total, Teleorman, Year 2020, Number of persons, 17029
15-19 years, Total, Total, Teleorman, Year 2021, Number of persons, 16823
15-19 years, Total, Total, Teleorman, Year 2022, Number of persons, 16147
15-19 years, Total, Total, Teleorman, Year 2023, Number of persons, 16652
15-19 years, Total, Total, Teleorman, Year 2024, Number of persons, 16689
15-19 years, Total, Total, Ilfov, Year 2013, Number of persons, 19744
15-19 years, Total, Total, Ilfov, Year 2014, Number of persons, 21133
15-19 years, Total, Total, Ilfov, Year 2015, Number of persons, 22144
15-19 years, Total, Total, Ilfov, Year 2016, Number of persons, 23651
15-19 years, Total, Total, Ilfov, Year 2017, Number of persons, 24797
15-19 years, Total, Total, Ilfov, Year 2018, Number of persons, 25489
15-19 years, Total, Total, Ilfov, Year 2019, Number of persons, 25660
15-19 years, Total, Total, Ilfov, Year 2020, Number of persons, 26159
15-19 years, Total, Total, Ilfov, Year 2021, Number of persons, 26959
15-19 years, Total, Total, Ilfov, Year 2022, Number of persons, 26376
15-19 years, Total, Total, Ilfov, Year 2023, Number of persons, 28587
15-19 years, Total, Total, Ilfov, Year 2024, Number of persons, 30947
15-19 years, Total, Total, Bucharest Municipality, Year 2013, Number of persons, 64307
15-19 years, Total, Total, Bucharest Municipality, Year 2014, Number of persons, 62478
15-19 years, Total, Total, Bucharest Municipality, Year 2015, Number of persons, 61566
15-19 years, Total, Total, Bucharest Municipality, Year 2016, Number of persons, 61021
15-19 years, Total, Total, Bucharest Municipality, Year 2017, Number of persons, 59734
15-19 years, Total, Total, Bucharest Municipality, Year 2018, Number of persons, 58427
15-19 years, Total, Total, Bucharest Municipality, Year 2019, Number of persons, 59320
15-19 years, Total, Total, Bucharest Municipality, Year 2020, Number of persons, 61613
15-19 years, Total, Total, Bucharest Municipality, Year 2021, Number of persons, 64950
15-19 years, Total, Total, Bucharest Municipality, Year 2022, Number of persons, 73235
15-19 years, Total, Total, Bucharest Municipality, Year 2023, Number of persons, 78535
15-19 years, Total, Total, Bucharest Municipality, Year 2024, Number of persons, 82698
15-19 years, Total, Total, Dolj, Year 2013, Number of persons, 35630
15-19 years, Total, Total, Dolj, Year 2014, Number of persons, 35229
15-19 years, Total, Total, Dolj, Year 2015, Number of persons, 34838
15-19 years, Total, Total, Dolj, Year 2016, Number of persons, 34857
15-19 years, Total, Total, Dolj, Year 2017, Number of persons, 34379
15-19 years, Total, Total, Dolj, Year 2018, Number of persons, 33451
15-19 years, Total, Total, Dolj, Year 2019, Number of persons, 32547
15-19 years, Total, Total, Dolj, Year 2020, Number of persons, 31757
15-19 years, Total, Total, Dolj, Year 2021, Number of persons, 31138
15-19 years, Total, Total, Dolj, Year 2022, Number of persons, 31298
15-19 years, Total, Total, Dolj, Year 2023, Number of persons, 32380
15-19 years, Total, Total, Dolj, Year 2024, Number of persons, 32724
15-19 years, Total, Total, Gorj, Year 2013, Number of persons, 21963
15-19 years, Total, Total, Gorj, Year 2014, Number of persons, 21642
15-19 years, Total, Total, Gorj, Year 2015, Number of persons, 21024
15-19 years, Total, Total, Gorj, Year 2016, Number of persons, 20572
15-19 years, Total, Total, Gorj, Year 2017, Number of persons, 19909
15-19 years, Total, Total, Gorj, Year 2018, Number of persons, 18941
15-19 years, Total, Total, Gorj, Year 2019, Number of persons, 18209
15-19 years, Total, Total, Gorj, Year 2020, Number of persons, 17539
15-19 years, Total, Total, Gorj, Year 2021, Number of persons, 17337
15-19 years, Total, Total, Gorj, Year 2022, Number of persons, 17065
15-19 years, Total, Total, Gorj, Year 2023, Number of persons, 17090
15-19 years, Total, Total, Gorj, Year 2024, Number of persons, 16629
15-19 years, Total, Total, Mehedinti, Year 2013, Number of persons, 15123
15-19 years, Total, Total, Mehedinti, Year 2014, Number of persons, 14837
15-19 years, Total, Total, Mehedinti, Year 2015, Number of persons, 14720
15-19 years, Total, Total, Mehedinti, Year 2016, Number of persons, 14484
15-19 years, Total, Total, Mehedinti, Year 2017, Number of persons, 14230
15-19 years, Total, Total, Mehedinti, Year 2018, Number of persons, 13736
15-19 years, Total, Total, Mehedinti, Year 2019, Number of persons, 13454
15-19 years, Total, Total, Mehedinti, Year 2020, Number of persons, 13215
15-19 years, Total, Total, Mehedinti, Year 2021, Number of persons, 13151
15-19 years, Total, Total, Mehedinti, Year 2022, Number of persons, 12687
15-19 years, Total, Total, Mehedinti, Year 2023, Number of persons, 12987
15-19 years, Total, Total, Mehedinti, Year 2024, Number of persons, 12883
15-19 years, Total, Total, Olt, Year 2013, Number of persons, 26010
15-19 years, Total, Total, Olt, Year 2014, Number of persons, 25727
15-19 years, Total, Total, Olt, Year 2015, Number of persons, 25422
15-19 years, Total, Total, Olt, Year 2016, Number of persons, 25057
15-19 years, Total, Total, Olt, Year 2017, Number of persons, 24207
15-19 years, Total, Total, Olt, Year 2018, Number of persons, 22872
15-19 years, Total, Total, Olt, Year 2019, Number of persons, 21862
15-19 years, Total, Total, Olt, Year 2020, Number of persons, 20950
15-19 years, Total, Total, Olt, Year 2021, Number of persons, 20424
15-19 years, Total, Total, Olt, Year 2022, Number of persons, 19647
15-19 years, Total, Total, Olt, Year 2023, Number of persons, 20099
15-19 years, Total, Total, Olt, Year 2024, Number of persons, 19932
15-19 years, Total, Total, Valcea, Year 2013, Number of persons, 20890
15-19 years, Total, Total, Valcea, Year 2014, Number of persons, 20749
15-19 years, Total, Total, Valcea, Year 2015, Number of persons, 20356
15-19 years, Total, Total, Valcea, Year 2016, Number of persons, 20277
15-19 years, Total, Total, Valcea, Year 2017, Number of persons, 19797
15-19 years, Total, Total, Valcea, Year 2018, Number of persons, 19180
15-19 years, Total, Total, Valcea, Year 2019, Number of persons, 18578
15-19 years, Total, Total, Valcea, Year 2020, Number of persons, 18102
15-19 years, Total, Total, Valcea, Year 2021, Number of persons, 17919
15-19 years, Total, Total, Valcea, Year 2022, Number of persons, 17973
15-19 years, Total, Total, Valcea, Year 2023, Number of persons, 18211
15-19 years, Total, Total, Valcea, Year 2024, Number of persons, 18044
15-19 years, Total, Total, Arad, Year 2013, Number of persons, 23295
15-19 years, Total, Total, Arad, Year 2014, Number of persons, 23402
15-19 years, Total, Total, Arad, Year 2015, Number of persons, 23335
15-19 years, Total, Total, Arad, Year 2016, Number of persons, 23525
15-19 years, Total, Total, Arad, Year 2017, Number of persons, 23579
15-19 years, Total, Total, Arad, Year 2018, Number of persons, 23099
15-19 years, Total, Total, Arad, Year 2019, Number of persons, 22644
15-19 years, Total, Total, Arad, Year 2020, Number of persons, 22144
15-19 years, Total, Total, Arad, Year 2021, Number of persons, 21982
15-19 years, Total, Total, Arad, Year 2022, Number of persons, 21815
15-19 years, Total, Total, Arad, Year 2023, Number of persons, 22608
15-19 years, Total, Total, Arad, Year 2024, Number of persons, 23071
15-19 years, Total, Total, Caras-Severin, Year 2013, Number of persons, 16205
15-19 years, Total, Total, Caras-Severin, Year 2014, Number of persons, 16197
15-19 years, Total, Total, Caras-Severin, Year 2015, Number of persons, 15973
15-19 years, Total, Total, Caras-Severin, Year 2016, Number of persons, 15826
15-19 years, Total, Total, Caras-Severin, Year 2017, Number of persons, 15606
15-19 years, Total, Total, Caras-Severin, Year 2018, Number of persons, 15289
15-19 years, Total, Total, Caras-Severin, Year 2019, Number of persons, 15010
15-19 years, Total, Total, Caras-Severin, Year 2020, Number of persons, 15137
15-19 years, Total, Total, Caras-Severin, Year 2021, Number of persons, 14981
15-19 years, Total, Total, Caras-Severin, Year 2022, Number of persons, 13662
15-19 years, Total, Total, Caras-Severin, Year 2023, Number of persons, 13958
15-19 years, Total, Total, Caras-Severin, Year 2024, Number of persons, 13817
15-19 years, Total, Total, Hunedoara, Year 2013, Number of persons, 22922
15-19 years, Total, Total, Hunedoara, Year 2014, Number of persons, 22488
15-19 years, Total, Total, Hunedoara, Year 2015, Number of persons, 21851
15-19 years, Total, Total, Hunedoara, Year 2016, Number of persons, 21481
15-19 years, Total, Total, Hunedoara, Year 2017, Number of persons, 20849
15-19 years, Total, Total, Hunedoara, Year 2018, Number of persons, 19942
15-19 years, Total, Total, Hunedoara, Year 2019, Number of persons, 19214
15-19 years, Total, Total, Hunedoara, Year 2020, Number of persons, 19098
15-19 years, Total, Total, Hunedoara, Year 2021, Number of persons, 18970
15-19 years, Total, Total, Hunedoara, Year 2022, Number of persons, 18017
15-19 years, Total, Total, Hunedoara, Year 2023, Number of persons, 18683
15-19 years, Total, Total, Hunedoara, Year 2024, Number of persons, 18886
15-19 years, Total, Total, Timis, Year 2013, Number of persons, 33374
15-19 years, Total, Total, Timis, Year 2014, Number of persons, 32586
15-19 years, Total, Total, Timis, Year 2015, Number of persons, 32004
15-19 years, Total, Total, Timis, Year 2016, Number of persons, 31823
15-19 years, Total, Total, Timis, Year 2017, Number of persons, 31326
15-19 years, Total, Total, Timis, Year 2018, Number of persons, 30760
15-19 years, Total, Total, Timis, Year 2019, Number of persons, 30155
15-19 years, Total, Total, Timis, Year 2020, Number of persons, 29786
15-19 years, Total, Total, Timis, Year 2021, Number of persons, 29990
15-19 years, Total, Total, Timis, Year 2022, Number of persons, 31451
15-19 years, Total, Total, Timis, Year 2023, Number of persons, 32848
15-19 years, Total, Total, Timis, Year 2024, Number of persons, 33870
20-24 years, Total, Total, Bihor, Year 2013, Number of persons, 39201
20-24 years, Total, Total, Bihor, Year 2014, Number of persons, 37077
20-24 years, Total, Total, Bihor, Year 2015, Number of persons, 35186
20-24 years, Total, Total, Bihor, Year 2016, Number of persons, 33495
20-24 years, Total, Total, Bihor, Year 2017, Number of persons, 32128
20-24 years, Total, Total, Bihor, Year 2018, Number of persons, 30904
20-24 years, Total, Total, Bihor, Year 2019, Number of persons, 30500
20-24 years, Total, Total, Bihor, Year 2020, Number of persons, 29965
20-24 years, Total, Total, Bihor, Year 2021, Number of persons, 29923
20-24 years, Total, Total, Bihor, Year 2022, Number of persons, 29535
20-24 years, Total, Total, Bihor, Year 2023, Number of persons, 30079
20-24 years, Total, Total, Bihor, Year 2024, Number of persons, 30689
20-24 years, Total, Total, Bistrita-Nasaud, Year 2013, Number of persons, 16602
20-24 years, Total, Total, Bistrita-Nasaud, Year 2014, Number of persons, 16162
20-24 years, Total, Total, Bistrita-Nasaud, Year 2015, Number of persons, 16041
20-24 years, Total, Total, Bistrita-Nasaud, Year 2016, Number of persons, 16170
20-24 years, Total, Total, Bistrita-Nasaud, Year 2017, Number of persons, 16354
20-24 years, Total, Total, Bistrita-Nasaud, Year 2018, Number of persons, 16761
20-24 years, Total, Total, Bistrita-Nasaud, Year 2019, Number of persons, 16627
20-24 years, Total, Total, Bistrita-Nasaud, Year 2020, Number of persons, 16190
20-24 years, Total, Total, Bistrita-Nasaud, Year 2021, Number of persons, 16205
20-24 years, Total, Total, Bistrita-Nasaud, Year 2022, Number of persons, 16465
20-24 years, Total, Total, Bistrita-Nasaud, Year 2023, Number of persons, 16465
20-24 years, Total, Total, Bistrita-Nasaud, Year 2024, Number of persons, 16988
20-24 years, Total, Total, Cluj, Year 2013, Number of persons, 69148
20-24 years, Total, Total, Cluj, Year 2014, Number of persons, 62661
20-24 years, Total, Total, Cluj, Year 2015, Number of persons, 54551
20-24 years, Total, Total, Cluj, Year 2016, Number of persons, 45747
20-24 years, Total, Total, Cluj, Year 2017, Number of persons, 38021
20-24 years, Total, Total, Cluj, Year 2018, Number of persons, 31458
20-24 years, Total, Total, Cluj, Year 2019, Number of persons, 30714
20-24 years, Total, Total, Cluj, Year 2020, Number of persons, 30082
20-24 years, Total, Total, Cluj, Year 2021, Number of persons, 30285
20-24 years, Total, Total, Cluj, Year 2022, Number of persons, 36694
20-24 years, Total, Total, Cluj, Year 2023, Number of persons, 36221
20-24 years, Total, Total, Cluj, Year 2024, Number of persons, 35511
20-24 years, Total, Total, Maramures, Year 2013, Number of persons, 30375
20-24 years, Total, Total, Maramures, Year 2014, Number of persons, 28753
20-24 years, Total, Total, Maramures, Year 2015, Number of persons, 27696
20-24 years, Total, Total, Maramures, Year 2016, Number of persons, 27093
20-24 years, Total, Total, Maramures, Year 2017, Number of persons, 26848
20-24 years, Total, Total, Maramures, Year 2018, Number of persons, 26760
20-24 years, Total, Total, Maramures, Year 2019, Number of persons, 26556
20-24 years, Total, Total, Maramures, Year 2020, Number of persons, 26171
20-24 years, Total, Total, Maramures, Year 2021, Number of persons, 26033
20-24 years, Total, Total, Maramures, Year 2022, Number of persons, 24077
20-24 years, Total, Total, Maramures, Year 2023, Number of persons, 24130
20-24 years, Total, Total, Maramures, Year 2024, Number of persons, 24733
20-24 years, Total, Total, Satu Mare, Year 2013, Number of persons, 21180
20-24 years, Total, Total, Satu Mare, Year 2014, Number of persons, 20132
20-24 years, Total, Total, Satu Mare, Year 2015, Number of persons, 19415
20-24 years, Total, Total, Satu Mare, Year 2016, Number of persons, 18851
20-24 years, Total, Total, Satu Mare, Year 2017, Number of persons, 18865
20-24 years, Total, Total, Satu Mare, Year 2018, Number of persons, 18937
20-24 years, Total, Total, Satu Mare, Year 2019, Number of persons, 18583
20-24 years, Total, Total, Satu Mare, Year 2020, Number of persons, 18140
20-24 years, Total, Total, Satu Mare, Year 2021, Number of persons, 18390
20-24 years, Total, Total, Satu Mare, Year 2022, Number of persons, 16788
20-24 years, Total, Total, Satu Mare, Year 2023, Number of persons, 17076
20-24 years, Total, Total, Satu Mare, Year 2024, Number of persons, 17827
20-24 years, Total, Total, Salaj, Year 2013, Number of persons, 11916
20-24 years, Total, Total, Salaj, Year 2014, Number of persons, 11517
20-24 years, Total, Total, Salaj, Year 2015, Number of persons, 11557
20-24 years, Total, Total, Salaj, Year 2016, Number of persons, 11706
20-24 years, Total, Total, Salaj, Year 2017, Number of persons, 11965
20-24 years, Total, Total, Salaj, Year 2018, Number of persons, 12304
20-24 years, Total, Total, Salaj, Year 2019, Number of persons, 12085
20-24 years, Total, Total, Salaj, Year 2020, Number of persons, 11789
20-24 years, Total, Total, Salaj, Year 2021, Number of persons, 11880
20-24 years, Total, Total, Salaj, Year 2022, Number of persons, 11195
20-24 years, Total, Total, Salaj, Year 2023, Number of persons, 11203
20-24 years, Total, Total, Salaj, Year 2024, Number of persons, 11504
20-24 years, Total, Total, Alba, Year 2013, Number of persons, 18514
20-24 years, Total, Total, Alba, Year 2014, Number of persons, 17817
20-24 years, Total, Total, Alba, Year 2015, Number of persons, 17486
20-24 years, Total, Total, Alba, Year 2016, Number of persons, 17363
20-24 years, Total, Total, Alba, Year 2017, Number of persons, 17558
20-24 years, Total, Total, Alba, Year 2018, Number of persons, 17796
20-24 years, Total, Total, Alba, Year 2019, Number of persons, 17564
20-24 years, Total, Total, Alba, Year 2020, Number of persons, 17440
20-24 years, Total, Total, Alba, Year 2021, Number of persons, 17466
20-24 years, Total, Total, Alba, Year 2022, Number of persons, 16140
20-24 years, Total, Total, Alba, Year 2023, Number of persons, 16138
20-24 years, Total, Total, Alba, Year 2024, Number of persons, 16410
20-24 years, Total, Total, Brasov, Year 2013, Number of persons, 38066
20-24 years, Total, Total, Brasov, Year 2014, Number of persons, 34871
20-24 years, Total, Total, Brasov, Year 2015, Number of persons, 31263
20-24 years, Total, Total, Brasov, Year 2016, Number of persons, 28456
20-24 years, Total, Total, Brasov, Year 2017, Number of persons, 26345
20-24 years, Total, Total, Brasov, Year 2018, Number of persons, 25008
20-24 years, Total, Total, Brasov, Year 2019, Number of persons, 24792
20-24 years, Total, Total, Brasov, Year 2020, Number of persons, 24917
20-24 years, Total, Total, Brasov, Year 2021, Number of persons, 25332
20-24 years, Total, Total, Brasov, Year 2022, Number of persons, 25400
20-24 years, Total, Total, Brasov, Year 2023, Number of persons, 25833
20-24 years, Total, Total, Brasov, Year 2024, Number of persons, 26813
20-24 years, Total, Total, Covasna, Year 2013, Number of persons, 12255
20-24 years, Total, Total, Covasna, Year 2014, Number of persons, 11251
20-24 years, Total, Total, Covasna, Year 2015, Number of persons, 10379
20-24 years, Total, Total, Covasna, Year 2016, Number of persons, 10097
20-24 years, Total, Total, Covasna, Year 2017, Number of persons, 10350
20-24 years, Total, Total, Covasna, Year 2018, Number of persons, 10612
20-24 years, Total, Total, Covasna, Year 2019, Number of persons, 10625
20-24 years, Total, Total, Covasna, Year 2020, Number of persons, 10742
20-24 years, Total, Total, Covasna, Year 2021, Number of persons, 10886
20-24 years, Total, Total, Covasna, Year 2022, Number of persons, 10654
20-24 years, Total, Total, Covasna, Year 2023, Number of persons, 10724
20-24 years, Total, Total, Covasna, Year 2024, Number of persons, 10974
20-24 years, Total, Total, Harghita, Year 2013, Number of persons, 19109
20-24 years, Total, Total, Harghita, Year 2014, Number of persons, 17740
20-24 years, Total, Total, Harghita, Year 2015, Number of persons, 16859
20-24 years, Total, Total, Harghita, Year 2016, Number of persons, 16525
20-24 years, Total, Total, Harghita, Year 2017, Number of persons, 16297
20-24 years, Total, Total, Harghita, Year 2018, Number of persons, 16411
20-24 years, Total, Total, Harghita, Year 2019, Number of persons, 16460
20-24 years, Total, Total, Harghita, Year 2020, Number of persons, 16224
20-24 years, Total, Total, Harghita, Year 2021, Number of persons, 16200
20-24 years, Total, Total, Harghita, Year 2022, Number of persons, 15472
20-24 years, Total, Total, Harghita, Year 2023, Number of persons, 15514
20-24 years, Total, Total, Harghita, Year 2024, Number of persons, 15765
20-24 years, Total, Total, Mures, Year 2013, Number of persons, 35495
20-24 years, Total, Total, Mures, Year 2014, Number of persons, 33288
20-24 years, Total, Total, Mures, Year 2015, Number of persons, 31830
20-24 years, Total, Total, Mures, Year 2016, Number of persons, 30141
20-24 years, Total, Total, Mures, Year 2017, Number of persons, 29105
20-24 years, Total, Total, Mures, Year 2018, Number of persons, 28707
20-24 years, Total, Total, Mures, Year 2019, Number of persons, 28489
20-24 years, Total, Total, Mures, Year 2020, Number of persons, 28239
20-24 years, Total, Total, Mures, Year 2021, Number of persons, 28760
20-24 years, Total, Total, Mures, Year 2022, Number of persons, 28473
20-24 years, Total, Total, Mures, Year 2023, Number of persons, 28811
20-24 years, Total, Total, Mures, Year 2024, Number of persons, 29632
20-24 years, Total, Total, Sibiu, Year 2013, Number of persons, 29306
20-24 years, Total, Total, Sibiu, Year 2014, Number of persons, 27293
20-24 years, Total, Total, Sibiu, Year 2015, Number of persons, 25116
20-24 years, Total, Total, Sibiu, Year 2016, Number of persons, 23288
20-24 years, Total, Total, Sibiu, Year 2017, Number of persons, 21614
20-24 years, Total, Total, Sibiu, Year 2018, Number of persons, 20276
20-24 years, Total, Total, Sibiu, Year 2019, Number of persons, 20397
20-24 years, Total, Total, Sibiu, Year 2020, Number of persons, 20410
20-24 years, Total, Total, Sibiu, Year 2021, Number of persons, 20643
20-24 years, Total, Total, Sibiu, Year 2022, Number of persons, 19869
20-24 years, Total, Total, Sibiu, Year 2023, Number of persons, 20370
20-24 years, Total, Total, Sibiu, Year 2024, Number of persons, 20689
20-24 years, Total, Total, Bacau, Year 2013, Number of persons, 34725
20-24 years, Total, Total, Bacau, Year 2014, Number of persons, 34524
20-24 years, Total, Total, Bacau, Year 2015, Number of persons, 35212
20-24 years, Total, Total, Bacau, Year 2016, Number of persons, 35415
20-24 years, Total, Total, Bacau, Year 2017, Number of persons, 35824
20-24 years, Total, Total, Bacau, Year 2018, Number of persons, 36251
20-24 years, Total, Total, Bacau, Year 2019, Number of persons, 36203
20-24 years, Total, Total, Bacau, Year 2020, Number of persons, 35742
20-24 years, Total, Total, Bacau, Year 2021, Number of persons, 35754
20-24 years, Total, Total, Bacau, Year 2022, Number of persons, 30903
20-24 years, Total, Total, Bacau, Year 2023, Number of persons, 31326
20-24 years, Total, Total, Bacau, Year 2024, Number of persons, 32741
20-24 years, Total, Total, Botosani, Year 2013, Number of persons, 21928
20-24 years, Total, Total, Botosani, Year 2014, Number of persons, 21497
20-24 years, Total, Total, Botosani, Year 2015, Number of persons, 22037
20-24 years, Total, Total, Botosani, Year 2016, Number of persons, 22751
20-24 years, Total, Total, Botosani, Year 2017, Number of persons, 23617
20-24 years, Total, Total, Botosani, Year 2018, Number of persons, 24462
20-24 years, Total, Total, Botosani, Year 2019, Number of persons, 24373
20-24 years, Total, Total, Botosani, Year 2020, Number of persons, 24370
20-24 years, Total, Total, Botosani, Year 2021, Number of persons, 24598
20-24 years, Total, Total, Botosani, Year 2022, Number of persons, 22869
20-24 years, Total, Total, Botosani, Year 2023, Number of persons, 23176
20-24 years, Total, Total, Botosani, Year 2024, Number of persons, 24038
20-24 years, Total, Total, Iasi, Year 2013, Number of persons, 67072
20-24 years, Total, Total, Iasi, Year 2014, Number of persons, 62322
20-24 years, Total, Total, Iasi, Year 2015, Number of persons, 57306
20-24 years, Total, Total, Iasi, Year 2016, Number of persons, 52229
20-24 years, Total, Total, Iasi, Year 2017, Number of persons, 47442
20-24 years, Total, Total, Iasi, Year 2018, Number of persons, 44273
20-24 years, Total, Total, Iasi, Year 2019, Number of persons, 44620
20-24 years, Total, Total, Iasi, Year 2020, Number of persons, 44180
20-24 years, Total, Total, Iasi, Year 2021, Number of persons, 44817
20-24 years, Total, Total, Iasi, Year 2022, Number of persons, 47172
20-24 years, Total, Total, Iasi, Year 2023, Number of persons, 49333
20-24 years, Total, Total, Iasi, Year 2024, Number of persons, 50768
20-24 years, Total, Total, Neamt, Year 2013, Number of persons, 22472
20-24 years, Total, Total, Neamt, Year 2014, Number of persons, 22752
20-24 years, Total, Total, Neamt, Year 2015, Number of persons, 23733
20-24 years, Total, Total, Neamt, Year 2016, Number of persons, 24907
20-24 years, Total, Total, Neamt, Year 2017, Number of persons, 25842
20-24 years, Total, Total, Neamt, Year 2018, Number of persons, 26759
20-24 years, Total, Total, Neamt, Year 2019, Number of persons, 26419
20-24 years, Total, Total, Neamt, Year 2020, Number of persons, 26268
20-24 years, Total, Total, Neamt, Year 2021, Number of persons, 26406
20-24 years, Total, Total, Neamt, Year 2022, Number of persons, 21680
20-24 years, Total, Total, Neamt, Year 2023, Number of persons, 21821
20-24 years, Total, Total, Neamt, Year 2024, Number of persons, 22876
20-24 years, Total, Total, Suceava, Year 2013, Number of persons, 39201
20-24 years, Total, Total, Suceava, Year 2014, Number of persons, 39266
20-24 years, Total, Total, Suceava, Year 2015, Number of persons, 40102
20-24 years, Total, Total, Suceava, Year 2016, Number of persons, 40469
20-24 years, Total, Total, Suceava, Year 2017, Number of persons, 41063
20-24 years, Total, Total, Suceava, Year 2018, Number of persons, 41618
20-24 years, Total, Total, Suceava, Year 2019, Number of persons, 40996
20-24 years, Total, Total, Suceava, Year 2020, Number of persons, 40403
20-24 years, Total, Total, Suceava, Year 2021, Number of persons, 40369
20-24 years, Total, Total, Suceava, Year 2022, Number of persons, 36167
20-24 years, Total, Total, Suceava, Year 2023, Number of persons, 36765
20-24 years, Total, Total, Suceava, Year 2024, Number of persons, 38144
20-24 years, Total, Total, Vaslui, Year 2013, Number of persons, 19209
20-24 years, Total, Total, Vaslui, Year 2014, Number of persons, 19397
20-24 years, Total, Total, Vaslui, Year 2015, Number of persons, 20435
20-24 years, Total, Total, Vaslui, Year 2016, Number of persons, 21468
20-24 years, Total, Total, Vaslui, Year 2017, Number of persons, 22702
20-24 years, Total, Total, Vaslui, Year 2018, Number of persons, 23879
20-24 years, Total, Total, Vaslui, Year 2019, Number of persons, 24123
20-24 years, Total, Total, Vaslui, Year 2020, Number of persons, 24398
20-24 years, Total, Total, Vaslui, Year 2021, Number of persons, 24907
20-24 years, Total, Total, Vaslui, Year 2022, Number of persons, 20665
20-24 years, Total, Total, Vaslui, Year 2023, Number of persons, 20954
20-24 years, Total, Total, Vaslui, Year 2024, Number of persons, 21806
20-24 years, Total, Total, Braila, Year 2013, Number of persons, 15089
20-24 years, Total, Total, Braila, Year 2014, Number of persons, 14398
20-24 years, Total, Total, Braila, Year 2015, Number of persons, 14139
20-24 years, Total, Total, Braila, Year 2016, Number of persons, 14403
20-24 years, Total, Total, Braila, Year 2017, Number of persons, 14898
20-24 years, Total, Total, Braila, Year 2018, Number of persons, 15266
20-24 years, Total, Total, Braila, Year 2019, Number of persons, 14965
20-24 years, Total, Total, Braila, Year 2020, Number of persons, 14694
20-24 years, Total, Total, Braila, Year 2021, Number of persons, 14518
20-24 years, Total, Total, Braila, Year 2022, Number of persons, 12311
20-24 years, Total, Total, Braila, Year 2023, Number of persons, 12571
20-24 years, Total, Total, Braila, Year 2024, Number of persons, 13413
20-24 years, Total, Total, Buzau, Year 2013, Number of persons, 21550
20-24 years, Total, Total, Buzau, Year 2014, Number of persons, 20901
20-24 years, Total, Total, Buzau, Year 2015, Number of persons, 20990
20-24 years, Total, Total, Buzau, Year 2016, Number of persons, 21610
20-24 years, Total, Total, Buzau, Year 2017, Number of persons, 22409
20-24 years, Total, Total, Buzau, Year 2018, Number of persons, 22995
20-24 years, Total, Total, Buzau, Year 2019, Number of persons, 22624
20-24 years, Total, Total, Buzau, Year 2020, Number of persons, 22148
20-24 years, Total, Total, Buzau, Year 2021, Number of persons, 21920
20-24 years, Total, Total, Buzau, Year 2022, Number of persons, 19326
20-24 years, Total, Total, Buzau, Year 2023, Number of persons, 19458
20-24 years, Total, Total, Buzau, Year 2024, Number of persons, 20234
20-24 years, Total, Total, Constanta, Year 2013, Number of persons, 43634
20-24 years, Total, Total, Constanta, Year 2014, Number of persons, 39935
20-24 years, Total, Total, Constanta, Year 2015, Number of persons, 36434
20-24 years, Total, Total, Constanta, Year 2016, Number of persons, 33857
20-24 years, Total, Total, Constanta, Year 2017, Number of persons, 33099
20-24 years, Total, Total, Constanta, Year 2018, Number of persons, 33007
20-24 years, Total, Total, Constanta, Year 2019, Number of persons, 33202
20-24 years, Total, Total, Constanta, Year 2020, Number of persons, 33287
20-24 years, Total, Total, Constanta, Year 2021, Number of persons, 33715
20-24 years, Total, Total, Constanta, Year 2022, Number of persons, 30745
20-24 years, Total, Total, Constanta, Year 2023, Number of persons, 31526
20-24 years, Total, Total, Constanta, Year 2024, Number of persons, 32814
20-24 years, Total, Total, Galati, Year 2013, Number of persons, 30778
20-24 years, Total, Total, Galati, Year 2014, Number of persons, 29348
20-24 years, Total, Total, Galati, Year 2015, Number of persons, 28847
20-24 years, Total, Total, Galati, Year 2016, Number of persons, 28790
20-24 years, Total, Total, Galati, Year 2017, Number of persons, 28893
20-24 years, Total, Total, Galati, Year 2018, Number of persons, 28955
20-24 years, Total, Total, Galati, Year 2019, Number of persons, 28971
20-24 years, Total, Total, Galati, Year 2020, Number of persons, 28591
20-24 years, Total, Total, Galati, Year 2021, Number of persons, 28327
20-24 years, Total, Total, Galati, Year 2022, Number of persons, 24525
20-24 years, Total, Total, Galati, Year 2023, Number of persons, 24521
20-24 years, Total, Total, Galati, Year 2024, Number of persons, 25452
20-24 years, Total, Total, Tulcea, Year 2013, Number of persons, 10378
20-24 years, Total, Total, Tulcea, Year 2014, Number of persons, 9789
20-24 years, Total, Total, Tulcea, Year 2015, Number of persons, 9557
20-24 years, Total, Total, Tulcea, Year 2016, Number of persons, 9621
20-24 years, Total, Total, Tulcea, Year 2017, Number of persons, 9954
20-24 years, Total, Total, Tulcea, Year 2018, Number of persons, 10160
20-24 years, Total, Total, Tulcea, Year 2019, Number of persons, 10109
20-24 years, Total, Total, Tulcea, Year 2020, Number of persons, 10138
20-24 years, Total, Total, Tulcea, Year 2021, Number of persons, 10213
20-24 years, Total, Total, Tulcea, Year 2022, Number of persons, 8736
20-24 years, Total, Total, Tulcea, Year 2023, Number of persons, 9104
20-24 years, Total, Total, Tulcea, Year 2024, Number of persons, 9595
20-24 years, Total, Total, Vrancea, Year 2013, Number of persons, 17670
20-24 years, Total, Total, Vrancea, Year 2014, Number of persons, 17267
20-24 years, Total, Total, Vrancea, Year 2015, Number of persons, 17304
20-24 years, Total, Total, Vrancea, Year 2016, Number of persons, 17679
20-24 years, Total, Total, Vrancea, Year 2017, Number of persons, 18263
20-24 years, Total, Total, Vrancea, Year 2018, Number of persons, 18562
20-24 years, Total, Total, Vrancea, Year 2019, Number of persons, 18299
20-24 years, Total, Total, Vrancea, Year 2020, Number of persons, 18092
20-24 years, Total, Total, Vrancea, Year 2021, Number of persons, 18109
20-24 years, Total, Total, Vrancea, Year 2022, Number of persons, 16904
20-24 years, Total, Total, Vrancea, Year 2023, Number of persons, 17164
20-24 years, Total, Total, Vrancea, Year 2024, Number of persons, 17773
20-24 years, Total, Total, Arges, Year 2013, Number of persons, 35232
20-24 years, Total, Total, Arges, Year 2014, Number of persons, 34006
20-24 years, Total, Total, Arges, Year 2015, Number of persons, 33171
20-24 years, Total, Total, Arges, Year 2016, Number of persons, 32702
20-24 years, Total, Total, Arges, Year 2017, Number of persons, 32145
20-24 years, Total, Total, Arges, Year 2018, Number of persons, 31458
20-24 years, Total, Total, Arges, Year 2019, Number of persons, 30402
20-24 years, Total, Total, Arges, Year 2020, Number of persons, 29624
20-24 years, Total, Total, Arges, Year 2021, Number of persons, 28780
20-24 years, Total, Total, Arges, Year 2022, Number of persons, 26595
20-24 years, Total, Total, Arges, Year 2023, Number of persons, 26552
20-24 years, Total, Total, Arges, Year 2024, Number of persons, 27254
20-24 years, Total, Total, Calarasi, Year 2013, Number of persons, 16906
20-24 years, Total, Total, Calarasi, Year 2014, Number of persons, 15714
20-24 years, Total, Total, Calarasi, Year 2015, Number of persons, 14892
20-24 years, Total, Total, Calarasi, Year 2016, Number of persons, 14798
20-24 years, Total, Total, Calarasi, Year 2017, Number of persons, 14994
20-24 years, Total, Total, Calarasi, Year 2018, Number of persons, 15346
20-24 years, Total, Total, Calarasi, Year 2019, Number of persons, 15563
20-24 years, Total, Total, Calarasi, Year 2020, Number of persons, 15388
20-24 years, Total, Total, Calarasi, Year 2021, Number of persons, 15472
20-24 years, Total, Total, Calarasi, Year 2022, Number of persons, 14383
20-24 years, Total, Total, Calarasi, Year 2023, Number of persons, 14580
20-24 years, Total, Total, Calarasi, Year 2024, Number of persons, 15033
20-24 years, Total, Total, Dambovita, Year 2013, Number of persons, 33008
20-24 years, Total, Total, Dambovita, Year 2014, Number of persons, 30691
20-24 years, Total, Total, Dambovita, Year 2015, Number of persons, 29129
20-24 years, Total, Total, Dambovita, Year 2016, Number of persons, 28357
20-24 years, Total, Total, Dambovita, Year 2017, Number of persons, 27946
20-24 years, Total, Total, Dambovita, Year 2018, Number of persons, 27621
20-24 years, Total, Total, Dambovita, Year 2019, Number of persons, 27187
20-24 years, Total, Total, Dambovita, Year 2020, Number of persons, 26507
20-24 years, Total, Total, Dambovita, Year 2021, Number of persons, 26449
20-24 years, Total, Total, Dambovita, Year 2022, Number of persons, 24954
20-24 years, Total, Total, Dambovita, Year 2023, Number of persons, 25085
20-24 years, Total, Total, Dambovita, Year 2024, Number of persons, 25704
20-24 years, Total, Total, Giurgiu, Year 2013, Number of persons, 16757
20-24 years, Total, Total, Giurgiu, Year 2014, Number of persons, 15596
20-24 years, Total, Total, Giurgiu, Year 2015, Number of persons, 15109
20-24 years, Total, Total, Giurgiu, Year 2016, Number of persons, 14933
20-24 years, Total, Total, Giurgiu, Year 2017, Number of persons, 15144
20-24 years, Total, Total, Giurgiu, Year 2018, Number of persons, 15241
20-24 years, Total, Total, Giurgiu, Year 2019, Number of persons, 15205
20-24 years, Total, Total, Giurgiu, Year 2020, Number of persons, 15052
20-24 years, Total, Total, Giurgiu, Year 2021, Number of persons, 14773
20-24 years, Total, Total, Giurgiu, Year 2022, Number of persons, 13215
20-24 years, Total, Total, Giurgiu, Year 2023, Number of persons, 13133
20-24 years, Total, Total, Giurgiu, Year 2024, Number of persons, 13459
20-24 years, Total, Total, Ialomita, Year 2013, Number of persons, 14042
20-24 years, Total, Total, Ialomita, Year 2014, Number of persons, 13605
20-24 years, Total, Total, Ialomita, Year 2015, Number of persons, 13345
20-24 years, Total, Total, Ialomita, Year 2016, Number of persons, 13750
20-24 years, Total, Total, Ialomita, Year 2017, Number of persons, 14272
20-24 years, Total, Total, Ialomita, Year 2018, Number of persons, 14755
20-24 years, Total, Total, Ialomita, Year 2019, Number of persons, 14513
20-24 years, Total, Total, Ialomita, Year 2020, Number of persons, 14644
20-24 years, Total, Total, Ialomita, Year 2021, Number of persons, 14764
20-24 years, Total, Total, Ialomita, Year 2022, Number of persons, 12545
20-24 years, Total, Total, Ialomita, Year 2023, Number of persons, 12725
20-24 years, Total, Total, Ialomita, Year 2024, Number of persons, 13340
20-24 years, Total, Total, Prahova, Year 2013, Number of persons, 43708
20-24 years, Total, Total, Prahova, Year 2014, Number of persons, 40881
20-24 years, Total, Total, Prahova, Year 2015, Number of persons, 38493
20-24 years, Total, Total, Prahova, Year 2016, Number of persons, 37205
20-24 years, Total, Total, Prahova, Year 2017, Number of persons, 36452
20-24 years, Total, Total, Prahova, Year 2018, Number of persons, 35998
20-24 years, Total, Total, Prahova, Year 2019, Number of persons, 34923
20-24 years, Total, Total, Prahova, Year 2020, Number of persons, 34025
20-24 years, Total, Total, Prahova, Year 2021, Number of persons, 34192
20-24 years, Total, Total, Prahova, Year 2022, Number of persons, 32282
20-24 years, Total, Total, Prahova, Year 2023, Number of persons, 32772
20-24 years, Total, Total, Prahova, Year 2024, Number of persons, 33884
20-24 years, Total, Total, Teleorman, Year 2013, Number of persons, 17969
20-24 years, Total, Total, Teleorman, Year 2014, Number of persons, 17661
20-24 years, Total, Total, Teleorman, Year 2015, Number of persons, 17693
20-24 years, Total, Total, Teleorman, Year 2016, Number of persons, 17772
20-24 years, Total, Total, Teleorman, Year 2017, Number of persons, 17974
20-24 years, Total, Total, Teleorman, Year 2018, Number of persons, 18152
20-24 years, Total, Total, Teleorman, Year 2019, Number of persons, 17603
20-24 years, Total, Total, Teleorman, Year 2020, Number of persons, 17411
20-24 years, Total, Total, Teleorman, Year 2021, Number of persons, 17157
20-24 years, Total, Total, Teleorman, Year 2022, Number of persons, 14903
20-24 years, Total, Total, Teleorman, Year 2023, Number of persons, 14645
20-24 years, Total, Total, Teleorman, Year 2024, Number of persons, 14934
20-24 years, Total, Total, Ilfov, Year 2013, Number of persons, 25609
20-24 years, Total, Total, Ilfov, Year 2014, Number of persons, 23514
20-24 years, Total, Total, Ilfov, Year 2015, Number of persons, 22277
20-24 years, Total, Total, Ilfov, Year 2016, Number of persons, 21502
20-24 years, Total, Total, Ilfov, Year 2017, Number of persons, 21497
20-24 years, Total, Total, Ilfov, Year 2018, Number of persons, 22046
20-24 years, Total, Total, Ilfov, Year 2019, Number of persons, 23283
20-24 years, Total, Total, Ilfov, Year 2020, Number of persons, 23707
20-24 years, Total, Total, Ilfov, Year 2021, Number of persons, 25794
20-24 years, Total, Total, Ilfov, Year 2022, Number of persons, 25090
20-24 years, Total, Total, Ilfov, Year 2023, Number of persons, 25219
20-24 years, Total, Total, Ilfov, Year 2024, Number of persons, 25806
20-24 years, Total, Total, Bucharest Municipality, Year 2013, Number of persons, 140170
20-24 years, Total, Total, Bucharest Municipality, Year 2014, Number of persons, 119180
20-24 years, Total, Total, Bucharest Municipality, Year 2015, Number of persons, 98749
20-24 years, Total, Total, Bucharest Municipality, Year 2016, Number of persons, 83147
20-24 years, Total, Total, Bucharest Municipality, Year 2017, Number of persons, 71115
20-24 years, Total, Total, Bucharest Municipality, Year 2018, Number of persons, 62096
20-24 years, Total, Total, Bucharest Municipality, Year 2019, Number of persons, 61496
20-24 years, Total, Total, Bucharest Municipality, Year 2020, Number of persons, 60179
20-24 years, Total, Total, Bucharest Municipality, Year 2021, Number of persons, 60715
20-24 years, Total, Total, Bucharest Municipality, Year 2022, Number of persons, 73301
20-24 years, Total, Total, Bucharest Municipality, Year 2023, Number of persons, 71672
20-24 years, Total, Total, Bucharest Municipality, Year 2024, Number of persons, 71605
20-24 years, Total, Total, Dolj, Year 2013, Number of persons, 41976
20-24 years, Total, Total, Dolj, Year 2014, Number of persons, 40063
20-24 years, Total, Total, Dolj, Year 2015, Number of persons, 38388
20-24 years, Total, Total, Dolj, Year 2016, Number of persons, 36627
20-24 years, Total, Total, Dolj, Year 2017, Number of persons, 35066
20-24 years, Total, Total, Dolj, Year 2018, Number of persons, 33865
20-24 years, Total, Total, Dolj, Year 2019, Number of persons, 33178
20-24 years, Total, Total, Dolj, Year 2020, Number of persons, 32329
20-24 years, Total, Total, Dolj, Year 2021, Number of persons, 32499
20-24 years, Total, Total, Dolj, Year 2022, Number of persons, 30829
20-24 years, Total, Total, Dolj, Year 2023, Number of persons, 31181
20-24 years, Total, Total, Dolj, Year 2024, Number of persons, 31780
20-24 years, Total, Total, Gorj, Year 2013, Number of persons, 18847
20-24 years, Total, Total, Gorj, Year 2014, Number of persons, 18632
20-24 years, Total, Total, Gorj, Year 2015, Number of persons, 18796
20-24 years, Total, Total, Gorj, Year 2016, Number of persons, 19129
20-24 years, Total, Total, Gorj, Year 2017, Number of persons, 19605
20-24 years, Total, Total, Gorj, Year 2018, Number of persons, 19965
20-24 years, Total, Total, Gorj, Year 2019, Number of persons, 19159
20-24 years, Total, Total, Gorj, Year 2020, Number of persons, 18343
20-24 years, Total, Total, Gorj, Year 2021, Number of persons, 17928
20-24 years, Total, Total, Gorj, Year 2022, Number of persons, 16306
20-24 years, Total, Total, Gorj, Year 2023, Number of persons, 16255
20-24 years, Total, Total, Gorj, Year 2024, Number of persons, 16628
20-24 years, Total, Total, Mehedinti, Year 2013, Number of persons, 13849
20-24 years, Total, Total, Mehedinti, Year 2014, Number of persons, 13518
20-24 years, Total, Total, Mehedinti, Year 2015, Number of persons, 13463
20-24 years, Total, Total, Mehedinti, Year 2016, Number of persons, 13519
20-24 years, Total, Total, Mehedinti, Year 2017, Number of persons, 13608
20-24 years, Total, Total, Mehedinti, Year 2018, Number of persons, 13787
20-24 years, Total, Total, Mehedinti, Year 2019, Number of persons, 13415
20-24 years, Total, Total, Mehedinti, Year 2020, Number of persons, 13303
20-24 years, Total, Total, Mehedinti, Year 2021, Number of persons, 13126
20-24 years, Total, Total, Mehedinti, Year 2022, Number of persons, 11034
20-24 years, Total, Total, Mehedinti, Year 2023, Number of persons, 11060
20-24 years, Total, Total, Mehedinti, Year 2024, Number of persons, 11673
20-24 years, Total, Total, Olt, Year 2013, Number of persons, 22106
20-24 years, Total, Total, Olt, Year 2014, Number of persons, 21695
20-24 years, Total, Total, Olt, Year 2015, Number of persons, 22007
20-24 years, Total, Total, Olt, Year 2016, Number of persons, 22401
20-24 years, Total, Total, Olt, Year 2017, Number of persons, 23073
20-24 years, Total, Total, Olt, Year 2018, Number of persons, 23553
20-24 years, Total, Total, Olt, Year 2019, Number of persons, 22963
20-24 years, Total, Total, Olt, Year 2020, Number of persons, 22439
20-24 years, Total, Total, Olt, Year 2021, Number of persons, 22265
20-24 years, Total, Total, Olt, Year 2022, Number of persons, 19039
20-24 years, Total, Total, Olt, Year 2023, Number of persons, 18488
20-24 years, Total, Total, Olt, Year 2024, Number of persons, 18682
20-24 years, Total, Total, Valcea, Year 2013, Number of persons, 19131
20-24 years, Total, Total, Valcea, Year 2014, Number of persons, 18485
20-24 years, Total, Total, Valcea, Year 2015, Number of persons, 18459
20-24 years, Total, Total, Valcea, Year 2016, Number of persons, 18419
20-24 years, Total, Total, Valcea, Year 2017, Number of persons, 18680
20-24 years, Total, Total, Valcea, Year 2018, Number of persons, 19034
20-24 years, Total, Total, Valcea, Year 2019, Number of persons, 18670
20-24 years, Total, Total, Valcea, Year 2020, Number of persons, 18180
20-24 years, Total, Total, Valcea, Year 2021, Number of persons, 18135
20-24 years, Total, Total, Valcea, Year 2022, Number of persons, 16003
20-24 years, Total, Total, Valcea, Year 2023, Number of persons, 16157
20-24 years, Total, Total, Valcea, Year 2024, Number of persons, 16586
20-24 years, Total, Total, Arad, Year 2013, Number of persons, 26485
20-24 years, Total, Total, Arad, Year 2014, Number of persons, 24876
20-24 years, Total, Total, Arad, Year 2015, Number of persons, 23968
20-24 years, Total, Total, Arad, Year 2016, Number of persons, 23177
20-24 years, Total, Total, Arad, Year 2017, Number of persons, 22435
20-24 years, Total, Total, Arad, Year 2018, Number of persons, 22331
20-24 years, Total, Total, Arad, Year 2019, Number of persons, 22334
20-24 years, Total, Total, Arad, Year 2020, Number of persons, 22132
20-24 years, Total, Total, Arad, Year 2021, Number of persons, 22309
20-24 years, Total, Total, Arad, Year 2022, Number of persons, 20587
20-24 years, Total, Total, Arad, Year 2023, Number of persons, 20566
20-24 years, Total, Total, Arad, Year 2024, Number of persons, 20982
20-24 years, Total, Total, Caras-Severin, Year 2013, Number of persons, 15863
20-24 years, Total, Total, Caras-Severin, Year 2014, Number of persons, 15176
20-24 years, Total, Total, Caras-Severin, Year 2015, Number of persons, 14899
20-24 years, Total, Total, Caras-Severin, Year 2016, Number of persons, 14871
20-24 years, Total, Total, Caras-Severin, Year 2017, Number of persons, 14808
20-24 years, Total, Total, Caras-Severin, Year 2018, Number of persons, 14939
20-24 years, Total, Total, Caras-Severin, Year 2019, Number of persons, 14835
20-24 years, Total, Total, Caras-Severin, Year 2020, Number of persons, 14703
20-24 years, Total, Total, Caras-Severin, Year 2021, Number of persons, 14574
20-24 years, Total, Total, Caras-Severin, Year 2022, Number of persons, 11555
20-24 years, Total, Total, Caras-Severin, Year 2023, Number of persons, 11805
20-24 years, Total, Total, Caras-Severin, Year 2024, Number of persons, 12347
20-24 years, Total, Total, Hunedoara, Year 2013, Number of persons, 20912
20-24 years, Total, Total, Hunedoara, Year 2014, Number of persons, 20218
20-24 years, Total, Total, Hunedoara, Year 2015, Number of persons, 20036
20-24 years, Total, Total, Hunedoara, Year 2016, Number of persons, 20372
20-24 years, Total, Total, Hunedoara, Year 2017, Number of persons, 20698
20-24 years, Total, Total, Hunedoara, Year 2018, Number of persons, 20905
20-24 years, Total, Total, Hunedoara, Year 2019, Number of persons, 20301
20-24 years, Total, Total, Hunedoara, Year 2020, Number of persons, 19686
20-24 years, Total, Total, Hunedoara, Year 2021, Number of persons, 19351
20-24 years, Total, Total, Hunedoara, Year 2022, Number of persons, 15888
20-24 years, Total, Total, Hunedoara, Year 2023, Number of persons, 15908
20-24 years, Total, Total, Hunedoara, Year 2024, Number of persons, 16385
20-24 years, Total, Total, Timis, Year 2013, Number of persons, 66228
20-24 years, Total, Total, Timis, Year 2014, Number of persons, 59583
20-24 years, Total, Total, Timis, Year 2015, Number of persons, 52432
20-24 years, Total, Total, Timis, Year 2016, Number of persons, 44932
20-24 years, Total, Total, Timis, Year 2017, Number of persons, 38645
20-24 years, Total, Total, Timis, Year 2018, Number of persons, 33599
20-24 years, Total, Total, Timis, Year 2019, Number of persons, 32893
20-24 years, Total, Total, Timis, Year 2020, Number of persons, 31768
20-24 years, Total, Total, Timis, Year 2021, Number of persons, 31587
20-24 years, Total, Total, Timis, Year 2022, Number of persons, 32236
20-24 years, Total, Total, Timis, Year 2023, Number of persons, 31872
20-24 years, Total, Total, Timis, Year 2024, Number of persons, 32048
25-29 years, Total, Total, Bihor, Year 2013, Number of persons, 39668
25-29 years, Total, Total, Bihor, Year 2014, Number of persons, 40806
25-29 years, Total, Total, Bihor, Year 2015, Number of persons, 41303
25-29 years, Total, Total, Bihor, Year 2016, Number of persons, 40107
25-29 years, Total, Total, Bihor, Year 2017, Number of persons, 38911
25-29 years, Total, Total, Bihor, Year 2018, Number of persons, 37434
25-29 years, Total, Total, Bihor, Year 2019, Number of persons, 35259
25-29 years, Total, Total, Bihor, Year 2020, Number of persons, 33199
25-29 years, Total, Total, Bihor, Year 2021, Number of persons, 31674
25-29 years, Total, Total, Bihor, Year 2022, Number of persons, 29794
25-29 years, Total, Total, Bihor, Year 2023, Number of persons, 29546
25-29 years, Total, Total, Bihor, Year 2024, Number of persons, 30107
25-29 years, Total, Total, Bistrita-Nasaud, Year 2013, Number of persons, 18279
25-29 years, Total, Total, Bistrita-Nasaud, Year 2014, Number of persons, 18505
25-29 years, Total, Total, Bistrita-Nasaud, Year 2015, Number of persons, 18446
25-29 years, Total, Total, Bistrita-Nasaud, Year 2016, Number of persons, 17625
25-29 years, Total, Total, Bistrita-Nasaud, Year 2017, Number of persons, 16417
25-29 years, Total, Total, Bistrita-Nasaud, Year 2018, Number of persons, 15185
25-29 years, Total, Total, Bistrita-Nasaud, Year 2019, Number of persons, 14637
25-29 years, Total, Total, Bistrita-Nasaud, Year 2020, Number of persons, 14384
25-29 years, Total, Total, Bistrita-Nasaud, Year 2021, Number of persons, 14509
25-29 years, Total, Total, Bistrita-Nasaud, Year 2022, Number of persons, 15954
25-29 years, Total, Total, Bistrita-Nasaud, Year 2023, Number of persons, 15948
25-29 years, Total, Total, Bistrita-Nasaud, Year 2024, Number of persons, 16097
25-29 years, Total, Total, Cluj, Year 2013, Number of persons, 57808
25-29 years, Total, Total, Cluj, Year 2014, Number of persons, 62414
25-29 years, Total, Total, Cluj, Year 2015, Number of persons, 67114
25-29 years, Total, Total, Cluj, Year 2016, Number of persons, 70365
25-29 years, Total, Total, Cluj, Year 2017, Number of persons, 72724
25-29 years, Total, Total, Cluj, Year 2018, Number of persons, 72769
25-29 years, Total, Total, Cluj, Year 2019, Number of persons, 66345
25-29 years, Total, Total, Cluj, Year 2020, Number of persons, 57704
25-29 years, Total, Total, Cluj, Year 2021, Number of persons, 48858
25-29 years, Total, Total, Cluj, Year 2022, Number of persons, 42156
25-29 years, Total, Total, Cluj, Year 2023, Number of persons, 42426
25-29 years, Total, Total, Cluj, Year 2024, Number of persons, 43171
25-29 years, Total, Total, Maramures, Year 2013, Number of persons, 32885
25-29 years, Total, Total, Maramures, Year 2014, Number of persons, 33631
25-29 years, Total, Total, Maramures, Year 2015, Number of persons, 33579
25-29 years, Total, Total, Maramures, Year 2016, Number of persons, 31993
25-29 years, Total, Total, Maramures, Year 2017, Number of persons, 30402
25-29 years, Total, Total, Maramures, Year 2018, Number of persons, 28450
25-29 years, Total, Total, Maramures, Year 2019, Number of persons, 26764
25-29 years, Total, Total, Maramures, Year 2020, Number of persons, 25497
25-29 years, Total, Total, Maramures, Year 2021, Number of persons, 24972
25-29 years, Total, Total, Maramures, Year 2022, Number of persons, 23834
25-29 years, Total, Total, Maramures, Year 2023, Number of persons, 23608
25-29 years, Total, Total, Maramures, Year 2024, Number of persons, 24076
25-29 years, Total, Total, Satu Mare, Year 2013, Number of persons, 23602
25-29 years, Total, Total, Satu Mare, Year 2014, Number of persons, 24097
25-29 years, Total, Total, Satu Mare, Year 2015, Number of persons, 24012
25-29 years, Total, Total, Satu Mare, Year 2016, Number of persons, 22929
25-29 years, Total, Total, Satu Mare, Year 2017, Number of persons, 21244
25-29 years, Total, Total, Satu Mare, Year 2018, Number of persons, 19764
25-29 years, Total, Total, Satu Mare, Year 2019, Number of persons, 18717
25-29 years, Total, Total, Satu Mare, Year 2020, Number of persons, 17939
25-29 years, Total, Total, Satu Mare, Year 2021, Number of persons, 17353
25-29 years, Total, Total, Satu Mare, Year 2022, Number of persons, 16859
25-29 years, Total, Total, Satu Mare, Year 2023, Number of persons, 16675
25-29 years, Total, Total, Satu Mare, Year 2024, Number of persons, 16785
25-29 years, Total, Total, Salaj, Year 2013, Number of persons, 13185
25-29 years, Total, Total, Salaj, Year 2014, Number of persons, 13493
25-29 years, Total, Total, Salaj, Year 2015, Number of persons, 13269
25-29 years, Total, Total, Salaj, Year 2016, Number of persons, 12535
25-29 years, Total, Total, Salaj, Year 2017, Number of persons, 11530
25-29 years, Total, Total, Salaj, Year 2018, Number of persons, 10374
25-29 years, Total, Total, Salaj, Year 2019, Number of persons, 9969
25-29 years, Total, Total, Salaj, Year 2020, Number of persons, 9929
25-29 years, Total, Total, Salaj, Year 2021, Number of persons, 10125
25-29 years, Total, Total, Salaj, Year 2022, Number of persons, 10326
25-29 years, Total, Total, Salaj, Year 2023, Number of persons, 10281
25-29 years, Total, Total, Salaj, Year 2024, Number of persons, 10477
25-29 years, Total, Total, Alba, Year 2013, Number of persons, 20574
25-29 years, Total, Total, Alba, Year 2014, Number of persons, 20715
25-29 years, Total, Total, Alba, Year 2015, Number of persons, 20701
25-29 years, Total, Total, Alba, Year 2016, Number of persons, 19540
25-29 years, Total, Total, Alba, Year 2017, Number of persons, 18247
25-29 years, Total, Total, Alba, Year 2018, Number of persons, 16798
25-29 years, Total, Total, Alba, Year 2019, Number of persons, 16059
25-29 years, Total, Total, Alba, Year 2020, Number of persons, 15666
25-29 years, Total, Total, Alba, Year 2021, Number of persons, 15563
25-29 years, Total, Total, Alba, Year 2022, Number of persons, 15721
25-29 years, Total, Total, Alba, Year 2023, Number of persons, 15650
25-29 years, Total, Total, Alba, Year 2024, Number of persons, 15946
25-29 years, Total, Total, Brasov, Year 2013, Number of persons, 39824
25-29 years, Total, Total, Brasov, Year 2014, Number of persons, 41144
25-29 years, Total, Total, Brasov, Year 2015, Number of persons, 42224
25-29 years, Total, Total, Brasov, Year 2016, Number of persons, 41569
25-29 years, Total, Total, Brasov, Year 2017, Number of persons, 40196
25-29 years, Total, Total, Brasov, Year 2018, Number of persons, 38112
25-29 years, Total, Total, Brasov, Year 2019, Number of persons, 35179
25-29 years, Total, Total, Brasov, Year 2020, Number of persons, 31454
25-29 years, Total, Total, Brasov, Year 2021, Number of persons, 28503
25-29 years, Total, Total, Brasov, Year 2022, Number of persons, 26686
25-29 years, Total, Total, Brasov, Year 2023, Number of persons, 26874
25-29 years, Total, Total, Brasov, Year 2024, Number of persons, 27352
25-29 years, Total, Total, Covasna, Year 2013, Number of persons, 14179
25-29 years, Total, Total, Covasna, Year 2014, Number of persons, 14433
25-29 years, Total, Total, Covasna, Year 2015, Number of persons, 14582
25-29 years, Total, Total, Covasna, Year 2016, Number of persons, 13841
25-29 years, Total, Total, Covasna, Year 2017, Number of persons, 12505
25-29 years, Total, Total, Covasna, Year 2018, Number of persons, 11201
25-29 years, Total, Total, Covasna, Year 2019, Number of persons, 10167
25-29 years, Total, Total, Covasna, Year 2020, Number of persons, 9307
25-29 years, Total, Total, Covasna, Year 2021, Number of persons, 9087
25-29 years, Total, Total, Covasna, Year 2022, Number of persons, 9627
25-29 years, Total, Total, Covasna, Year 2023, Number of persons, 9770
25-29 years, Total, Total, Covasna, Year 2024, Number of persons, 10124
25-29 years, Total, Total, Harghita, Year 2013, Number of persons, 21487
25-29 years, Total, Total, Harghita, Year 2014, Number of persons, 21673
25-29 years, Total, Total, Harghita, Year 2015, Number of persons, 21522
25-29 years, Total, Total, Harghita, Year 2016, Number of persons, 20327
25-29 years, Total, Total, Harghita, Year 2017, Number of persons, 19025
25-29 years, Total, Total, Harghita, Year 2018, Number of persons, 17657
25-29 years, Total, Total, Harghita, Year 2019, Number of persons, 16242
25-29 years, Total, Total, Harghita, Year 2020, Number of persons, 15226
25-29 years, Total, Total, Harghita, Year 2021, Number of persons, 14921
25-29 years, Total, Total, Harghita, Year 2022, Number of persons, 14601
25-29 years, Total, Total, Harghita, Year 2023, Number of persons, 14707
25-29 years, Total, Total, Harghita, Year 2024, Number of persons, 15215
25-29 years, Total, Total, Mures, Year 2013, Number of persons, 35205
25-29 years, Total, Total, Mures, Year 2014, Number of persons, 36649
25-29 years, Total, Total, Mures, Year 2015, Number of persons, 37363
25-29 years, Total, Total, Mures, Year 2016, Number of persons, 36699
25-29 years, Total, Total, Mures, Year 2017, Number of persons, 35398
25-29 years, Total, Total, Mures, Year 2018, Number of persons, 33412
25-29 years, Total, Total, Mures, Year 2019, Number of persons, 31274
25-29 years, Total, Total, Mures, Year 2020, Number of persons, 29719
25-29 years, Total, Total, Mures, Year 2021, Number of persons, 28050
25-29 years, Total, Total, Mures, Year 2022, Number of persons, 26215
25-29 years, Total, Total, Mures, Year 2023, Number of persons, 26383
25-29 years, Total, Total, Mures, Year 2024, Number of persons, 27214
25-29 years, Total, Total, Sibiu, Year 2013, Number of persons, 28776
25-29 years, Total, Total, Sibiu, Year 2014, Number of persons, 29906
25-29 years, Total, Total, Sibiu, Year 2015, Number of persons, 30551
25-29 years, Total, Total, Sibiu, Year 2016, Number of persons, 30211
25-29 years, Total, Total, Sibiu, Year 2017, Number of persons, 30017
25-29 years, Total, Total, Sibiu, Year 2018, Number of persons, 29050
25-29 years, Total, Total, Sibiu, Year 2019, Number of persons, 27484
25-29 years, Total, Total, Sibiu, Year 2020, Number of persons, 25123
25-29 years, Total, Total, Sibiu, Year 2021, Number of persons, 23210
25-29 years, Total, Total, Sibiu, Year 2022, Number of persons, 20678
25-29 years, Total, Total, Sibiu, Year 2023, Number of persons, 20382
25-29 years, Total, Total, Sibiu, Year 2024, Number of persons, 20789
25-29 years, Total, Total, Bacau, Year 2013, Number of persons, 34090
25-29 years, Total, Total, Bacau, Year 2014, Number of persons, 34681
25-29 years, Total, Total, Bacau, Year 2015, Number of persons, 34703
25-29 years, Total, Total, Bacau, Year 2016, Number of persons, 33698
25-29 years, Total, Total, Bacau, Year 2017, Number of persons, 32291
25-29 years, Total, Total, Bacau, Year 2018, Number of persons, 30735
25-29 years, Total, Total, Bacau, Year 2019, Number of persons, 30379
25-29 years, Total, Total, Bacau, Year 2020, Number of persons, 30944
25-29 years, Total, Total, Bacau, Year 2021, Number of persons, 31334
25-29 years, Total, Total, Bacau, Year 2022, Number of persons, 29096
25-29 years, Total, Total, Bacau, Year 2023, Number of persons, 28754
25-29 years, Total, Total, Bacau, Year 2024, Number of persons, 29379
25-29 years, Total, Total, Botosani, Year 2013, Number of persons, 22944
25-29 years, Total, Total, Botosani, Year 2014, Number of persons, 23258
25-29 years, Total, Total, Botosani, Year 2015, Number of persons, 22994
25-29 years, Total, Total, Botosani, Year 2016, Number of persons, 21498
25-29 years, Total, Total, Botosani, Year 2017, Number of persons, 19866
25-29 years, Total, Total, Botosani, Year 2018, Number of persons, 18111
25-29 years, Total, Total, Botosani, Year 2019, Number of persons, 17755
25-29 years, Total, Total, Botosani, Year 2020, Number of persons, 18434
25-29 years, Total, Total, Botosani, Year 2021, Number of persons, 19239
25-29 years, Total, Total, Botosani, Year 2022, Number of persons, 20994
25-29 years, Total, Total, Botosani, Year 2023, Number of persons, 20905
25-29 years, Total, Total, Botosani, Year 2024, Number of persons, 21363
25-29 years, Total, Total, Iasi, Year 2013, Number of persons, 57609
25-29 years, Total, Total, Iasi, Year 2014, Number of persons, 62960
25-29 years, Total, Total, Iasi, Year 2015, Number of persons, 67262
25-29 years, Total, Total, Iasi, Year 2016, Number of persons, 68796
25-29 years, Total, Total, Iasi, Year 2017, Number of persons, 69292
25-29 years, Total, Total, Iasi, Year 2018, Number of persons, 67797
25-29 years, Total, Total, Iasi, Year 2019, Number of persons, 63235
25-29 years, Total, Total, Iasi, Year 2020, Number of persons, 56761
25-29 years, Total, Total, Iasi, Year 2021, Number of persons, 51892
25-29 years, Total, Total, Iasi, Year 2022, Number of persons, 41715
25-29 years, Total, Total, Iasi, Year 2023, Number of persons, 42510
25-29 years, Total, Total, Iasi, Year 2024, Number of persons, 44359
25-29 years, Total, Total, Neamt, Year 2013, Number of persons, 24718
25-29 years, Total, Total, Neamt, Year 2014, Number of persons, 24863
25-29 years, Total, Total, Neamt, Year 2015, Number of persons, 24360
25-29 years, Total, Total, Neamt, Year 2016, Number of persons, 22616
25-29 years, Total, Total, Neamt, Year 2017, Number of persons, 20847
25-29 years, Total, Total, Neamt, Year 2018, Number of persons, 19375
25-29 years, Total, Total, Neamt, Year 2019, Number of persons, 19496
25-29 years, Total, Total, Neamt, Year 2020, Number of persons, 20490
25-29 years, Total, Total, Neamt, Year 2021, Number of persons, 21538
25-29 years, Total, Total, Neamt, Year 2022, Number of persons, 20669
25-29 years, Total, Total, Neamt, Year 2023, Number of persons, 20268
25-29 years, Total, Total, Neamt, Year 2024, Number of persons, 20533
25-29 years, Total, Total, Suceava, Year 2013, Number of persons, 38092
25-29 years, Total, Total, Suceava, Year 2014, Number of persons, 39031
25-29 years, Total, Total, Suceava, Year 2015, Number of persons, 39082
25-29 years, Total, Total, Suceava, Year 2016, Number of persons, 38191
25-29 years, Total, Total, Suceava, Year 2017, Number of persons, 37124
25-29 years, Total, Total, Suceava, Year 2018, Number of persons, 35994
25-29 years, Total, Total, Suceava, Year 2019, Number of persons, 35874
25-29 years, Total, Total, Suceava, Year 2020, Number of persons, 36570
25-29 years, Total, Total, Suceava, Year 2021, Number of persons, 36861
25-29 years, Total, Total, Suceava, Year 2022, Number of persons, 34239
25-29 years, Total, Total, Suceava, Year 2023, Number of persons, 34348
25-29 years, Total, Total, Suceava, Year 2024, Number of persons, 34840
25-29 years, Total, Total, Vaslui, Year 2013, Number of persons, 20423
25-29 years, Total, Total, Vaslui, Year 2014, Number of persons, 20909
25-29 years, Total, Total, Vaslui, Year 2015, Number of persons, 20743
25-29 years, Total, Total, Vaslui, Year 2016, Number of persons, 18995
25-29 years, Total, Total, Vaslui, Year 2017, Number of persons, 17002
25-29 years, Total, Total, Vaslui, Year 2018, Number of persons, 15485
25-29 years, Total, Total, Vaslui, Year 2019, Number of persons, 14987
25-29 years, Total, Total, Vaslui, Year 2020, Number of persons, 16136
25-29 years, Total, Total, Vaslui, Year 2021, Number of persons, 17140
25-29 years, Total, Total, Vaslui, Year 2022, Number of persons, 17251
25-29 years, Total, Total, Vaslui, Year 2023, Number of persons, 17222
25-29 years, Total, Total, Vaslui, Year 2024, Number of persons, 17711
25-29 years, Total, Total, Braila, Year 2013, Number of persons, 17211
25-29 years, Total, Total, Braila, Year 2014, Number of persons, 17655
25-29 years, Total, Total, Braila, Year 2015, Number of persons, 17427
25-29 years, Total, Total, Braila, Year 2016, Number of persons, 15996
25-29 years, Total, Total, Braila, Year 2017, Number of persons, 14278
25-29 years, Total, Total, Braila, Year 2018, Number of persons, 12331
25-29 years, Total, Total, Braila, Year 2019, Number of persons, 11637
25-29 years, Total, Total, Braila, Year 2020, Number of persons, 11530
25-29 years, Total, Total, Braila, Year 2021, Number of persons, 11979
25-29 years, Total, Total, Braila, Year 2022, Number of persons, 11372
25-29 years, Total, Total, Braila, Year 2023, Number of persons, 11187
25-29 years, Total, Total, Braila, Year 2024, Number of persons, 11338
25-29 years, Total, Total, Buzau, Year 2013, Number of persons, 24717
25-29 years, Total, Total, Buzau, Year 2014, Number of persons, 25173
25-29 years, Total, Total, Buzau, Year 2015, Number of persons, 24680
25-29 years, Total, Total, Buzau, Year 2016, Number of persons, 22551
25-29 years, Total, Total, Buzau, Year 2017, Number of persons, 20313
25-29 years, Total, Total, Buzau, Year 2018, Number of persons, 18104
25-29 years, Total, Total, Buzau, Year 2019, Number of persons, 17208
25-29 years, Total, Total, Buzau, Year 2020, Number of persons, 17287
25-29 years, Total, Total, Buzau, Year 2021, Number of persons, 18007
25-29 years, Total, Total, Buzau, Year 2022, Number of persons, 18109
25-29 years, Total, Total, Buzau, Year 2023, Number of persons, 17718
25-29 years, Total, Total, Buzau, Year 2024, Number of persons, 18022
25-29 years, Total, Total, Constanta, Year 2013, Number of persons, 49559
25-29 years, Total, Total, Constanta, Year 2014, Number of persons, 51061
25-29 years, Total, Total, Constanta, Year 2015, Number of persons, 51673
25-29 years, Total, Total, Constanta, Year 2016, Number of persons, 49912
25-29 years, Total, Total, Constanta, Year 2017, Number of persons, 46570
25-29 years, Total, Total, Constanta, Year 2018, Number of persons, 42205
25-29 years, Total, Total, Constanta, Year 2019, Number of persons, 38481
25-29 years, Total, Total, Constanta, Year 2020, Number of persons, 34762
25-29 years, Total, Total, Constanta, Year 2021, Number of persons, 32177
25-29 years, Total, Total, Constanta, Year 2022, Number of persons, 29613
25-29 years, Total, Total, Constanta, Year 2023, Number of persons, 29771
25-29 years, Total, Total, Constanta, Year 2024, Number of persons, 30461
25-29 years, Total, Total, Galati, Year 2013, Number of persons, 31718
25-29 years, Total, Total, Galati, Year 2014, Number of persons, 32677
25-29 years, Total, Total, Galati, Year 2015, Number of persons, 32698
25-29 years, Total, Total, Galati, Year 2016, Number of persons, 31077
25-29 years, Total, Total, Galati, Year 2017, Number of persons, 29311
25-29 years, Total, Total, Galati, Year 2018, Number of persons, 27334
25-29 years, Total, Total, Galati, Year 2019, Number of persons, 25939
25-29 years, Total, Total, Galati, Year 2020, Number of persons, 25459
25-29 years, Total, Total, Galati, Year 2021, Number of persons, 25493
25-29 years, Total, Total, Galati, Year 2022, Number of persons, 22699
25-29 years, Total, Total, Galati, Year 2023, Number of persons, 22834
25-29 years, Total, Total, Galati, Year 2024, Number of persons, 23308
25-29 years, Total, Total, Tulcea, Year 2013, Number of persons, 12329
25-29 years, Total, Total, Tulcea, Year 2014, Number of persons, 12447
25-29 years, Total, Total, Tulcea, Year 2015, Number of persons, 11915
25-29 years, Total, Total, Tulcea, Year 2016, Number of persons, 10801
25-29 years, Total, Total, Tulcea, Year 2017, Number of persons, 9588
25-29 years, Total, Total, Tulcea, Year 2018, Number of persons, 8299
25-29 years, Total, Total, Tulcea, Year 2019, Number of persons, 7742
25-29 years, Total, Total, Tulcea, Year 2020, Number of persons, 7668
25-29 years, Total, Total, Tulcea, Year 2021, Number of persons, 7884
25-29 years, Total, Total, Tulcea, Year 2022, Number of persons, 7767
25-29 years, Total, Total, Tulcea, Year 2023, Number of persons, 7612
25-29 years, Total, Total, Tulcea, Year 2024, Number of persons, 7618
25-29 years, Total, Total, Vrancea, Year 2013, Number of persons, 19528
25-29 years, Total, Total, Vrancea, Year 2014, Number of persons, 19969
25-29 years, Total, Total, Vrancea, Year 2015, Number of persons, 19677
25-29 years, Total, Total, Vrancea, Year 2016, Number of persons, 18461
25-29 years, Total, Total, Vrancea, Year 2017, Number of persons, 16843
25-29 years, Total, Total, Vrancea, Year 2018, Number of persons, 15375
25-29 years, Total, Total, Vrancea, Year 2019, Number of persons, 14838
25-29 years, Total, Total, Vrancea, Year 2020, Number of persons, 14760
25-29 years, Total, Total, Vrancea, Year 2021, Number of persons, 15218
25-29 years, Total, Total, Vrancea, Year 2022, Number of persons, 16088
25-29 years, Total, Total, Vrancea, Year 2023, Number of persons, 15774
25-29 years, Total, Total, Vrancea, Year 2024, Number of persons, 15871
25-29 years, Total, Total, Arges, Year 2013, Number of persons, 37431
25-29 years, Total, Total, Arges, Year 2014, Number of persons, 38040
25-29 years, Total, Total, Arges, Year 2015, Number of persons, 37645
25-29 years, Total, Total, Arges, Year 2016, Number of persons, 35656
25-29 years, Total, Total, Arges, Year 2017, Number of persons, 33579
25-29 years, Total, Total, Arges, Year 2018, Number of persons, 31725
25-29 years, Total, Total, Arges, Year 2019, Number of persons, 30322
25-29 years, Total, Total, Arges, Year 2020, Number of persons, 29204
25-29 years, Total, Total, Arges, Year 2021, Number of persons, 28712
25-29 years, Total, Total, Arges, Year 2022, Number of persons, 27099
25-29 years, Total, Total, Arges, Year 2023, Number of persons, 26425
25-29 years, Total, Total, Arges, Year 2024, Number of persons, 26606
25-29 years, Total, Total, Calarasi, Year 2013, Number of persons, 18653
25-29 years, Total, Total, Calarasi, Year 2014, Number of persons, 19484
25-29 years, Total, Total, Calarasi, Year 2015, Number of persons, 19645
25-29 years, Total, Total, Calarasi, Year 2016, Number of persons, 18273
25-29 years, Total, Total, Calarasi, Year 2017, Number of persons, 16374
25-29 years, Total, Total, Calarasi, Year 2018, Number of persons, 14215
25-29 years, Total, Total, Calarasi, Year 2019, Number of persons, 13034
25-29 years, Total, Total, Calarasi, Year 2020, Number of persons, 12215
25-29 years, Total, Total, Calarasi, Year 2021, Number of persons, 12347
25-29 years, Total, Total, Calarasi, Year 2022, Number of persons, 13128
25-29 years, Total, Total, Calarasi, Year 2023, Number of persons, 13193
25-29 years, Total, Total, Calarasi, Year 2024, Number of persons, 13571
25-29 years, Total, Total, Dambovita, Year 2013, Number of persons, 35255
25-29 years, Total, Total, Dambovita, Year 2014, Number of persons, 36943
25-29 years, Total, Total, Dambovita, Year 2015, Number of persons, 37314
25-29 years, Total, Total, Dambovita, Year 2016, Number of persons, 35407
25-29 years, Total, Total, Dambovita, Year 2017, Number of persons, 32951
25-29 years, Total, Total, Dambovita, Year 2018, Number of persons, 29655
25-29 years, Total, Total, Dambovita, Year 2019, Number of persons, 27205
25-29 years, Total, Total, Dambovita, Year 2020, Number of persons, 25627
25-29 years, Total, Total, Dambovita, Year 2021, Number of persons, 25070
25-29 years, Total, Total, Dambovita, Year 2022, Number of persons, 24530
25-29 years, Total, Total, Dambovita, Year 2023, Number of persons, 24247
25-29 years, Total, Total, Dambovita, Year 2024, Number of persons, 24517
25-29 years, Total, Total, Giurgiu, Year 2013, Number of persons, 17846
25-29 years, Total, Total, Giurgiu, Year 2014, Number of persons, 18667
25-29 years, Total, Total, Giurgiu, Year 2015, Number of persons, 18783
25-29 years, Total, Total, Giurgiu, Year 2016, Number of persons, 17865
25-29 years, Total, Total, Giurgiu, Year 2017, Number of persons, 16828
25-29 years, Total, Total, Giurgiu, Year 2018, Number of persons, 15248
25-29 years, Total, Total, Giurgiu, Year 2019, Number of persons, 13900
25-29 years, Total, Total, Giurgiu, Year 2020, Number of persons, 13212
25-29 years, Total, Total, Giurgiu, Year 2021, Number of persons, 12978
25-29 years, Total, Total, Giurgiu, Year 2022, Number of persons, 13357
25-29 years, Total, Total, Giurgiu, Year 2023, Number of persons, 13136
25-29 years, Total, Total, Giurgiu, Year 2024, Number of persons, 13184
25-29 years, Total, Total, Ialomita, Year 2013, Number of persons, 15528
25-29 years, Total, Total, Ialomita, Year 2014, Number of persons, 15994
25-29 years, Total, Total, Ialomita, Year 2015, Number of persons, 15962
25-29 years, Total, Total, Ialomita, Year 2016, Number of persons, 14868
25-29 years, Total, Total, Ialomita, Year 2017, Number of persons, 13215
25-29 years, Total, Total, Ialomita, Year 2018, Number of persons, 11569
25-29 years, Total, Total, Ialomita, Year 2019, Number of persons, 11170
25-29 years, Total, Total, Ialomita, Year 2020, Number of persons, 11067
25-29 years, Total, Total, Ialomita, Year 2021, Number of persons, 11540
25-29 years, Total, Total, Ialomita, Year 2022, Number of persons, 11226
25-29 years, Total, Total, Ialomita, Year 2023, Number of persons, 11246
25-29 years, Total, Total, Ialomita, Year 2024, Number of persons, 11277
25-29 years, Total, Total, Prahova, Year 2013, Number of persons, 47738
25-29 years, Total, Total, Prahova, Year 2014, Number of persons, 49681
25-29 years, Total, Total, Prahova, Year 2015, Number of persons, 50143
25-29 years, Total, Total, Prahova, Year 2016, Number of persons, 47232
25-29 years, Total, Total, Prahova, Year 2017, Number of persons, 43629
25-29 years, Total, Total, Prahova, Year 2018, Number of persons, 39396
25-29 years, Total, Total, Prahova, Year 2019, Number of persons, 36420
25-29 years, Total, Total, Prahova, Year 2020, Number of persons, 33927
25-29 years, Total, Total, Prahova, Year 2021, Number of persons, 32691
25-29 years, Total, Total, Prahova, Year 2022, Number of persons, 31071
25-29 years, Total, Total, Prahova, Year 2023, Number of persons, 30837
25-29 years, Total, Total, Prahova, Year 2024, Number of persons, 31199
25-29 years, Total, Total, Teleorman, Year 2013, Number of persons, 18373
25-29 years, Total, Total, Teleorman, Year 2014, Number of persons, 18723
25-29 years, Total, Total, Teleorman, Year 2015, Number of persons, 18219
25-29 years, Total, Total, Teleorman, Year 2016, Number of persons, 16907
25-29 years, Total, Total, Teleorman, Year 2017, Number of persons, 15467
25-29 years, Total, Total, Teleorman, Year 2018, Number of persons, 13985
25-29 years, Total, Total, Teleorman, Year 2019, Number of persons, 13360
25-29 years, Total, Total, Teleorman, Year 2020, Number of persons, 13557
25-29 years, Total, Total, Teleorman, Year 2021, Number of persons, 13843
25-29 years, Total, Total, Teleorman, Year 2022, Number of persons, 14279
25-29 years, Total, Total, Teleorman, Year 2023, Number of persons, 13894
25-29 years, Total, Total, Teleorman, Year 2024, Number of persons, 13893
25-29 years, Total, Total, Ilfov, Year 2013, Number of persons, 31618
25-29 years, Total, Total, Ilfov, Year 2014, Number of persons, 34023
25-29 years, Total, Total, Ilfov, Year 2015, Number of persons, 35471
25-29 years, Total, Total, Ilfov, Year 2016, Number of persons, 35506
25-29 years, Total, Total, Ilfov, Year 2017, Number of persons, 35356
25-29 years, Total, Total, Ilfov, Year 2018, Number of persons, 33506
25-29 years, Total, Total, Ilfov, Year 2019, Number of persons, 30870
25-29 years, Total, Total, Ilfov, Year 2020, Number of persons, 27083
25-29 years, Total, Total, Ilfov, Year 2021, Number of persons, 26036
25-29 years, Total, Total, Ilfov, Year 2022, Number of persons, 31292
25-29 years, Total, Total, Ilfov, Year 2023, Number of persons, 31942
25-29 years, Total, Total, Ilfov, Year 2024, Number of persons, 32533
25-29 years, Total, Total, Bucharest Municipality, Year 2013, Number of persons, 172411
25-29 years, Total, Total, Bucharest Municipality, Year 2014, Number of persons, 178558
25-29 years, Total, Total, Bucharest Municipality, Year 2015, Number of persons, 178410
25-29 years, Total, Total, Bucharest Municipality, Year 2016, Number of persons, 171795
25-29 years, Total, Total, Bucharest Municipality, Year 2017, Number of persons, 161537
25-29 years, Total, Total, Bucharest Municipality, Year 2018, Number of persons, 149716
25-29 years, Total, Total, Bucharest Municipality, Year 2019, Number of persons, 130877
25-29 years, Total, Total, Bucharest Municipality, Year 2020, Number of persons, 109494
25-29 years, Total, Total, Bucharest Municipality, Year 2021, Number of persons, 93686
25-29 years, Total, Total, Bucharest Municipality, Year 2022, Number of persons, 94961
25-29 years, Total, Total, Bucharest Municipality, Year 2023, Number of persons, 95226
25-29 years, Total, Total, Bucharest Municipality, Year 2024, Number of persons, 95955
25-29 years, Total, Total, Dolj, Year 2013, Number of persons, 43078
25-29 years, Total, Total, Dolj, Year 2014, Number of persons, 43941
25-29 years, Total, Total, Dolj, Year 2015, Number of persons, 44025
25-29 years, Total, Total, Dolj, Year 2016, Number of persons, 42677
25-29 years, Total, Total, Dolj, Year 2017, Number of persons, 41557
25-29 years, Total, Total, Dolj, Year 2018, Number of persons, 39751
25-29 years, Total, Total, Dolj, Year 2019, Number of persons, 37858
25-29 years, Total, Total, Dolj, Year 2020, Number of persons, 35857
25-29 years, Total, Total, Dolj, Year 2021, Number of persons, 34056
25-29 years, Total, Total, Dolj, Year 2022, Number of persons, 30422
25-29 years, Total, Total, Dolj, Year 2023, Number of persons, 30235
25-29 years, Total, Total, Dolj, Year 2024, Number of persons, 30550
25-29 years, Total, Total, Gorj, Year 2013, Number of persons, 20942
25-29 years, Total, Total, Gorj, Year 2014, Number of persons, 21209
25-29 years, Total, Total, Gorj, Year 2015, Number of persons, 20771
25-29 years, Total, Total, Gorj, Year 2016, Number of persons, 19243
25-29 years, Total, Total, Gorj, Year 2017, Number of persons, 17260
25-29 years, Total, Total, Gorj, Year 2018, Number of persons, 15738
25-29 years, Total, Total, Gorj, Year 2019, Number of persons, 15187
25-29 years, Total, Total, Gorj, Year 2020, Number of persons, 15464
25-29 years, Total, Total, Gorj, Year 2021, Number of persons, 15963
25-29 years, Total, Total, Gorj, Year 2022, Number of persons, 15618
25-29 years, Total, Total, Gorj, Year 2023, Number of persons, 15506
25-29 years, Total, Total, Gorj, Year 2024, Number of persons, 15656
25-29 years, Total, Total, Mehedinti, Year 2013, Number of persons, 14504
25-29 years, Total, Total, Mehedinti, Year 2014, Number of persons, 14644
25-29 years, Total, Total, Mehedinti, Year 2015, Number of persons, 14054
25-29 years, Total, Total, Mehedinti, Year 2016, Number of persons, 13345
25-29 years, Total, Total, Mehedinti, Year 2017, Number of persons, 12423
25-29 years, Total, Total, Mehedinti, Year 2018, Number of persons, 11417
25-29 years, Total, Total, Mehedinti, Year 2019, Number of persons, 11018
25-29 years, Total, Total, Mehedinti, Year 2020, Number of persons, 11113
25-29 years, Total, Total, Mehedinti, Year 2021, Number of persons, 11457
25-29 years, Total, Total, Mehedinti, Year 2022, Number of persons, 10554
25-29 years, Total, Total, Mehedinti, Year 2023, Number of persons, 10408
25-29 years, Total, Total, Mehedinti, Year 2024, Number of persons, 10337
25-29 years, Total, Total, Olt, Year 2013, Number of persons, 24599
25-29 years, Total, Total, Olt, Year 2014, Number of persons, 24891
25-29 years, Total, Total, Olt, Year 2015, Number of persons, 24153
25-29 years, Total, Total, Olt, Year 2016, Number of persons, 22289
25-29 years, Total, Total, Olt, Year 2017, Number of persons, 20315
25-29 years, Total, Total, Olt, Year 2018, Number of persons, 18264
25-29 years, Total, Total, Olt, Year 2019, Number of persons, 17792
25-29 years, Total, Total, Olt, Year 2020, Number of persons, 18134
25-29 years, Total, Total, Olt, Year 2021, Number of persons, 18871
25-29 years, Total, Total, Olt, Year 2022, Number of persons, 18434
25-29 years, Total, Total, Olt, Year 2023, Number of persons, 18169
25-29 years, Total, Total, Olt, Year 2024, Number of persons, 18358
25-29 years, Total, Total, Valcea, Year 2013, Number of persons, 20397
25-29 years, Total, Total, Valcea, Year 2014, Number of persons, 20898
25-29 years, Total, Total, Valcea, Year 2015, Number of persons, 20747
25-29 years, Total, Total, Valcea, Year 2016, Number of persons, 19434
25-29 years, Total, Total, Valcea, Year 2017, Number of persons, 17814
25-29 years, Total, Total, Valcea, Year 2018, Number of persons, 16129
25-29 years, Total, Total, Valcea, Year 2019, Number of persons, 15205
25-29 years, Total, Total, Valcea, Year 2020, Number of persons, 15262
25-29 years, Total, Total, Valcea, Year 2021, Number of persons, 15425
25-29 years, Total, Total, Valcea, Year 2022, Number of persons, 15184
25-29 years, Total, Total, Valcea, Year 2023, Number of persons, 14855
25-29 years, Total, Total, Valcea, Year 2024, Number of persons, 15041
25-29 years, Total, Total, Arad, Year 2013, Number of persons, 27873
25-29 years, Total, Total, Arad, Year 2014, Number of persons, 29114
25-29 years, Total, Total, Arad, Year 2015, Number of persons, 29323
25-29 years, Total, Total, Arad, Year 2016, Number of persons, 28358
25-29 years, Total, Total, Arad, Year 2017, Number of persons, 27277
25-29 years, Total, Total, Arad, Year 2018, Number of persons, 25434
25-29 years, Total, Total, Arad, Year 2019, Number of persons, 23788
25-29 years, Total, Total, Arad, Year 2020, Number of persons, 22672
25-29 years, Total, Total, Arad, Year 2021, Number of persons, 21843
25-29 years, Total, Total, Arad, Year 2022, Number of persons, 20887
25-29 years, Total, Total, Arad, Year 2023, Number of persons, 20636
25-29 years, Total, Total, Arad, Year 2024, Number of persons, 20985
25-29 years, Total, Total, Caras-Severin, Year 2013, Number of persons, 18102
25-29 years, Total, Total, Caras-Severin, Year 2014, Number of persons, 18177
25-29 years, Total, Total, Caras-Severin, Year 2015, Number of persons, 17860
25-29 years, Total, Total, Caras-Severin, Year 2016, Number of persons, 16611
25-29 years, Total, Total, Caras-Severin, Year 2017, Number of persons, 15348
25-29 years, Total, Total, Caras-Severin, Year 2018, Number of persons, 13648
25-29 years, Total, Total, Caras-Severin, Year 2019, Number of persons, 12947
25-29 years, Total, Total, Caras-Severin, Year 2020, Number of persons, 12854
25-29 years, Total, Total, Caras-Severin, Year 2021, Number of persons, 13056
25-29 years, Total, Total, Caras-Severin, Year 2022, Number of persons, 10872
25-29 years, Total, Total, Caras-Severin, Year 2023, Number of persons, 10764
25-29 years, Total, Total, Caras-Severin, Year 2024, Number of persons, 11022
25-29 years, Total, Total, Hunedoara, Year 2013, Number of persons, 22984
25-29 years, Total, Total, Hunedoara, Year 2014, Number of persons, 23394
25-29 years, Total, Total, Hunedoara, Year 2015, Number of persons, 22879
25-29 years, Total, Total, Hunedoara, Year 2016, Number of persons, 21074
25-29 years, Total, Total, Hunedoara, Year 2017, Number of persons, 19273
25-29 years, Total, Total, Hunedoara, Year 2018, Number of persons, 17562
25-29 years, Total, Total, Hunedoara, Year 2019, Number of persons, 16895
25-29 years, Total, Total, Hunedoara, Year 2020, Number of persons, 16790
25-29 years, Total, Total, Hunedoara, Year 2021, Number of persons, 17270
25-29 years, Total, Total, Hunedoara, Year 2022, Number of persons, 15103
25-29 years, Total, Total, Hunedoara, Year 2023, Number of persons, 14930
25-29 years, Total, Total, Hunedoara, Year 2024, Number of persons, 15113
25-29 years, Total, Total, Timis, Year 2013, Number of persons, 58797
25-29 years, Total, Total, Timis, Year 2014, Number of persons, 63863
25-29 years, Total, Total, Timis, Year 2015, Number of persons, 68191
25-29 years, Total, Total, Timis, Year 2016, Number of persons, 70403
25-29 years, Total, Total, Timis, Year 2017, Number of persons, 71454
25-29 years, Total, Total, Timis, Year 2018, Number of persons, 70036
25-29 years, Total, Total, Timis, Year 2019, Number of persons, 63645
25-29 years, Total, Total, Timis, Year 2020, Number of persons, 55375
25-29 years, Total, Total, Timis, Year 2021, Number of persons, 47431
25-29 years, Total, Total, Timis, Year 2022, Number of persons, 38802
25-29 years, Total, Total, Timis, Year 2023, Number of persons, 38602
25-29 years, Total, Total, Timis, Year 2024, Number of persons, 38786
30-34 years, Total, Total, Bihor, Year 2013, Number of persons, 42720
30-34 years, Total, Total, Bihor, Year 2014, Number of persons, 41229
30-34 years, Total, Total, Bihor, Year 2015, Number of persons, 40149
30-34 years, Total, Total, Bihor, Year 2016, Number of persons, 39255
30-34 years, Total, Total, Bihor, Year 2017, Number of persons, 38637
30-34 years, Total, Total, Bihor, Year 2018, Number of persons, 39022
30-34 years, Total, Total, Bihor, Year 2019, Number of persons, 39957
30-34 years, Total, Total, Bihor, Year 2020, Number of persons, 40600
30-34 years, Total, Total, Bihor, Year 2021, Number of persons, 39785
30-34 years, Total, Total, Bihor, Year 2022, Number of persons, 36968
30-34 years, Total, Total, Bihor, Year 2023, Number of persons, 36036
30-34 years, Total, Total, Bihor, Year 2024, Number of persons, 34705
30-34 years, Total, Total, Bistrita-Nasaud, Year 2013, Number of persons, 19809
30-34 years, Total, Total, Bistrita-Nasaud, Year 2014, Number of persons, 19106
30-34 years, Total, Total, Bistrita-Nasaud, Year 2015, Number of persons, 18317
30-34 years, Total, Total, Bistrita-Nasaud, Year 2016, Number of persons, 17693
30-34 years, Total, Total, Bistrita-Nasaud, Year 2017, Number of persons, 17371
30-34 years, Total, Total, Bistrita-Nasaud, Year 2018, Number of persons, 17450
30-34 years, Total, Total, Bistrita-Nasaud, Year 2019, Number of persons, 17460
30-34 years, Total, Total, Bistrita-Nasaud, Year 2020, Number of persons, 17443
30-34 years, Total, Total, Bistrita-Nasaud, Year 2021, Number of persons, 16677
30-34 years, Total, Total, Bistrita-Nasaud, Year 2022, Number of persons, 19791
30-34 years, Total, Total, Bistrita-Nasaud, Year 2023, Number of persons, 18761
30-34 years, Total, Total, Bistrita-Nasaud, Year 2024, Number of persons, 17929
30-34 years, Total, Total, Cluj, Year 2013, Number of persons, 54669
30-34 years, Total, Total, Cluj, Year 2014, Number of persons, 54677
30-34 years, Total, Total, Cluj, Year 2015, Number of persons, 55463
30-34 years, Total, Total, Cluj, Year 2016, Number of persons, 56430
30-34 years, Total, Total, Cluj, Year 2017, Number of persons, 58346
30-34 years, Total, Total, Cluj, Year 2018, Number of persons, 61435
30-34 years, Total, Total, Cluj, Year 2019, Number of persons, 66258
30-34 years, Total, Total, Cluj, Year 2020, Number of persons, 71178
30-34 years, Total, Total, Cluj, Year 2021, Number of persons, 75298
30-34 years, Total, Total, Cluj, Year 2022, Number of persons, 53466
30-34 years, Total, Total, Cluj, Year 2023, Number of persons, 52830
30-34 years, Total, Total, Cluj, Year 2024, Number of persons, 51166
30-34 years, Total, Total, Maramures, Year 2013, Number of persons, 35018
30-34 years, Total, Total, Maramures, Year 2014, Number of persons, 33940
30-34 years, Total, Total, Maramures, Year 2015, Number of persons, 32781
30-34 years, Total, Total, Maramures, Year 2016, Number of persons, 32025
30-34 years, Total, Total, Maramures, Year 2017, Number of persons, 31565
30-34 years, Total, Total, Maramures, Year 2018, Number of persons, 31865
30-34 years, Total, Total, Maramures, Year 2019, Number of persons, 32221
30-34 years, Total, Total, Maramures, Year 2020, Number of persons, 32334
30-34 years, Total, Total, Maramures, Year 2021, Number of persons, 31074
30-34 years, Total, Total, Maramures, Year 2022, Number of persons, 30558
30-34 years, Total, Total, Maramures, Year 2023, Number of persons, 29311
30-34 years, Total, Total, Maramures, Year 2024, Number of persons, 27811
30-34 years, Total, Total, Satu Mare, Year 2013, Number of persons, 25640
30-34 years, Total, Total, Satu Mare, Year 2014, Number of persons, 24570
30-34 years, Total, Total, Satu Mare, Year 2015, Number of persons, 23774
30-34 years, Total, Total, Satu Mare, Year 2016, Number of persons, 23088
30-34 years, Total, Total, Satu Mare, Year 2017, Number of persons, 22986
30-34 years, Total, Total, Satu Mare, Year 2018, Number of persons, 22811
30-34 years, Total, Total, Satu Mare, Year 2019, Number of persons, 23154
30-34 years, Total, Total, Satu Mare, Year 2020, Number of persons, 23095
30-34 years, Total, Total, Satu Mare, Year 2021, Number of persons, 22240
30-34 years, Total, Total, Satu Mare, Year 2022, Number of persons, 22501
30-34 years, Total, Total, Satu Mare, Year 2023, Number of persons, 21524
30-34 years, Total, Total, Satu Mare, Year 2024, Number of persons, 20278
30-34 years, Total, Total, Salaj, Year 2013, Number of persons, 13852
30-34 years, Total, Total, Salaj, Year 2014, Number of persons, 13281
30-34 years, Total, Total, Salaj, Year 2015, Number of persons, 12780
30-34 years, Total, Total, Salaj, Year 2016, Number of persons, 12469
30-34 years, Total, Total, Salaj, Year 2017, Number of persons, 12250
30-34 years, Total, Total, Salaj, Year 2018, Number of persons, 12280
30-34 years, Total, Total, Salaj, Year 2019, Number of persons, 12421
30-34 years, Total, Total, Salaj, Year 2020, Number of persons, 12208
30-34 years, Total, Total, Salaj, Year 2021, Number of persons, 11545
30-34 years, Total, Total, Salaj, Year 2022, Number of persons, 12863
30-34 years, Total, Total, Salaj, Year 2023, Number of persons, 12181
30-34 years, Total, Total, Salaj, Year 2024, Number of persons, 11541
30-34 years, Total, Total, Alba, Year 2013, Number of persons, 22801
30-34 years, Total, Total, Alba, Year 2014, Number of persons, 21728
30-34 years, Total, Total, Alba, Year 2015, Number of persons, 20723
30-34 years, Total, Total, Alba, Year 2016, Number of persons, 19827
30-34 years, Total, Total, Alba, Year 2017, Number of persons, 19243
30-34 years, Total, Total, Alba, Year 2018, Number of persons, 19359
30-34 years, Total, Total, Alba, Year 2019, Number of persons, 19411
30-34 years, Total, Total, Alba, Year 2020, Number of persons, 19435
30-34 years, Total, Total, Alba, Year 2021, Number of persons, 18443
30-34 years, Total, Total, Alba, Year 2022, Number of persons, 20321
30-34 years, Total, Total, Alba, Year 2023, Number of persons, 19292
30-34 years, Total, Total, Alba, Year 2024, Number of persons, 18221
30-34 years, Total, Total, Brasov, Year 2013, Number of persons, 43412
30-34 years, Total, Total, Brasov, Year 2014, Number of persons, 42027
30-34 years, Total, Total, Brasov, Year 2015, Number of persons, 40682
30-34 years, Total, Total, Brasov, Year 2016, Number of persons, 39698
30-34 years, Total, Total, Brasov, Year 2017, Number of persons, 39218
30-34 years, Total, Total, Brasov, Year 2018, Number of persons, 39997
30-34 years, Total, Total, Brasov, Year 2019, Number of persons, 41509
30-34 years, Total, Total, Brasov, Year 2020, Number of persons, 42991
30-34 years, Total, Total, Brasov, Year 2021, Number of persons, 42938
30-34 years, Total, Total, Brasov, Year 2022, Number of persons, 37184
30-34 years, Total, Total, Brasov, Year 2023, Number of persons, 35683
30-34 years, Total, Total, Brasov, Year 2024, Number of persons, 33939
30-34 years, Total, Total, Covasna, Year 2013, Number of persons, 16262
30-34 years, Total, Total, Covasna, Year 2014, Number of persons, 15502
30-34 years, Total, Total, Covasna, Year 2015, Number of persons, 14588
30-34 years, Total, Total, Covasna, Year 2016, Number of persons, 13949
30-34 years, Total, Total, Covasna, Year 2017, Number of persons, 13545
30-34 years, Total, Total, Covasna, Year 2018, Number of persons, 13530
30-34 years, Total, Total, Covasna, Year 2019, Number of persons, 13674
30-34 years, Total, Total, Covasna, Year 2020, Number of persons, 13857
30-34 years, Total, Total, Covasna, Year 2021, Number of persons, 13223
30-34 years, Total, Total, Covasna, Year 2022, Number of persons, 12929
30-34 years, Total, Total, Covasna, Year 2023, Number of persons, 12223
30-34 years, Total, Total, Covasna, Year 2024, Number of persons, 11364
30-34 years, Total, Total, Harghita, Year 2013, Number of persons, 24213
30-34 years, Total, Total, Harghita, Year 2014, Number of persons, 23405
30-34 years, Total, Total, Harghita, Year 2015, Number of persons, 22507
30-34 years, Total, Total, Harghita, Year 2016, Number of persons, 21743
30-34 years, Total, Total, Harghita, Year 2017, Number of persons, 21029
30-34 years, Total, Total, Harghita, Year 2018, Number of persons, 20743
30-34 years, Total, Total, Harghita, Year 2019, Number of persons, 20690
30-34 years, Total, Total, Harghita, Year 2020, Number of persons, 20649
30-34 years, Total, Total, Harghita, Year 2021, Number of persons, 19570
30-34 years, Total, Total, Harghita, Year 2022, Number of persons, 18530
30-34 years, Total, Total, Harghita, Year 2023, Number of persons, 17792
30-34 years, Total, Total, Harghita, Year 2024, Number of persons, 16788
30-34 years, Total, Total, Mures, Year 2013, Number of persons, 39083
30-34 years, Total, Total, Mures, Year 2014, Number of persons, 37058
30-34 years, Total, Total, Mures, Year 2015, Number of persons, 35505
30-34 years, Total, Total, Mures, Year 2016, Number of persons, 34114
30-34 years, Total, Total, Mures, Year 2017, Number of persons, 33691
30-34 years, Total, Total, Mures, Year 2018, Number of persons, 34150
30-34 years, Total, Total, Mures, Year 2019, Number of persons, 35259
30-34 years, Total, Total, Mures, Year 2020, Number of persons, 36111
30-34 years, Total, Total, Mures, Year 2021, Number of persons, 35717
30-34 years, Total, Total, Mures, Year 2022, Number of persons, 32294
30-34 years, Total, Total, Mures, Year 2023, Number of persons, 31109
30-34 years, Total, Total, Mures, Year 2024, Number of persons, 29697
30-34 years, Total, Total, Sibiu, Year 2013, Number of persons, 30646
30-34 years, Total, Total, Sibiu, Year 2014, Number of persons, 29789
30-34 years, Total, Total, Sibiu, Year 2015, Number of persons, 29225
30-34 years, Total, Total, Sibiu, Year 2016, Number of persons, 28820
30-34 years, Total, Total, Sibiu, Year 2017, Number of persons, 28550
30-34 years, Total, Total, Sibiu, Year 2018, Number of persons, 28982
30-34 years, Total, Total, Sibiu, Year 2019, Number of persons, 30213
30-34 years, Total, Total, Sibiu, Year 2020, Number of persons, 31137
30-34 years, Total, Total, Sibiu, Year 2021, Number of persons, 31060
30-34 years, Total, Total, Sibiu, Year 2022, Number of persons, 26649
30-34 years, Total, Total, Sibiu, Year 2023, Number of persons, 26172
30-34 years, Total, Total, Sibiu, Year 2024, Number of persons, 25150
30-34 years, Total, Total, Bacau, Year 2013, Number of persons, 39711
30-34 years, Total, Total, Bacau, Year 2014, Number of persons, 37436
30-34 years, Total, Total, Bacau, Year 2015, Number of persons, 35191
30-34 years, Total, Total, Bacau, Year 2016, Number of persons, 33129
30-34 years, Total, Total, Bacau, Year 2017, Number of persons, 31870
30-34 years, Total, Total, Bacau, Year 2018, Number of persons, 31935
30-34 years, Total, Total, Bacau, Year 2019, Number of persons, 32037
30-34 years, Total, Total, Bacau, Year 2020, Number of persons, 32150
30-34 years, Total, Total, Bacau, Year 2021, Number of persons, 31145
30-34 years, Total, Total, Bacau, Year 2022, Number of persons, 35834
30-34 years, Total, Total, Bacau, Year 2023, Number of persons, 34159
30-34 years, Total, Total, Bacau, Year 2024, Number of persons, 32514
30-34 years, Total, Total, Botosani, Year 2013, Number of persons, 27037
30-34 years, Total, Total, Botosani, Year 2014, Number of persons, 25287
30-34 years, Total, Total, Botosani, Year 2015, Number of persons, 23468
30-34 years, Total, Total, Botosani, Year 2016, Number of persons, 21866
30-34 years, Total, Total, Botosani, Year 2017, Number of persons, 21006
30-34 years, Total, Total, Botosani, Year 2018, Number of persons, 20675
30-34 years, Total, Total, Botosani, Year 2019, Number of persons, 20550
30-34 years, Total, Total, Botosani, Year 2020, Number of persons, 20407
30-34 years, Total, Total, Botosani, Year 2021, Number of persons, 19031
30-34 years, Total, Total, Botosani, Year 2022, Number of persons, 24796
30-34 years, Total, Total, Botosani, Year 2023, Number of persons, 23587
30-34 years, Total, Total, Botosani, Year 2024, Number of persons, 22560
30-34 years, Total, Total, Iasi, Year 2013, Number of persons, 57408
30-34 years, Total, Total, Iasi, Year 2014, Number of persons, 56366
30-34 years, Total, Total, Iasi, Year 2015, Number of persons, 55947
30-34 years, Total, Total, Iasi, Year 2016, Number of persons, 55831
30-34 years, Total, Total, Iasi, Year 2017, Number of persons, 56805
30-34 years, Total, Total, Iasi, Year 2018, Number of persons, 59829
30-34 years, Total, Total, Iasi, Year 2019, Number of persons, 64556
30-34 years, Total, Total, Iasi, Year 2020, Number of persons, 68031
30-34 years, Total, Total, Iasi, Year 2021, Number of persons, 70237
30-34 years, Total, Total, Iasi, Year 2022, Number of persons, 50708
30-34 years, Total, Total, Iasi, Year 2023, Number of persons, 48834
30-34 years, Total, Total, Iasi, Year 2024, Number of persons, 46968
30-34 years, Total, Total, Neamt, Year 2013, Number of persons, 29716
30-34 years, Total, Total, Neamt, Year 2014, Number of persons, 27741
30-34 years, Total, Total, Neamt, Year 2015, Number of persons, 25982
30-34 years, Total, Total, Neamt, Year 2016, Number of persons, 24267
30-34 years, Total, Total, Neamt, Year 2017, Number of persons, 23313
30-34 years, Total, Total, Neamt, Year 2018, Number of persons, 22819
30-34 years, Total, Total, Neamt, Year 2019, Number of persons, 22548
30-34 years, Total, Total, Neamt, Year 2020, Number of persons, 22172
30-34 years, Total, Total, Neamt, Year 2021, Number of persons, 20538
30-34 years, Total, Total, Neamt, Year 2022, Number of persons, 25158
30-34 years, Total, Total, Neamt, Year 2023, Number of persons, 23969
30-34 years, Total, Total, Neamt, Year 2024, Number of persons, 22816
30-34 years, Total, Total, Suceava, Year 2013, Number of persons, 41334
30-34 years, Total, Total, Suceava, Year 2014, Number of persons, 39432
30-34 years, Total, Total, Suceava, Year 2015, Number of persons, 37745
30-34 years, Total, Total, Suceava, Year 2016, Number of persons, 36712
30-34 years, Total, Total, Suceava, Year 2017, Number of persons, 36029
30-34 years, Total, Total, Suceava, Year 2018, Number of persons, 36569
30-34 years, Total, Total, Suceava, Year 2019, Number of persons, 36987
30-34 years, Total, Total, Suceava, Year 2020, Number of persons, 37046
30-34 years, Total, Total, Suceava, Year 2021, Number of persons, 36289
30-34 years, Total, Total, Suceava, Year 2022, Number of persons, 39633
30-34 years, Total, Total, Suceava, Year 2023, Number of persons, 38163
30-34 years, Total, Total, Suceava, Year 2024, Number of persons, 36865
30-34 years, Total, Total, Vaslui, Year 2013, Number of persons, 24448
30-34 years, Total, Total, Vaslui, Year 2014, Number of persons, 22776
30-34 years, Total, Total, Vaslui, Year 2015, Number of persons, 21395
30-34 years, Total, Total, Vaslui, Year 2016, Number of persons, 20041
30-34 years, Total, Total, Vaslui, Year 2017, Number of persons, 19127
30-34 years, Total, Total, Vaslui, Year 2018, Number of persons, 18395
30-34 years, Total, Total, Vaslui, Year 2019, Number of persons, 17761
30-34 years, Total, Total, Vaslui, Year 2020, Number of persons, 17269
30-34 years, Total, Total, Vaslui, Year 2021, Number of persons, 15466
30-34 years, Total, Total, Vaslui, Year 2022, Number of persons, 20153
30-34 years, Total, Total, Vaslui, Year 2023, Number of persons, 18802
30-34 years, Total, Total, Vaslui, Year 2024, Number of persons, 17911
30-34 years, Total, Total, Braila, Year 2013, Number of persons, 20488
30-34 years, Total, Total, Braila, Year 2014, Number of persons, 18742
30-34 years, Total, Total, Braila, Year 2015, Number of persons, 17090
30-34 years, Total, Total, Braila, Year 2016, Number of persons, 15959
30-34 years, Total, Total, Braila, Year 2017, Number of persons, 15407
30-34 years, Total, Total, Braila, Year 2018, Number of persons, 15400
30-34 years, Total, Total, Braila, Year 2019, Number of persons, 15499
30-34 years, Total, Total, Braila, Year 2020, Number of persons, 15399
30-34 years, Total, Total, Braila, Year 2021, Number of persons, 14103
30-34 years, Total, Total, Braila, Year 2022, Number of persons, 15543
30-34 years, Total, Total, Braila, Year 2023, Number of persons, 14273
30-34 years, Total, Total, Braila, Year 2024, Number of persons, 13091
30-34 years, Total, Total, Buzau, Year 2013, Number of persons, 28463
30-34 years, Total, Total, Buzau, Year 2014, Number of persons, 26524
30-34 years, Total, Total, Buzau, Year 2015, Number of persons, 24855
30-34 years, Total, Total, Buzau, Year 2016, Number of persons, 23404
30-34 years, Total, Total, Buzau, Year 2017, Number of persons, 22393
30-34 years, Total, Total, Buzau, Year 2018, Number of persons, 22460
30-34 years, Total, Total, Buzau, Year 2019, Number of persons, 22583
30-34 years, Total, Total, Buzau, Year 2020, Number of persons, 22175
30-34 years, Total, Total, Buzau, Year 2021, Number of persons, 20242
30-34 years, Total, Total, Buzau, Year 2022, Number of persons, 22616
30-34 years, Total, Total, Buzau, Year 2023, Number of persons, 21165
30-34 years, Total, Total, Buzau, Year 2024, Number of persons, 19787
30-34 years, Total, Total, Constanta, Year 2013, Number of persons, 52911
30-34 years, Total, Total, Constanta, Year 2014, Number of persons, 50789
30-34 years, Total, Total, Constanta, Year 2015, Number of persons, 49082
30-34 years, Total, Total, Constanta, Year 2016, Number of persons, 47936
30-34 years, Total, Total, Constanta, Year 2017, Number of persons, 47099
30-34 years, Total, Total, Constanta, Year 2018, Number of persons, 48399
30-34 years, Total, Total, Constanta, Year 2019, Number of persons, 49675
30-34 years, Total, Total, Constanta, Year 2020, Number of persons, 50707
30-34 years, Total, Total, Constanta, Year 2021, Number of persons, 49377
30-34 years, Total, Total, Constanta, Year 2022, Number of persons, 43812
30-34 years, Total, Total, Constanta, Year 2023, Number of persons, 40515
30-34 years, Total, Total, Constanta, Year 2024, Number of persons, 37566
30-34 years, Total, Total, Galati, Year 2013, Number of persons, 36732
30-34 years, Total, Total, Galati, Year 2014, Number of persons, 34160
30-34 years, Total, Total, Galati, Year 2015, Number of persons, 31915
30-34 years, Total, Total, Galati, Year 2016, Number of persons, 30297
30-34 years, Total, Total, Galati, Year 2017, Number of persons, 29070
30-34 years, Total, Total, Galati, Year 2018, Number of persons, 29326
30-34 years, Total, Total, Galati, Year 2019, Number of persons, 29915
30-34 years, Total, Total, Galati, Year 2020, Number of persons, 30031
30-34 years, Total, Total, Galati, Year 2021, Number of persons, 28807
30-34 years, Total, Total, Galati, Year 2022, Number of persons, 28595
30-34 years, Total, Total, Galati, Year 2023, Number of persons, 26682
30-34 years, Total, Total, Galati, Year 2024, Number of persons, 25115
30-34 years, Total, Total, Tulcea, Year 2013, Number of persons, 14059
30-34 years, Total, Total, Tulcea, Year 2014, Number of persons, 13158
30-34 years, Total, Total, Tulcea, Year 2015, Number of persons, 12354
30-34 years, Total, Total, Tulcea, Year 2016, Number of persons, 11596
30-34 years, Total, Total, Tulcea, Year 2017, Number of persons, 11220
30-34 years, Total, Total, Tulcea, Year 2018, Number of persons, 11150
30-34 years, Total, Total, Tulcea, Year 2019, Number of persons, 10932
30-34 years, Total, Total, Tulcea, Year 2020, Number of persons, 10445
30-34 years, Total, Total, Tulcea, Year 2021, Number of persons, 9531
30-34 years, Total, Total, Tulcea, Year 2022, Number of persons, 11007
30-34 years, Total, Total, Tulcea, Year 2023, Number of persons, 10136
30-34 years, Total, Total, Tulcea, Year 2024, Number of persons, 9210
30-34 years, Total, Total, Vrancea, Year 2013, Number of persons, 21112
30-34 years, Total, Total, Vrancea, Year 2014, Number of persons, 19988
30-34 years, Total, Total, Vrancea, Year 2015, Number of persons, 19184
30-34 years, Total, Total, Vrancea, Year 2016, Number of persons, 18384
30-34 years, Total, Total, Vrancea, Year 2017, Number of persons, 18038
30-34 years, Total, Total, Vrancea, Year 2018, Number of persons, 18162
30-34 years, Total, Total, Vrancea, Year 2019, Number of persons, 18242
30-34 years, Total, Total, Vrancea, Year 2020, Number of persons, 17879
30-34 years, Total, Total, Vrancea, Year 2021, Number of persons, 16767
30-34 years, Total, Total, Vrancea, Year 2022, Number of persons, 20441
30-34 years, Total, Total, Vrancea, Year 2023, Number of persons, 19260
30-34 years, Total, Total, Vrancea, Year 2024, Number of persons, 18084
30-34 years, Total, Total, Arges, Year 2013, Number of persons, 43497
30-34 years, Total, Total, Arges, Year 2014, Number of persons, 41027
30-34 years, Total, Total, Arges, Year 2015, Number of persons, 38469
30-34 years, Total, Total, Arges, Year 2016, Number of persons, 36634
30-34 years, Total, Total, Arges, Year 2017, Number of persons, 35599
30-34 years, Total, Total, Arges, Year 2018, Number of persons, 35188
30-34 years, Total, Total, Arges, Year 2019, Number of persons, 35350
30-34 years, Total, Total, Arges, Year 2020, Number of persons, 34960
30-34 years, Total, Total, Arges, Year 2021, Number of persons, 33211
30-34 years, Total, Total, Arges, Year 2022, Number of persons, 34066
30-34 years, Total, Total, Arges, Year 2023, Number of persons, 32736
30-34 years, Total, Total, Arges, Year 2024, Number of persons, 31142
30-34 years, Total, Total, Calarasi, Year 2013, Number of persons, 19267
30-34 years, Total, Total, Calarasi, Year 2014, Number of persons, 17947
30-34 years, Total, Total, Calarasi, Year 2015, Number of persons, 17053
30-34 years, Total, Total, Calarasi, Year 2016, Number of persons, 16607
30-34 years, Total, Total, Calarasi, Year 2017, Number of persons, 16623
30-34 years, Total, Total, Calarasi, Year 2018, Number of persons, 16849
30-34 years, Total, Total, Calarasi, Year 2019, Number of persons, 17314
30-34 years, Total, Total, Calarasi, Year 2020, Number of persons, 17343
30-34 years, Total, Total, Calarasi, Year 2021, Number of persons, 16265
30-34 years, Total, Total, Calarasi, Year 2022, Number of persons, 17395
30-34 years, Total, Total, Calarasi, Year 2023, Number of persons, 15998
30-34 years, Total, Total, Calarasi, Year 2024, Number of persons, 14805
30-34 years, Total, Total, Dambovita, Year 2013, Number of persons, 37187
30-34 years, Total, Total, Dambovita, Year 2014, Number of persons, 35074
30-34 years, Total, Total, Dambovita, Year 2015, Number of persons, 33602
30-34 years, Total, Total, Dambovita, Year 2016, Number of persons, 32528
30-34 years, Total, Total, Dambovita, Year 2017, Number of persons, 32412
30-34 years, Total, Total, Dambovita, Year 2018, Number of persons, 33177
30-34 years, Total, Total, Dambovita, Year 2019, Number of persons, 34421
30-34 years, Total, Total, Dambovita, Year 2020, Number of persons, 34720
30-34 years, Total, Total, Dambovita, Year 2021, Number of persons, 33212
30-34 years, Total, Total, Dambovita, Year 2022, Number of persons, 31459
30-34 years, Total, Total, Dambovita, Year 2023, Number of persons, 29424
30-34 years, Total, Total, Dambovita, Year 2024, Number of persons, 27579
30-34 years, Total, Total, Giurgiu, Year 2013, Number of persons, 18438
30-34 years, Total, Total, Giurgiu, Year 2014, Number of persons, 17293
30-34 years, Total, Total, Giurgiu, Year 2015, Number of persons, 16619
30-34 years, Total, Total, Giurgiu, Year 2016, Number of persons, 16401
30-34 years, Total, Total, Giurgiu, Year 2017, Number of persons, 16438
30-34 years, Total, Total, Giurgiu, Year 2018, Number of persons, 16875
30-34 years, Total, Total, Giurgiu, Year 2019, Number of persons, 17597
30-34 years, Total, Total, Giurgiu, Year 2020, Number of persons, 17520
30-34 years, Total, Total, Giurgiu, Year 2021, Number of persons, 16722
30-34 years, Total, Total, Giurgiu, Year 2022, Number of persons, 16654
30-34 years, Total, Total, Giurgiu, Year 2023, Number of persons, 15576
30-34 years, Total, Total, Giurgiu, Year 2024, Number of persons, 14540
30-34 years, Total, Total, Ialomita, Year 2013, Number of persons, 16873
30-34 years, Total, Total, Ialomita, Year 2014, Number of persons, 15636
30-34 years, Total, Total, Ialomita, Year 2015, Number of persons, 14663
30-34 years, Total, Total, Ialomita, Year 2016, Number of persons, 13737
30-34 years, Total, Total, Ialomita, Year 2017, Number of persons, 13618
30-34 years, Total, Total, Ialomita, Year 2018, Number of persons, 13928
30-34 years, Total, Total, Ialomita, Year 2019, Number of persons, 13987
30-34 years, Total, Total, Ialomita, Year 2020, Number of persons, 14151
30-34 years, Total, Total, Ialomita, Year 2021, Number of persons, 13209
30-34 years, Total, Total, Ialomita, Year 2022, Number of persons, 13919
30-34 years, Total, Total, Ialomita, Year 2023, Number of persons, 12783
30-34 years, Total, Total, Ialomita, Year 2024, Number of persons, 12109
30-34 years, Total, Total, Prahova, Year 2013, Number of persons, 52043
30-34 years, Total, Total, Prahova, Year 2014, Number of persons, 49193
30-34 years, Total, Total, Prahova, Year 2015, Number of persons, 46573
30-34 years, Total, Total, Prahova, Year 2016, Number of persons, 44549
30-34 years, Total, Total, Prahova, Year 2017, Number of persons, 43671
30-34 years, Total, Total, Prahova, Year 2018, Number of persons, 44800
30-34 years, Total, Total, Prahova, Year 2019, Number of persons, 46055
30-34 years, Total, Total, Prahova, Year 2020, Number of persons, 46723
30-34 years, Total, Total, Prahova, Year 2021, Number of persons, 44275
30-34 years, Total, Total, Prahova, Year 2022, Number of persons, 41494
30-34 years, Total, Total, Prahova, Year 2023, Number of persons, 38604
30-34 years, Total, Total, Prahova, Year 2024, Number of persons, 35932
30-34 years, Total, Total, Teleorman, Year 2013, Number of persons, 20836
30-34 years, Total, Total, Teleorman, Year 2014, Number of persons, 19287
30-34 years, Total, Total, Teleorman, Year 2015, Number of persons, 17822
30-34 years, Total, Total, Teleorman, Year 2016, Number of persons, 16674
30-34 years, Total, Total, Teleorman, Year 2017, Number of persons, 16045
30-34 years, Total, Total, Teleorman, Year 2018, Number of persons, 15561
30-34 years, Total, Total, Teleorman, Year 2019, Number of persons, 15450
30-34 years, Total, Total, Teleorman, Year 2020, Number of persons, 14901
30-34 years, Total, Total, Teleorman, Year 2021, Number of persons, 13884
30-34 years, Total, Total, Teleorman, Year 2022, Number of persons, 16623
30-34 years, Total, Total, Teleorman, Year 2023, Number of persons, 15636
30-34 years, Total, Total, Teleorman, Year 2024, Number of persons, 15080
30-34 years, Total, Total, Ilfov, Year 2013, Number of persons, 38079
30-34 years, Total, Total, Ilfov, Year 2014, Number of persons, 37109
30-34 years, Total, Total, Ilfov, Year 2015, Number of persons, 37334
30-34 years, Total, Total, Ilfov, Year 2016, Number of persons, 37783
30-34 years, Total, Total, Ilfov, Year 2017, Number of persons, 39158
30-34 years, Total, Total, Ilfov, Year 2018, Number of persons, 41200
30-34 years, Total, Total, Ilfov, Year 2019, Number of persons, 43990
30-34 years, Total, Total, Ilfov, Year 2020, Number of persons, 43698
30-34 years, Total, Total, Ilfov, Year 2021, Number of persons, 44092
30-34 years, Total, Total, Ilfov, Year 2022, Number of persons, 49097
30-34 years, Total, Total, Ilfov, Year 2023, Number of persons, 46921
30-34 years, Total, Total, Ilfov, Year 2024, Number of persons, 44164
30-34 years, Total, Total, Bucharest Municipality, Year 2013, Number of persons, 179237
30-34 years, Total, Total, Bucharest Municipality, Year 2014, Number of persons, 173402
30-34 years, Total, Total, Bucharest Municipality, Year 2015, Number of persons, 171231
30-34 years, Total, Total, Bucharest Municipality, Year 2016, Number of persons, 171470
30-34 years, Total, Total, Bucharest Municipality, Year 2017, Number of persons, 172526
30-34 years, Total, Total, Bucharest Municipality, Year 2018, Number of persons, 178719
30-34 years, Total, Total, Bucharest Municipality, Year 2019, Number of persons, 187693
30-34 years, Total, Total, Bucharest Municipality, Year 2020, Number of persons, 190382
30-34 years, Total, Total, Bucharest Municipality, Year 2021, Number of persons, 185164
30-34 years, Total, Total, Bucharest Municipality, Year 2022, Number of persons, 137355
30-34 years, Total, Total, Bucharest Municipality, Year 2023, Number of persons, 130197
30-34 years, Total, Total, Bucharest Municipality, Year 2024, Number of persons, 121200
30-34 years, Total, Total, Dolj, Year 2013, Number of persons, 46814
30-34 years, Total, Total, Dolj, Year 2014, Number of persons, 45234
30-34 years, Total, Total, Dolj, Year 2015, Number of persons, 43757
30-34 years, Total, Total, Dolj, Year 2016, Number of persons, 42181
30-34 years, Total, Total, Dolj, Year 2017, Number of persons, 41650
30-34 years, Total, Total, Dolj, Year 2018, Number of persons, 41977
30-34 years, Total, Total, Dolj, Year 2019, Number of persons, 42467
30-34 years, Total, Total, Dolj, Year 2020, Number of persons, 42740
30-34 years, Total, Total, Dolj, Year 2021, Number of persons, 41685
30-34 years, Total, Total, Dolj, Year 2022, Number of persons, 36987
30-34 years, Total, Total, Dolj, Year 2023, Number of persons, 35719
30-34 years, Total, Total, Dolj, Year 2024, Number of persons, 34644
30-34 years, Total, Total, Gorj, Year 2013, Number of persons, 23556
30-34 years, Total, Total, Gorj, Year 2014, Number of persons, 22208
30-34 years, Total, Total, Gorj, Year 2015, Number of persons, 21008
30-34 years, Total, Total, Gorj, Year 2016, Number of persons, 20007
30-34 years, Total, Total, Gorj, Year 2017, Number of persons, 19511
30-34 years, Total, Total, Gorj, Year 2018, Number of persons, 19151
30-34 years, Total, Total, Gorj, Year 2019, Number of persons, 19039
30-34 years, Total, Total, Gorj, Year 2020, Number of persons, 18580
30-34 years, Total, Total, Gorj, Year 2021, Number of persons, 17149
30-34 years, Total, Total, Gorj, Year 2022, Number of persons, 19458
30-34 years, Total, Total, Gorj, Year 2023, Number of persons, 18308
30-34 years, Total, Total, Gorj, Year 2024, Number of persons, 17460
30-34 years, Total, Total, Mehedinti, Year 2013, Number of persons, 17068
30-34 years, Total, Total, Mehedinti, Year 2014, Number of persons, 16066
30-34 years, Total, Total, Mehedinti, Year 2015, Number of persons, 14976
30-34 years, Total, Total, Mehedinti, Year 2016, Number of persons, 13949
30-34 years, Total, Total, Mehedinti, Year 2017, Number of persons, 13347
30-34 years, Total, Total, Mehedinti, Year 2018, Number of persons, 13005
30-34 years, Total, Total, Mehedinti, Year 2019, Number of persons, 12928
30-34 years, Total, Total, Mehedinti, Year 2020, Number of persons, 12527
30-34 years, Total, Total, Mehedinti, Year 2021, Number of persons, 12026
30-34 years, Total, Total, Mehedinti, Year 2022, Number of persons, 13237
30-34 years, Total, Total, Mehedinti, Year 2023, Number of persons, 12552
30-34 years, Total, Total, Mehedinti, Year 2024, Number of persons, 12074
30-34 years, Total, Total, Olt, Year 2013, Number of persons, 27074
30-34 years, Total, Total, Olt, Year 2014, Number of persons, 25154
30-34 years, Total, Total, Olt, Year 2015, Number of persons, 23880
30-34 years, Total, Total, Olt, Year 2016, Number of persons, 22706
30-34 years, Total, Total, Olt, Year 2017, Number of persons, 22144
30-34 years, Total, Total, Olt, Year 2018, Number of persons, 22211
30-34 years, Total, Total, Olt, Year 2019, Number of persons, 22063
30-34 years, Total, Total, Olt, Year 2020, Number of persons, 21371
30-34 years, Total, Total, Olt, Year 2021, Number of persons, 19943
30-34 years, Total, Total, Olt, Year 2022, Number of persons, 22276
30-34 years, Total, Total, Olt, Year 2023, Number of persons, 21010
30-34 years, Total, Total, Olt, Year 2024, Number of persons, 20051
30-34 years, Total, Total, Valcea, Year 2013, Number of persons, 23049
30-34 years, Total, Total, Valcea, Year 2014, Number of persons, 21497
30-34 years, Total, Total, Valcea, Year 2015, Number of persons, 20123
30-34 years, Total, Total, Valcea, Year 2016, Number of persons, 19015
30-34 years, Total, Total, Valcea, Year 2017, Number of persons, 18714
30-34 years, Total, Total, Valcea, Year 2018, Number of persons, 18658
30-34 years, Total, Total, Valcea, Year 2019, Number of persons, 18795
30-34 years, Total, Total, Valcea, Year 2020, Number of persons, 18688
30-34 years, Total, Total, Valcea, Year 2021, Number of persons, 17506
30-34 years, Total, Total, Valcea, Year 2022, Number of persons, 20057
30-34 years, Total, Total, Valcea, Year 2023, Number of persons, 18787
30-34 years, Total, Total, Valcea, Year 2024, Number of persons, 17424
30-34 years, Total, Total, Arad, Year 2013, Number of persons, 30504
30-34 years, Total, Total, Arad, Year 2014, Number of persons, 28919
30-34 years, Total, Total, Arad, Year 2015, Number of persons, 27856
30-34 years, Total, Total, Arad, Year 2016, Number of persons, 27326
30-34 years, Total, Total, Arad, Year 2017, Number of persons, 26975
30-34 years, Total, Total, Arad, Year 2018, Number of persons, 27429
30-34 years, Total, Total, Arad, Year 2019, Number of persons, 28576
30-34 years, Total, Total, Arad, Year 2020, Number of persons, 28930
30-34 years, Total, Total, Arad, Year 2021, Number of persons, 28172
30-34 years, Total, Total, Arad, Year 2022, Number of persons, 27262
30-34 years, Total, Total, Arad, Year 2023, Number of persons, 25973
30-34 years, Total, Total, Arad, Year 2024, Number of persons, 24533
30-34 years, Total, Total, Caras-Severin, Year 2013, Number of persons, 19148
30-34 years, Total, Total, Caras-Severin, Year 2014, Number of persons, 18289
30-34 years, Total, Total, Caras-Severin, Year 2015, Number of persons, 17582
30-34 years, Total, Total, Caras-Severin, Year 2016, Number of persons, 16903
30-34 years, Total, Total, Caras-Severin, Year 2017, Number of persons, 16707
30-34 years, Total, Total, Caras-Severin, Year 2018, Number of persons, 16881
30-34 years, Total, Total, Caras-Severin, Year 2019, Number of persons, 16696
30-34 years, Total, Total, Caras-Severin, Year 2020, Number of persons, 16536
30-34 years, Total, Total, Caras-Severin, Year 2021, Number of persons, 15510
30-34 years, Total, Total, Caras-Severin, Year 2022, Number of persons, 13928
30-34 years, Total, Total, Caras-Severin, Year 2023, Number of persons, 13021
30-34 years, Total, Total, Caras-Severin, Year 2024, Number of persons, 12291
30-34 years, Total, Total, Hunedoara, Year 2013, Number of persons, 26225
30-34 years, Total, Total, Hunedoara, Year 2014, Number of persons, 24452
30-34 years, Total, Total, Hunedoara, Year 2015, Number of persons, 23030
30-34 years, Total, Total, Hunedoara, Year 2016, Number of persons, 21793
30-34 years, Total, Total, Hunedoara, Year 2017, Number of persons, 21054
30-34 years, Total, Total, Hunedoara, Year 2018, Number of persons, 20994
30-34 years, Total, Total, Hunedoara, Year 2019, Number of persons, 21087
30-34 years, Total, Total, Hunedoara, Year 2020, Number of persons, 20848
30-34 years, Total, Total, Hunedoara, Year 2021, Number of persons, 19124
30-34 years, Total, Total, Hunedoara, Year 2022, Number of persons, 19670
30-34 years, Total, Total, Hunedoara, Year 2023, Number of persons, 18631
30-34 years, Total, Total, Hunedoara, Year 2024, Number of persons, 17400
30-34 years, Total, Total, Timis, Year 2013, Number of persons, 56388
30-34 years, Total, Total, Timis, Year 2014, Number of persons, 55805
30-34 years, Total, Total, Timis, Year 2015, Number of persons, 56290
30-34 years, Total, Total, Timis, Year 2016, Number of persons, 56818
30-34 years, Total, Total, Timis, Year 2017, Number of persons, 58143
30-34 years, Total, Total, Timis, Year 2018, Number of persons, 61845
30-34 years, Total, Total, Timis, Year 2019, Number of persons, 67239
30-34 years, Total, Total, Timis, Year 2020, Number of persons, 71462
30-34 years, Total, Total, Timis, Year 2021, Number of persons, 74146
30-34 years, Total, Total, Timis, Year 2022, Number of persons, 50546
30-34 years, Total, Total, Timis, Year 2023, Number of persons, 49575
30-34 years, Total, Total, Timis, Year 2024, Number of persons, 47851
35-39 years, Total, Total, Bihor, Year 2013, Number of persons, 45545
35-39 years, Total, Total, Bihor, Year 2014, Number of persons, 46073
35-39 years, Total, Total, Bihor, Year 2015, Number of persons, 45130
35-39 years, Total, Total, Bihor, Year 2016, Number of persons, 44630
35-39 years, Total, Total, Bihor, Year 2017, Number of persons, 43868
35-39 years, Total, Total, Bihor, Year 2018, Number of persons, 42491
35-39 years, Total, Total, Bihor, Year 2019, Number of persons, 40597
35-39 years, Total, Total, Bihor, Year 2020, Number of persons, 39803
35-39 years, Total, Total, Bihor, Year 2021, Number of persons, 39187
35-39 years, Total, Total, Bihor, Year 2022, Number of persons, 36868
35-39 years, Total, Total, Bihor, Year 2023, Number of persons, 37576
35-39 years, Total, Total, Bihor, Year 2024, Number of persons, 38769
35-39 years, Total, Total, Bistrita-Nasaud, Year 2013, Number of persons, 21384
35-39 years, Total, Total, Bistrita-Nasaud, Year 2014, Number of persons, 21372
35-39 years, Total, Total, Bistrita-Nasaud, Year 2015, Number of persons, 20929
35-39 years, Total, Total, Bistrita-Nasaud, Year 2016, Number of persons, 20631
35-39 years, Total, Total, Bistrita-Nasaud, Year 2017, Number of persons, 20194
35-39 years, Total, Total, Bistrita-Nasaud, Year 2018, Number of persons, 19476
35-39 years, Total, Total, Bistrita-Nasaud, Year 2019, Number of persons, 18520
35-39 years, Total, Total, Bistrita-Nasaud, Year 2020, Number of persons, 17827
35-39 years, Total, Total, Bistrita-Nasaud, Year 2021, Number of persons, 17290
35-39 years, Total, Total, Bistrita-Nasaud, Year 2022, Number of persons, 19798
35-39 years, Total, Total, Bistrita-Nasaud, Year 2023, Number of persons, 20203
35-39 years, Total, Total, Bistrita-Nasaud, Year 2024, Number of persons, 20816
35-39 years, Total, Total, Cluj, Year 2013, Number of persons, 52963
35-39 years, Total, Total, Cluj, Year 2014, Number of persons, 54224
35-39 years, Total, Total, Cluj, Year 2015, Number of persons, 54371
35-39 years, Total, Total, Cluj, Year 2016, Number of persons, 55137
35-39 years, Total, Total, Cluj, Year 2017, Number of persons, 55626
35-39 years, Total, Total, Cluj, Year 2018, Number of persons, 55660
35-39 years, Total, Total, Cluj, Year 2019, Number of persons, 55546
35-39 years, Total, Total, Cluj, Year 2020, Number of persons, 56820
35-39 years, Total, Total, Cluj, Year 2021, Number of persons, 58071
35-39 years, Total, Total, Cluj, Year 2022, Number of persons, 51105
35-39 years, Total, Total, Cluj, Year 2023, Number of persons, 53093
35-39 years, Total, Total, Cluj, Year 2024, Number of persons, 55925
35-39 years, Total, Total, Maramures, Year 2013, Number of persons, 37608
35-39 years, Total, Total, Maramures, Year 2014, Number of persons, 37899
35-39 years, Total, Total, Maramures, Year 2015, Number of persons, 37428
35-39 years, Total, Total, Maramures, Year 2016, Number of persons, 36906
35-39 years, Total, Total, Maramures, Year 2017, Number of persons, 35948
35-39 years, Total, Total, Maramures, Year 2018, Number of persons, 34557
35-39 years, Total, Total, Maramures, Year 2019, Number of persons, 33183
35-39 years, Total, Total, Maramures, Year 2020, Number of persons, 32296
35-39 years, Total, Total, Maramures, Year 2021, Number of persons, 31511
35-39 years, Total, Total, Maramures, Year 2022, Number of persons, 30512
35-39 years, Total, Total, Maramures, Year 2023, Number of persons, 31172
35-39 years, Total, Total, Maramures, Year 2024, Number of persons, 32151
35-39 years, Total, Total, Satu Mare, Year 2013, Number of persons, 28513
35-39 years, Total, Total, Satu Mare, Year 2014, Number of persons, 28707
35-39 years, Total, Total, Satu Mare, Year 2015, Number of persons, 28081
35-39 years, Total, Total, Satu Mare, Year 2016, Number of persons, 27406
35-39 years, Total, Total, Satu Mare, Year 2017, Number of persons, 26506
35-39 years, Total, Total, Satu Mare, Year 2018, Number of persons, 25367
35-39 years, Total, Total, Satu Mare, Year 2019, Number of persons, 24066
35-39 years, Total, Total, Satu Mare, Year 2020, Number of persons, 23447
35-39 years, Total, Total, Satu Mare, Year 2021, Number of persons, 22816
35-39 years, Total, Total, Satu Mare, Year 2022, Number of persons, 22689
35-39 years, Total, Total, Satu Mare, Year 2023, Number of persons, 22943
35-39 years, Total, Total, Satu Mare, Year 2024, Number of persons, 23681
35-39 years, Total, Total, Salaj, Year 2013, Number of persons, 16447
35-39 years, Total, Total, Salaj, Year 2014, Number of persons, 16154
35-39 years, Total, Total, Salaj, Year 2015, Number of persons, 15434
35-39 years, Total, Total, Salaj, Year 2016, Number of persons, 14814
35-39 years, Total, Total, Salaj, Year 2017, Number of persons, 14115
35-39 years, Total, Total, Salaj, Year 2018, Number of persons, 13540
35-39 years, Total, Total, Salaj, Year 2019, Number of persons, 12764
35-39 years, Total, Total, Salaj, Year 2020, Number of persons, 12349
35-39 years, Total, Total, Salaj, Year 2021, Number of persons, 12068
35-39 years, Total, Total, Salaj, Year 2022, Number of persons, 12725
35-39 years, Total, Total, Salaj, Year 2023, Number of persons, 12934
35-39 years, Total, Total, Salaj, Year 2024, Number of persons, 13365
35-39 years, Total, Total, Alba, Year 2013, Number of persons, 25677
35-39 years, Total, Total, Alba, Year 2014, Number of persons, 25702
35-39 years, Total, Total, Alba, Year 2015, Number of persons, 24850
35-39 years, Total, Total, Alba, Year 2016, Number of persons, 24230
35-39 years, Total, Total, Alba, Year 2017, Number of persons, 23453
35-39 years, Total, Total, Alba, Year 2018, Number of persons, 22441
35-39 years, Total, Total, Alba, Year 2019, Number of persons, 21102
35-39 years, Total, Total, Alba, Year 2020, Number of persons, 20284
35-39 years, Total, Total, Alba, Year 2021, Number of persons, 19419
35-39 years, Total, Total, Alba, Year 2022, Number of persons, 20160
35-39 years, Total, Total, Alba, Year 2023, Number of persons, 20805
35-39 years, Total, Total, Alba, Year 2024, Number of persons, 21411
35-39 years, Total, Total, Brasov, Year 2013, Number of persons, 41653
35-39 years, Total, Total, Brasov, Year 2014, Number of persons, 43345
35-39 years, Total, Total, Brasov, Year 2015, Number of persons, 44021
35-39 years, Total, Total, Brasov, Year 2016, Number of persons, 44329
35-39 years, Total, Total, Brasov, Year 2017, Number of persons, 44302
35-39 years, Total, Total, Brasov, Year 2018, Number of persons, 43350
35-39 years, Total, Total, Brasov, Year 2019, Number of persons, 41749
35-39 years, Total, Total, Brasov, Year 2020, Number of persons, 40803
35-39 years, Total, Total, Brasov, Year 2021, Number of persons, 40277
35-39 years, Total, Total, Brasov, Year 2022, Number of persons, 37756
35-39 years, Total, Total, Brasov, Year 2023, Number of persons, 38746
35-39 years, Total, Total, Brasov, Year 2024, Number of persons, 40394
35-39 years, Total, Total, Covasna, Year 2013, Number of persons, 16629
35-39 years, Total, Total, Covasna, Year 2014, Number of persons, 16955
35-39 years, Total, Total, Covasna, Year 2015, Number of persons, 16892
35-39 years, Total, Total, Covasna, Year 2016, Number of persons, 16761
35-39 years, Total, Total, Covasna, Year 2017, Number of persons, 16543
35-39 years, Total, Total, Covasna, Year 2018, Number of persons, 15956
35-39 years, Total, Total, Covasna, Year 2019, Number of persons, 15092
35-39 years, Total, Total, Covasna, Year 2020, Number of persons, 14289
35-39 years, Total, Total, Covasna, Year 2021, Number of persons, 13674
35-39 years, Total, Total, Covasna, Year 2022, Number of persons, 13134
35-39 years, Total, Total, Covasna, Year 2023, Number of persons, 13256
35-39 years, Total, Total, Covasna, Year 2024, Number of persons, 13613
35-39 years, Total, Total, Harghita, Year 2013, Number of persons, 25115
35-39 years, Total, Total, Harghita, Year 2014, Number of persons, 25535
35-39 years, Total, Total, Harghita, Year 2015, Number of persons, 25264
35-39 years, Total, Total, Harghita, Year 2016, Number of persons, 24953
35-39 years, Total, Total, Harghita, Year 2017, Number of persons, 24557
35-39 years, Total, Total, Harghita, Year 2018, Number of persons, 23834
35-39 years, Total, Total, Harghita, Year 2019, Number of persons, 22826
35-39 years, Total, Total, Harghita, Year 2020, Number of persons, 22050
35-39 years, Total, Total, Harghita, Year 2021, Number of persons, 21346
35-39 years, Total, Total, Harghita, Year 2022, Number of persons, 19277
35-39 years, Total, Total, Harghita, Year 2023, Number of persons, 19300
35-39 years, Total, Total, Harghita, Year 2024, Number of persons, 19683
35-39 years, Total, Total, Mures, Year 2013, Number of persons, 43035
35-39 years, Total, Total, Mures, Year 2014, Number of persons, 43024
35-39 years, Total, Total, Mures, Year 2015, Number of persons, 42157
35-39 years, Total, Total, Mures, Year 2016, Number of persons, 41366
35-39 years, Total, Total, Mures, Year 2017, Number of persons, 40201
35-39 years, Total, Total, Mures, Year 2018, Number of persons, 38616
35-39 years, Total, Total, Mures, Year 2019, Number of persons, 36181
35-39 years, Total, Total, Mures, Year 2020, Number of persons, 34920
35-39 years, Total, Total, Mures, Year 2021, Number of persons, 33588
35-39 years, Total, Total, Mures, Year 2022, Number of persons, 31373
35-39 years, Total, Total, Mures, Year 2023, Number of persons, 32012
35-39 years, Total, Total, Mures, Year 2024, Number of persons, 33272
35-39 years, Total, Total, Sibiu, Year 2013, Number of persons, 30734
35-39 years, Total, Total, Sibiu, Year 2014, Number of persons, 31190
35-39 years, Total, Total, Sibiu, Year 2015, Number of persons, 30991
35-39 years, Total, Total, Sibiu, Year 2016, Number of persons, 31194
35-39 years, Total, Total, Sibiu, Year 2017, Number of persons, 31154
35-39 years, Total, Total, Sibiu, Year 2018, Number of persons, 30847
35-39 years, Total, Total, Sibiu, Year 2019, Number of persons, 29946
35-39 years, Total, Total, Sibiu, Year 2020, Number of persons, 29545
35-39 years, Total, Total, Sibiu, Year 2021, Number of persons, 29285
35-39 years, Total, Total, Sibiu, Year 2022, Number of persons, 26645
35-39 years, Total, Total, Sibiu, Year 2023, Number of persons, 27244
35-39 years, Total, Total, Sibiu, Year 2024, Number of persons, 28411
35-39 years, Total, Total, Bacau, Year 2013, Number of persons, 43863
35-39 years, Total, Total, Bacau, Year 2014, Number of persons, 44241
35-39 years, Total, Total, Bacau, Year 2015, Number of persons, 43261
35-39 years, Total, Total, Bacau, Year 2016, Number of persons, 42358
35-39 years, Total, Total, Bacau, Year 2017, Number of persons, 40968
35-39 years, Total, Total, Bacau, Year 2018, Number of persons, 38730
35-39 years, Total, Total, Bacau, Year 2019, Number of persons, 36019
35-39 years, Total, Total, Bacau, Year 2020, Number of persons, 34014
35-39 years, Total, Total, Bacau, Year 2021, Number of persons, 31992
35-39 years, Total, Total, Bacau, Year 2022, Number of persons, 35178
35-39 years, Total, Total, Bacau, Year 2023, Number of persons, 35729
35-39 years, Total, Total, Bacau, Year 2024, Number of persons, 36805
35-39 years, Total, Total, Botosani, Year 2013, Number of persons, 30699
35-39 years, Total, Total, Botosani, Year 2014, Number of persons, 30590
35-39 years, Total, Total, Botosani, Year 2015, Number of persons, 29760
35-39 years, Total, Total, Botosani, Year 2016, Number of persons, 28819
35-39 years, Total, Total, Botosani, Year 2017, Number of persons, 27542
35-39 years, Total, Total, Botosani, Year 2018, Number of persons, 26053
35-39 years, Total, Total, Botosani, Year 2019, Number of persons, 23940
35-39 years, Total, Total, Botosani, Year 2020, Number of persons, 22428
35-39 years, Total, Total, Botosani, Year 2021, Number of persons, 20994
35-39 years, Total, Total, Botosani, Year 2022, Number of persons, 24215
35-39 years, Total, Total, Botosani, Year 2023, Number of persons, 24694
35-39 years, Total, Total, Botosani, Year 2024, Number of persons, 25633
35-39 years, Total, Total, Iasi, Year 2013, Number of persons, 59073
35-39 years, Total, Total, Iasi, Year 2014, Number of persons, 60613
35-39 years, Total, Total, Iasi, Year 2015, Number of persons, 60538
35-39 years, Total, Total, Iasi, Year 2016, Number of persons, 60322
35-39 years, Total, Total, Iasi, Year 2017, Number of persons, 59873
35-39 years, Total, Total, Iasi, Year 2018, Number of persons, 58560
35-39 years, Total, Total, Iasi, Year 2019, Number of persons, 56522
35-39 years, Total, Total, Iasi, Year 2020, Number of persons, 55852
35-39 years, Total, Total, Iasi, Year 2021, Number of persons, 55883
35-39 years, Total, Total, Iasi, Year 2022, Number of persons, 49463
35-39 years, Total, Total, Iasi, Year 2023, Number of persons, 51303
35-39 years, Total, Total, Iasi, Year 2024, Number of persons, 53844
35-39 years, Total, Total, Neamt, Year 2013, Number of persons, 33460
35-39 years, Total, Total, Neamt, Year 2014, Number of persons, 33745
35-39 years, Total, Total, Neamt, Year 2015, Number of persons, 32824
35-39 years, Total, Total, Neamt, Year 2016, Number of persons, 31953
35-39 years, Total, Total, Neamt, Year 2017, Number of persons, 30619
35-39 years, Total, Total, Neamt, Year 2018, Number of persons, 28936
35-39 years, Total, Total, Neamt, Year 2019, Number of persons, 26564
35-39 years, Total, Total, Neamt, Year 2020, Number of persons, 25014
35-39 years, Total, Total, Neamt, Year 2021, Number of persons, 23320
35-39 years, Total, Total, Neamt, Year 2022, Number of persons, 25850
35-39 years, Total, Total, Neamt, Year 2023, Number of persons, 26101
35-39 years, Total, Total, Neamt, Year 2024, Number of persons, 26765
35-39 years, Total, Total, Suceava, Year 2013, Number of persons, 45777
35-39 years, Total, Total, Suceava, Year 2014, Number of persons, 45990
35-39 years, Total, Total, Suceava, Year 2015, Number of persons, 44905
35-39 years, Total, Total, Suceava, Year 2016, Number of persons, 43881
35-39 years, Total, Total, Suceava, Year 2017, Number of persons, 42678
35-39 years, Total, Total, Suceava, Year 2018, Number of persons, 40846
35-39 years, Total, Total, Suceava, Year 2019, Number of persons, 38553
35-39 years, Total, Total, Suceava, Year 2020, Number of persons, 37086
35-39 years, Total, Total, Suceava, Year 2021, Number of persons, 35940
35-39 years, Total, Total, Suceava, Year 2022, Number of persons, 38935
35-39 years, Total, Total, Suceava, Year 2023, Number of persons, 39852
35-39 years, Total, Total, Suceava, Year 2024, Number of persons, 41223
35-39 years, Total, Total, Vaslui, Year 2013, Number of persons, 28546
35-39 years, Total, Total, Vaslui, Year 2014, Number of persons, 28645
35-39 years, Total, Total, Vaslui, Year 2015, Number of persons, 27916
35-39 years, Total, Total, Vaslui, Year 2016, Number of persons, 26894
35-39 years, Total, Total, Vaslui, Year 2017, Number of persons, 25552
35-39 years, Total, Total, Vaslui, Year 2018, Number of persons, 24006
35-39 years, Total, Total, Vaslui, Year 2019, Number of persons, 21516
35-39 years, Total, Total, Vaslui, Year 2020, Number of persons, 19967
35-39 years, Total, Total, Vaslui, Year 2021, Number of persons, 18390
35-39 years, Total, Total, Vaslui, Year 2022, Number of persons, 20119
35-39 years, Total, Total, Vaslui, Year 2023, Number of persons, 20493
35-39 years, Total, Total, Vaslui, Year 2024, Number of persons, 20977
35-39 years, Total, Total, Braila, Year 2013, Number of persons, 25455
35-39 years, Total, Total, Braila, Year 2014, Number of persons, 25495
35-39 years, Total, Total, Braila, Year 2015, Number of persons, 24453
35-39 years, Total, Total, Braila, Year 2016, Number of persons, 23171
35-39 years, Total, Total, Braila, Year 2017, Number of persons, 21453
35-39 years, Total, Total, Braila, Year 2018, Number of persons, 19618
35-39 years, Total, Total, Braila, Year 2019, Number of persons, 17666
35-39 years, Total, Total, Braila, Year 2020, Number of persons, 16260
35-39 years, Total, Total, Braila, Year 2021, Number of persons, 15134
35-39 years, Total, Total, Braila, Year 2022, Number of persons, 15553
35-39 years, Total, Total, Braila, Year 2023, Number of persons, 15887
35-39 years, Total, Total, Braila, Year 2024, Number of persons, 16646
35-39 years, Total, Total, Buzau, Year 2013, Number of persons, 32324
35-39 years, Total, Total, Buzau, Year 2014, Number of persons, 32044
35-39 years, Total, Total, Buzau, Year 2015, Number of persons, 31027
35-39 years, Total, Total, Buzau, Year 2016, Number of persons, 30377
35-39 years, Total, Total, Buzau, Year 2017, Number of persons, 29402
35-39 years, Total, Total, Buzau, Year 2018, Number of persons, 27564
35-39 years, Total, Total, Buzau, Year 2019, Number of persons, 25316
35-39 years, Total, Total, Buzau, Year 2020, Number of persons, 23822
35-39 years, Total, Total, Buzau, Year 2021, Number of persons, 22488
35-39 years, Total, Total, Buzau, Year 2022, Number of persons, 22994
35-39 years, Total, Total, Buzau, Year 2023, Number of persons, 23575
35-39 years, Total, Total, Buzau, Year 2024, Number of persons, 24559
35-39 years, Total, Total, Constanta, Year 2013, Number of persons, 54906
35-39 years, Total, Total, Constanta, Year 2014, Number of persons, 56607
35-39 years, Total, Total, Constanta, Year 2015, Number of persons, 55944
35-39 years, Total, Total, Constanta, Year 2016, Number of persons, 55128
35-39 years, Total, Total, Constanta, Year 2017, Number of persons, 54184
35-39 years, Total, Total, Constanta, Year 2018, Number of persons, 52230
35-39 years, Total, Total, Constanta, Year 2019, Number of persons, 49676
35-39 years, Total, Total, Constanta, Year 2020, Number of persons, 48447
35-39 years, Total, Total, Constanta, Year 2021, Number of persons, 47499
35-39 years, Total, Total, Constanta, Year 2022, Number of persons, 44324
35-39 years, Total, Total, Constanta, Year 2023, Number of persons, 45828
35-39 years, Total, Total, Constanta, Year 2024, Number of persons, 47503
35-39 years, Total, Total, Galati, Year 2013, Number of persons, 42414
35-39 years, Total, Total, Galati, Year 2014, Number of persons, 42562
35-39 years, Total, Total, Galati, Year 2015, Number of persons, 41417
35-39 years, Total, Total, Galati, Year 2016, Number of persons, 40125
35-39 years, Total, Total, Galati, Year 2017, Number of persons, 38158
35-39 years, Total, Total, Galati, Year 2018, Number of persons, 35360
35-39 years, Total, Total, Galati, Year 2019, Number of persons, 32448
35-39 years, Total, Total, Galati, Year 2020, Number of persons, 30582
35-39 years, Total, Total, Galati, Year 2021, Number of persons, 29039
35-39 years, Total, Total, Galati, Year 2022, Number of persons, 29093
35-39 years, Total, Total, Galati, Year 2023, Number of persons, 29914
35-39 years, Total, Total, Galati, Year 2024, Number of persons, 31064
35-39 years, Total, Total, Tulcea, Year 2013, Number of persons, 16129
35-39 years, Total, Total, Tulcea, Year 2014, Number of persons, 16217
35-39 years, Total, Total, Tulcea, Year 2015, Number of persons, 15734
35-39 years, Total, Total, Tulcea, Year 2016, Number of persons, 15192
35-39 years, Total, Total, Tulcea, Year 2017, Number of persons, 14460
35-39 years, Total, Total, Tulcea, Year 2018, Number of persons, 13486
35-39 years, Total, Total, Tulcea, Year 2019, Number of persons, 12434
35-39 years, Total, Total, Tulcea, Year 2020, Number of persons, 11762
35-39 years, Total, Total, Tulcea, Year 2021, Number of persons, 11116
35-39 years, Total, Total, Tulcea, Year 2022, Number of persons, 11402
35-39 years, Total, Total, Tulcea, Year 2023, Number of persons, 11580
35-39 years, Total, Total, Tulcea, Year 2024, Number of persons, 12003
35-39 years, Total, Total, Vrancea, Year 2013, Number of persons, 24154
35-39 years, Total, Total, Vrancea, Year 2014, Number of persons, 24071
35-39 years, Total, Total, Vrancea, Year 2015, Number of persons, 23458
35-39 years, Total, Total, Vrancea, Year 2016, Number of persons, 22801
35-39 years, Total, Total, Vrancea, Year 2017, Number of persons, 21853
35-39 years, Total, Total, Vrancea, Year 2018, Number of persons, 20531
35-39 years, Total, Total, Vrancea, Year 2019, Number of persons, 19160
35-39 years, Total, Total, Vrancea, Year 2020, Number of persons, 18386
35-39 years, Total, Total, Vrancea, Year 2021, Number of persons, 17591
35-39 years, Total, Total, Vrancea, Year 2022, Number of persons, 20559
35-39 years, Total, Total, Vrancea, Year 2023, Number of persons, 21188
35-39 years, Total, Total, Vrancea, Year 2024, Number of persons, 22123
35-39 years, Total, Total, Arges, Year 2013, Number of persons, 50250
35-39 years, Total, Total, Arges, Year 2014, Number of persons, 50109
35-39 years, Total, Total, Arges, Year 2015, Number of persons, 48863
35-39 years, Total, Total, Arges, Year 2016, Number of persons, 47250
35-39 years, Total, Total, Arges, Year 2017, Number of persons, 45100
35-39 years, Total, Total, Arges, Year 2018, Number of persons, 42479
35-39 years, Total, Total, Arges, Year 2019, Number of persons, 39471
35-39 years, Total, Total, Arges, Year 2020, Number of persons, 37100
35-39 years, Total, Total, Arges, Year 2021, Number of persons, 35337
35-39 years, Total, Total, Arges, Year 2022, Number of persons, 35700
35-39 years, Total, Total, Arges, Year 2023, Number of persons, 35986
35-39 years, Total, Total, Arges, Year 2024, Number of persons, 37137
35-39 years, Total, Total, Calarasi, Year 2013, Number of persons, 22490
35-39 years, Total, Total, Calarasi, Year 2014, Number of persons, 22586
35-39 years, Total, Total, Calarasi, Year 2015, Number of persons, 21904
35-39 years, Total, Total, Calarasi, Year 2016, Number of persons, 20982
35-39 years, Total, Total, Calarasi, Year 2017, Number of persons, 19937
35-39 years, Total, Total, Calarasi, Year 2018, Number of persons, 18577
35-39 years, Total, Total, Calarasi, Year 2019, Number of persons, 17021
35-39 years, Total, Total, Calarasi, Year 2020, Number of persons, 16111
35-39 years, Total, Total, Calarasi, Year 2021, Number of persons, 15720
35-39 years, Total, Total, Calarasi, Year 2022, Number of persons, 17034
35-39 years, Total, Total, Calarasi, Year 2023, Number of persons, 17823
35-39 years, Total, Total, Calarasi, Year 2024, Number of persons, 18863
35-39 years, Total, Total, Dambovita, Year 2013, Number of persons, 41504
35-39 years, Total, Total, Dambovita, Year 2014, Number of persons, 42143
35-39 years, Total, Total, Dambovita, Year 2015, Number of persons, 41057
35-39 years, Total, Total, Dambovita, Year 2016, Number of persons, 39919
35-39 years, Total, Total, Dambovita, Year 2017, Number of persons, 38233
35-39 years, Total, Total, Dambovita, Year 2018, Number of persons, 36445
35-39 years, Total, Total, Dambovita, Year 2019, Number of persons, 33932
35-39 years, Total, Total, Dambovita, Year 2020, Number of persons, 32552
35-39 years, Total, Total, Dambovita, Year 2021, Number of persons, 31661
35-39 years, Total, Total, Dambovita, Year 2022, Number of persons, 30368
35-39 years, Total, Total, Dambovita, Year 2023, Number of persons, 31511
35-39 years, Total, Total, Dambovita, Year 2024, Number of persons, 33531
35-39 years, Total, Total, Giurgiu, Year 2013, Number of persons, 21053
35-39 years, Total, Total, Giurgiu, Year 2014, Number of persons, 21014
35-39 years, Total, Total, Giurgiu, Year 2015, Number of persons, 20479
35-39 years, Total, Total, Giurgiu, Year 2016, Number of persons, 19921
35-39 years, Total, Total, Giurgiu, Year 2017, Number of persons, 19428
35-39 years, Total, Total, Giurgiu, Year 2018, Number of persons, 18184
35-39 years, Total, Total, Giurgiu, Year 2019, Number of persons, 16955
35-39 years, Total, Total, Giurgiu, Year 2020, Number of persons, 16313
35-39 years, Total, Total, Giurgiu, Year 2021, Number of persons, 16103
35-39 years, Total, Total, Giurgiu, Year 2022, Number of persons, 16059
35-39 years, Total, Total, Giurgiu, Year 2023, Number of persons, 16935
35-39 years, Total, Total, Giurgiu, Year 2024, Number of persons, 18104
35-39 years, Total, Total, Ialomita, Year 2013, Number of persons, 20703
35-39 years, Total, Total, Ialomita, Year 2014, Number of persons, 20824
35-39 years, Total, Total, Ialomita, Year 2015, Number of persons, 19914
35-39 years, Total, Total, Ialomita, Year 2016, Number of persons, 19124
35-39 years, Total, Total, Ialomita, Year 2017, Number of persons, 17908
35-39 years, Total, Total, Ialomita, Year 2018, Number of persons, 16362
35-39 years, Total, Total, Ialomita, Year 2019, Number of persons, 14875
35-39 years, Total, Total, Ialomita, Year 2020, Number of persons, 14049
35-39 years, Total, Total, Ialomita, Year 2021, Number of persons, 13161
35-39 years, Total, Total, Ialomita, Year 2022, Number of persons, 13326
35-39 years, Total, Total, Ialomita, Year 2023, Number of persons, 13972
35-39 years, Total, Total, Ialomita, Year 2024, Number of persons, 14620
35-39 years, Total, Total, Prahova, Year 2013, Number of persons, 57879
35-39 years, Total, Total, Prahova, Year 2014, Number of persons, 57955
35-39 years, Total, Total, Prahova, Year 2015, Number of persons, 56807
35-39 years, Total, Total, Prahova, Year 2016, Number of persons, 55537
35-39 years, Total, Total, Prahova, Year 2017, Number of persons, 53664
35-39 years, Total, Total, Prahova, Year 2018, Number of persons, 50835
35-39 years, Total, Total, Prahova, Year 2019, Number of persons, 47482
35-39 years, Total, Total, Prahova, Year 2020, Number of persons, 45169
35-39 years, Total, Total, Prahova, Year 2021, Number of persons, 43280
35-39 years, Total, Total, Prahova, Year 2022, Number of persons, 41264
35-39 years, Total, Total, Prahova, Year 2023, Number of persons, 42813
35-39 years, Total, Total, Prahova, Year 2024, Number of persons, 44853
35-39 years, Total, Total, Teleorman, Year 2013, Number of persons, 25960
35-39 years, Total, Total, Teleorman, Year 2014, Number of persons, 25700
35-39 years, Total, Total, Teleorman, Year 2015, Number of persons, 24447
35-39 years, Total, Total, Teleorman, Year 2016, Number of persons, 23176
35-39 years, Total, Total, Teleorman, Year 2017, Number of persons, 21596
35-39 years, Total, Total, Teleorman, Year 2018, Number of persons, 19733
35-39 years, Total, Total, Teleorman, Year 2019, Number of persons, 17841
35-39 years, Total, Total, Teleorman, Year 2020, Number of persons, 16494
35-39 years, Total, Total, Teleorman, Year 2021, Number of persons, 15418
35-39 years, Total, Total, Teleorman, Year 2022, Number of persons, 16806
35-39 years, Total, Total, Teleorman, Year 2023, Number of persons, 16994
35-39 years, Total, Total, Teleorman, Year 2024, Number of persons, 17685
35-39 years, Total, Total, Ilfov, Year 2013, Number of persons, 38975
35-39 years, Total, Total, Ilfov, Year 2014, Number of persons, 41995
35-39 years, Total, Total, Ilfov, Year 2015, Number of persons, 43558
35-39 years, Total, Total, Ilfov, Year 2016, Number of persons, 45150
35-39 years, Total, Total, Ilfov, Year 2017, Number of persons, 46440
35-39 years, Total, Total, Ilfov, Year 2018, Number of persons, 46222
35-39 years, Total, Total, Ilfov, Year 2019, Number of persons, 44588
35-39 years, Total, Total, Ilfov, Year 2020, Number of persons, 43114
35-39 years, Total, Total, Ilfov, Year 2021, Number of persons, 44117
35-39 years, Total, Total, Ilfov, Year 2022, Number of persons, 49941
35-39 years, Total, Total, Ilfov, Year 2023, Number of persons, 53850
35-39 years, Total, Total, Ilfov, Year 2024, Number of persons, 58603
35-39 years, Total, Total, Bucharest Municipality, Year 2013, Number of persons, 165313
35-39 years, Total, Total, Bucharest Municipality, Year 2014, Number of persons, 174377
35-39 years, Total, Total, Bucharest Municipality, Year 2015, Number of persons, 175648
35-39 years, Total, Total, Bucharest Municipality, Year 2016, Number of persons, 177962
35-39 years, Total, Total, Bucharest Municipality, Year 2017, Number of persons, 176622
35-39 years, Total, Total, Bucharest Municipality, Year 2018, Number of persons, 173825
35-39 years, Total, Total, Bucharest Municipality, Year 2019, Number of persons, 169085
35-39 years, Total, Total, Bucharest Municipality, Year 2020, Number of persons, 170978
35-39 years, Total, Total, Bucharest Municipality, Year 2021, Number of persons, 171814
35-39 years, Total, Total, Bucharest Municipality, Year 2022, Number of persons, 141313
35-39 years, Total, Total, Bucharest Municipality, Year 2023, Number of persons, 144476
35-39 years, Total, Total, Bucharest Municipality, Year 2024, Number of persons, 150550
35-39 years, Total, Total, Dolj, Year 2013, Number of persons, 49702
35-39 years, Total, Total, Dolj, Year 2014, Number of persons, 50286
35-39 years, Total, Total, Dolj, Year 2015, Number of persons, 49567
35-39 years, Total, Total, Dolj, Year 2016, Number of persons, 49080
35-39 years, Total, Total, Dolj, Year 2017, Number of persons, 47647
35-39 years, Total, Total, Dolj, Year 2018, Number of persons, 46105
35-39 years, Total, Total, Dolj, Year 2019, Number of persons, 44120
35-39 years, Total, Total, Dolj, Year 2020, Number of persons, 42977
35-39 years, Total, Total, Dolj, Year 2021, Number of persons, 41512
35-39 years, Total, Total, Dolj, Year 2022, Number of persons, 37932
35-39 years, Total, Total, Dolj, Year 2023, Number of persons, 38448
35-39 years, Total, Total, Dolj, Year 2024, Number of persons, 39475
35-39 years, Total, Total, Gorj, Year 2013, Number of persons, 26743
35-39 years, Total, Total, Gorj, Year 2014, Number of persons, 26618
35-39 years, Total, Total, Gorj, Year 2015, Number of persons, 25933
35-39 years, Total, Total, Gorj, Year 2016, Number of persons, 25151
35-39 years, Total, Total, Gorj, Year 2017, Number of persons, 24289
35-39 years, Total, Total, Gorj, Year 2018, Number of persons, 23050
35-39 years, Total, Total, Gorj, Year 2019, Number of persons, 21438
35-39 years, Total, Total, Gorj, Year 2020, Number of persons, 20280
35-39 years, Total, Total, Gorj, Year 2021, Number of persons, 19286
35-39 years, Total, Total, Gorj, Year 2022, Number of persons, 20049
35-39 years, Total, Total, Gorj, Year 2023, Number of persons, 20438
35-39 years, Total, Total, Gorj, Year 2024, Number of persons, 21047
35-39 years, Total, Total, Mehedinti, Year 2013, Number of persons, 20211
35-39 years, Total, Total, Mehedinti, Year 2014, Number of persons, 20158
35-39 years, Total, Total, Mehedinti, Year 2015, Number of persons, 19570
35-39 years, Total, Total, Mehedinti, Year 2016, Number of persons, 18774
35-39 years, Total, Total, Mehedinti, Year 2017, Number of persons, 17733
35-39 years, Total, Total, Mehedinti, Year 2018, Number of persons, 16551
35-39 years, Total, Total, Mehedinti, Year 2019, Number of persons, 15281
35-39 years, Total, Total, Mehedinti, Year 2020, Number of persons, 14399
35-39 years, Total, Total, Mehedinti, Year 2021, Number of persons, 13459
35-39 years, Total, Total, Mehedinti, Year 2022, Number of persons, 13160
35-39 years, Total, Total, Mehedinti, Year 2023, Number of persons, 13351
35-39 years, Total, Total, Mehedinti, Year 2024, Number of persons, 13764
35-39 years, Total, Total, Olt, Year 2013, Number of persons, 32847
35-39 years, Total, Total, Olt, Year 2014, Number of persons, 32707
35-39 years, Total, Total, Olt, Year 2015, Number of persons, 31381
35-39 years, Total, Total, Olt, Year 2016, Number of persons, 29760
35-39 years, Total, Total, Olt, Year 2017, Number of persons, 28027
35-39 years, Total, Total, Olt, Year 2018, Number of persons, 25976
35-39 years, Total, Total, Olt, Year 2019, Number of persons, 23834
35-39 years, Total, Total, Olt, Year 2020, Number of persons, 22786
35-39 years, Total, Total, Olt, Year 2021, Number of persons, 21760
35-39 years, Total, Total, Olt, Year 2022, Number of persons, 22517
35-39 years, Total, Total, Olt, Year 2023, Number of persons, 23192
35-39 years, Total, Total, Olt, Year 2024, Number of persons, 24068
35-39 years, Total, Total, Valcea, Year 2013, Number of persons, 27471
35-39 years, Total, Total, Valcea, Year 2014, Number of persons, 27186
35-39 years, Total, Total, Valcea, Year 2015, Number of persons, 26322
35-39 years, Total, Total, Valcea, Year 2016, Number of persons, 25410
35-39 years, Total, Total, Valcea, Year 2017, Number of persons, 24012
35-39 years, Total, Total, Valcea, Year 2018, Number of persons, 22417
35-39 years, Total, Total, Valcea, Year 2019, Number of persons, 20607
35-39 years, Total, Total, Valcea, Year 2020, Number of persons, 19342
35-39 years, Total, Total, Valcea, Year 2021, Number of persons, 18278
35-39 years, Total, Total, Valcea, Year 2022, Number of persons, 19625
35-39 years, Total, Total, Valcea, Year 2023, Number of persons, 20121
35-39 years, Total, Total, Valcea, Year 2024, Number of persons, 21119
35-39 years, Total, Total, Arad, Year 2013, Number of persons, 34551
35-39 years, Total, Total, Arad, Year 2014, Number of persons, 34835
35-39 years, Total, Total, Arad, Year 2015, Number of persons, 33809
35-39 years, Total, Total, Arad, Year 2016, Number of persons, 32740
35-39 years, Total, Total, Arad, Year 2017, Number of persons, 31734
35-39 years, Total, Total, Arad, Year 2018, Number of persons, 30439
35-39 years, Total, Total, Arad, Year 2019, Number of persons, 28685
35-39 years, Total, Total, Arad, Year 2020, Number of persons, 27911
35-39 years, Total, Total, Arad, Year 2021, Number of persons, 27368
35-39 years, Total, Total, Arad, Year 2022, Number of persons, 26270
35-39 years, Total, Total, Arad, Year 2023, Number of persons, 27087
35-39 years, Total, Total, Arad, Year 2024, Number of persons, 28458
35-39 years, Total, Total, Caras-Severin, Year 2013, Number of persons, 21617
35-39 years, Total, Total, Caras-Severin, Year 2014, Number of persons, 21352
35-39 years, Total, Total, Caras-Severin, Year 2015, Number of persons, 20673
35-39 years, Total, Total, Caras-Severin, Year 2016, Number of persons, 20172
35-39 years, Total, Total, Caras-Severin, Year 2017, Number of persons, 19507
35-39 years, Total, Total, Caras-Severin, Year 2018, Number of persons, 18533
35-39 years, Total, Total, Caras-Severin, Year 2019, Number of persons, 17547
35-39 years, Total, Total, Caras-Severin, Year 2020, Number of persons, 17076
35-39 years, Total, Total, Caras-Severin, Year 2021, Number of persons, 16563
35-39 years, Total, Total, Caras-Severin, Year 2022, Number of persons, 13973
35-39 years, Total, Total, Caras-Severin, Year 2023, Number of persons, 14453
35-39 years, Total, Total, Caras-Severin, Year 2024, Number of persons, 14786
35-39 years, Total, Total, Hunedoara, Year 2013, Number of persons, 31294
35-39 years, Total, Total, Hunedoara, Year 2014, Number of persons, 30642
35-39 years, Total, Total, Hunedoara, Year 2015, Number of persons, 29279
35-39 years, Total, Total, Hunedoara, Year 2016, Number of persons, 28280
35-39 years, Total, Total, Hunedoara, Year 2017, Number of persons, 26892
35-39 years, Total, Total, Hunedoara, Year 2018, Number of persons, 25210
35-39 years, Total, Total, Hunedoara, Year 2019, Number of persons, 23273
35-39 years, Total, Total, Hunedoara, Year 2020, Number of persons, 22113
35-39 years, Total, Total, Hunedoara, Year 2021, Number of persons, 21013
35-39 years, Total, Total, Hunedoara, Year 2022, Number of persons, 19943
35-39 years, Total, Total, Hunedoara, Year 2023, Number of persons, 20134
35-39 years, Total, Total, Hunedoara, Year 2024, Number of persons, 20907
35-39 years, Total, Total, Timis, Year 2013, Number of persons, 54775
35-39 years, Total, Total, Timis, Year 2014, Number of persons, 56350
35-39 years, Total, Total, Timis, Year 2015, Number of persons, 56509
35-39 years, Total, Total, Timis, Year 2016, Number of persons, 57261
35-39 years, Total, Total, Timis, Year 2017, Number of persons, 57600
35-39 years, Total, Total, Timis, Year 2018, Number of persons, 57381
35-39 years, Total, Total, Timis, Year 2019, Number of persons, 56431
35-39 years, Total, Total, Timis, Year 2020, Number of persons, 57099
35-39 years, Total, Total, Timis, Year 2021, Number of persons, 57941
35-39 years, Total, Total, Timis, Year 2022, Number of persons, 48625
35-39 years, Total, Total, Timis, Year 2023, Number of persons, 50563
35-39 years, Total, Total, Timis, Year 2024, Number of persons, 53364
40-44 years, Total, Total, Bihor, Year 2013, Number of persons, 47022
40-44 years, Total, Total, Bihor, Year 2014, Number of persons, 45071
40-44 years, Total, Total, Bihor, Year 2015, Number of persons, 44771
40-44 years, Total, Total, Bihor, Year 2016, Number of persons, 44605
40-44 years, Total, Total, Bihor, Year 2017, Number of persons, 44565
40-44 years, Total, Total, Bihor, Year 2018, Number of persons, 44961
40-44 years, Total, Total, Bihor, Year 2019, Number of persons, 45374
40-44 years, Total, Total, Bihor, Year 2020, Number of persons, 44591
40-44 years, Total, Total, Bihor, Year 2021, Number of persons, 44126
40-44 years, Total, Total, Bihor, Year 2022, Number of persons, 42627
40-44 years, Total, Total, Bihor, Year 2023, Number of persons, 41511
40-44 years, Total, Total, Bihor, Year 2024, Number of persons, 39963
40-44 years, Total, Total, Bistrita-Nasaud, Year 2013, Number of persons, 22058
40-44 years, Total, Total, Bistrita-Nasaud, Year 2014, Number of persons, 21534
40-44 years, Total, Total, Bistrita-Nasaud, Year 2015, Number of persons, 21347
40-44 years, Total, Total, Bistrita-Nasaud, Year 2016, Number of persons, 21039
40-44 years, Total, Total, Bistrita-Nasaud, Year 2017, Number of persons, 20929
40-44 years, Total, Total, Bistrita-Nasaud, Year 2018, Number of persons, 21023
40-44 years, Total, Total, Bistrita-Nasaud, Year 2019, Number of persons, 20965
40-44 years, Total, Total, Bistrita-Nasaud, Year 2020, Number of persons, 20625
40-44 years, Total, Total, Bistrita-Nasaud, Year 2021, Number of persons, 20211
40-44 years, Total, Total, Bistrita-Nasaud, Year 2022, Number of persons, 22060
40-44 years, Total, Total, Bistrita-Nasaud, Year 2023, Number of persons, 21618
40-44 years, Total, Total, Bistrita-Nasaud, Year 2024, Number of persons, 20965
40-44 years, Total, Total, Cluj, Year 2013, Number of persons, 52746
40-44 years, Total, Total, Cluj, Year 2014, Number of persons, 50793
40-44 years, Total, Total, Cluj, Year 2015, Number of persons, 50243
40-44 years, Total, Total, Cluj, Year 2016, Number of persons, 50343
40-44 years, Total, Total, Cluj, Year 2017, Number of persons, 51395
40-44 years, Total, Total, Cluj, Year 2018, Number of persons, 52897
40-44 years, Total, Total, Cluj, Year 2019, Number of persons, 54070
40-44 years, Total, Total, Cluj, Year 2020, Number of persons, 54478
40-44 years, Total, Total, Cluj, Year 2021, Number of persons, 55275
40-44 years, Total, Total, Cluj, Year 2022, Number of persons, 52635
40-44 years, Total, Total, Cluj, Year 2023, Number of persons, 52148
40-44 years, Total, Total, Cluj, Year 2024, Number of persons, 51612
40-44 years, Total, Total, Maramures, Year 2013, Number of persons, 37617
40-44 years, Total, Total, Maramures, Year 2014, Number of persons, 36383
40-44 years, Total, Total, Maramures, Year 2015, Number of persons, 36280
40-44 years, Total, Total, Maramures, Year 2016, Number of persons, 36288
40-44 years, Total, Total, Maramures, Year 2017, Number of persons, 36472
40-44 years, Total, Total, Maramures, Year 2018, Number of persons, 36957
40-44 years, Total, Total, Maramures, Year 2019, Number of persons, 37135
40-44 years, Total, Total, Maramures, Year 2020, Number of persons, 36765
40-44 years, Total, Total, Maramures, Year 2021, Number of persons, 36214
40-44 years, Total, Total, Maramures, Year 2022, Number of persons, 34738
40-44 years, Total, Total, Maramures, Year 2023, Number of persons, 33641
40-44 years, Total, Total, Maramures, Year 2024, Number of persons, 32546
40-44 years, Total, Total, Satu Mare, Year 2013, Number of persons, 28519
40-44 years, Total, Total, Satu Mare, Year 2014, Number of persons, 27910
40-44 years, Total, Total, Satu Mare, Year 2015, Number of persons, 27544
40-44 years, Total, Total, Satu Mare, Year 2016, Number of persons, 27583
40-44 years, Total, Total, Satu Mare, Year 2017, Number of persons, 27638
40-44 years, Total, Total, Satu Mare, Year 2018, Number of persons, 28005
40-44 years, Total, Total, Satu Mare, Year 2019, Number of persons, 28064
40-44 years, Total, Total, Satu Mare, Year 2020, Number of persons, 27611
40-44 years, Total, Total, Satu Mare, Year 2021, Number of persons, 26923
40-44 years, Total, Total, Satu Mare, Year 2022, Number of persons, 25874
40-44 years, Total, Total, Satu Mare, Year 2023, Number of persons, 24934
40-44 years, Total, Total, Satu Mare, Year 2024, Number of persons, 24017
40-44 years, Total, Total, Salaj, Year 2013, Number of persons, 18120
40-44 years, Total, Total, Salaj, Year 2014, Number of persons, 17420
40-44 years, Total, Total, Salaj, Year 2015, Number of persons, 17125
40-44 years, Total, Total, Salaj, Year 2016, Number of persons, 16606
40-44 years, Total, Total, Salaj, Year 2017, Number of persons, 16314
40-44 years, Total, Total, Salaj, Year 2018, Number of persons, 16098
40-44 years, Total, Total, Salaj, Year 2019, Number of persons, 15717
40-44 years, Total, Total, Salaj, Year 2020, Number of persons, 15029
40-44 years, Total, Total, Salaj, Year 2021, Number of persons, 14510
40-44 years, Total, Total, Salaj, Year 2022, Number of persons, 14428
40-44 years, Total, Total, Salaj, Year 2023, Number of persons, 13903
40-44 years, Total, Total, Salaj, Year 2024, Number of persons, 13425
40-44 years, Total, Total, Alba, Year 2013, Number of persons, 27543
40-44 years, Total, Total, Alba, Year 2014, Number of persons, 26349
40-44 years, Total, Total, Alba, Year 2015, Number of persons, 26123
40-44 years, Total, Total, Alba, Year 2016, Number of persons, 25871
40-44 years, Total, Total, Alba, Year 2017, Number of persons, 25620
40-44 years, Total, Total, Alba, Year 2018, Number of persons, 25348
40-44 years, Total, Total, Alba, Year 2019, Number of persons, 25234
40-44 years, Total, Total, Alba, Year 2020, Number of persons, 24507
40-44 years, Total, Total, Alba, Year 2021, Number of persons, 23907
40-44 years, Total, Total, Alba, Year 2022, Number of persons, 23993
40-44 years, Total, Total, Alba, Year 2023, Number of persons, 23196
40-44 years, Total, Total, Alba, Year 2024, Number of persons, 22193
40-44 years, Total, Total, Brasov, Year 2013, Number of persons, 41864
40-44 years, Total, Total, Brasov, Year 2014, Number of persons, 39207
40-44 years, Total, Total, Brasov, Year 2015, Number of persons, 38422
40-44 years, Total, Total, Brasov, Year 2016, Number of persons, 38764
40-44 years, Total, Total, Brasov, Year 2017, Number of persons, 39617
40-44 years, Total, Total, Brasov, Year 2018, Number of persons, 41161
40-44 years, Total, Total, Brasov, Year 2019, Number of persons, 42894
40-44 years, Total, Total, Brasov, Year 2020, Number of persons, 43845
40-44 years, Total, Total, Brasov, Year 2021, Number of persons, 44333
40-44 years, Total, Total, Brasov, Year 2022, Number of persons, 42558
40-44 years, Total, Total, Brasov, Year 2023, Number of persons, 41954
40-44 years, Total, Total, Brasov, Year 2024, Number of persons, 40985
40-44 years, Total, Total, Covasna, Year 2013, Number of persons, 17695
40-44 years, Total, Total, Covasna, Year 2014, Number of persons, 17050
40-44 years, Total, Total, Covasna, Year 2015, Number of persons, 16608
40-44 years, Total, Total, Covasna, Year 2016, Number of persons, 16277
40-44 years, Total, Total, Covasna, Year 2017, Number of persons, 16130
40-44 years, Total, Total, Covasna, Year 2018, Number of persons, 16251
40-44 years, Total, Total, Covasna, Year 2019, Number of persons, 16501
40-44 years, Total, Total, Covasna, Year 2020, Number of persons, 16590
40-44 years, Total, Total, Covasna, Year 2021, Number of persons, 16406
40-44 years, Total, Total, Covasna, Year 2022, Number of persons, 15835
40-44 years, Total, Total, Covasna, Year 2023, Number of persons, 15337
40-44 years, Total, Total, Covasna, Year 2024, Number of persons, 14674
40-44 years, Total, Total, Harghita, Year 2013, Number of persons, 24999
40-44 years, Total, Total, Harghita, Year 2014, Number of persons, 24310
40-44 years, Total, Total, Harghita, Year 2015, Number of persons, 24113
40-44 years, Total, Total, Harghita, Year 2016, Number of persons, 24227
40-44 years, Total, Total, Harghita, Year 2017, Number of persons, 24340
40-44 years, Total, Total, Harghita, Year 2018, Number of persons, 24605
40-44 years, Total, Total, Harghita, Year 2019, Number of persons, 24940
40-44 years, Total, Total, Harghita, Year 2020, Number of persons, 24834
40-44 years, Total, Total, Harghita, Year 2021, Number of persons, 24517
40-44 years, Total, Total, Harghita, Year 2022, Number of persons, 22899
40-44 years, Total, Total, Harghita, Year 2023, Number of persons, 22179
40-44 years, Total, Total, Harghita, Year 2024, Number of persons, 21352
40-44 years, Total, Total, Mures, Year 2013, Number of persons, 44693
40-44 years, Total, Total, Mures, Year 2014, Number of persons, 43170
40-44 years, Total, Total, Mures, Year 2015, Number of persons, 42641
40-44 years, Total, Total, Mures, Year 2016, Number of persons, 42284
40-44 years, Total, Total, Mures, Year 2017, Number of persons, 42200
40-44 years, Total, Total, Mures, Year 2018, Number of persons, 42402
40-44 years, Total, Total, Mures, Year 2019, Number of persons, 42192
40-44 years, Total, Total, Mures, Year 2020, Number of persons, 41457
40-44 years, Total, Total, Mures, Year 2021, Number of persons, 40669
40-44 years, Total, Total, Mures, Year 2022, Number of persons, 38298
40-44 years, Total, Total, Mures, Year 2023, Number of persons, 36849
40-44 years, Total, Total, Mures, Year 2024, Number of persons, 34987
40-44 years, Total, Total, Sibiu, Year 2013, Number of persons, 31532
40-44 years, Total, Total, Sibiu, Year 2014, Number of persons, 30298
40-44 years, Total, Total, Sibiu, Year 2015, Number of persons, 29994
40-44 years, Total, Total, Sibiu, Year 2016, Number of persons, 29909
40-44 years, Total, Total, Sibiu, Year 2017, Number of persons, 30168
40-44 years, Total, Total, Sibiu, Year 2018, Number of persons, 30514
40-44 years, Total, Total, Sibiu, Year 2019, Number of persons, 30975
40-44 years, Total, Total, Sibiu, Year 2020, Number of persons, 30945
40-44 years, Total, Total, Sibiu, Year 2021, Number of persons, 31246
40-44 years, Total, Total, Sibiu, Year 2022, Number of persons, 29232
40-44 years, Total, Total, Sibiu, Year 2023, Number of persons, 28990
40-44 years, Total, Total, Sibiu, Year 2024, Number of persons, 28364
40-44 years, Total, Total, Bacau, Year 2013, Number of persons, 48299
40-44 years, Total, Total, Bacau, Year 2014, Number of persons, 44822
40-44 years, Total, Total, Bacau, Year 2015, Number of persons, 43466
40-44 years, Total, Total, Bacau, Year 2016, Number of persons, 42988
40-44 years, Total, Total, Bacau, Year 2017, Number of persons, 42528
40-44 years, Total, Total, Bacau, Year 2018, Number of persons, 42822
40-44 years, Total, Total, Bacau, Year 2019, Number of persons, 42903
40-44 years, Total, Total, Bacau, Year 2020, Number of persons, 42086
40-44 years, Total, Total, Bacau, Year 2021, Number of persons, 41101
40-44 years, Total, Total, Bacau, Year 2022, Number of persons, 43583
40-44 years, Total, Total, Bacau, Year 2023, Number of persons, 41655
40-44 years, Total, Total, Bacau, Year 2024, Number of persons, 39477
40-44 years, Total, Total, Botosani, Year 2013, Number of persons, 32959
40-44 years, Total, Total, Botosani, Year 2014, Number of persons, 31784
40-44 years, Total, Total, Botosani, Year 2015, Number of persons, 30992
40-44 years, Total, Total, Botosani, Year 2016, Number of persons, 30605
40-44 years, Total, Total, Botosani, Year 2017, Number of persons, 30163
40-44 years, Total, Total, Botosani, Year 2018, Number of persons, 29924
40-44 years, Total, Total, Botosani, Year 2019, Number of persons, 29565
40-44 years, Total, Total, Botosani, Year 2020, Number of persons, 28908
40-44 years, Total, Total, Botosani, Year 2021, Number of persons, 27906
40-44 years, Total, Total, Botosani, Year 2022, Number of persons, 29402
40-44 years, Total, Total, Botosani, Year 2023, Number of persons, 28288
40-44 years, Total, Total, Botosani, Year 2024, Number of persons, 26856
40-44 years, Total, Total, Iasi, Year 2013, Number of persons, 59214
40-44 years, Total, Total, Iasi, Year 2014, Number of persons, 57610
40-44 years, Total, Total, Iasi, Year 2015, Number of persons, 57823
40-44 years, Total, Total, Iasi, Year 2016, Number of persons, 58360
40-44 years, Total, Total, Iasi, Year 2017, Number of persons, 58929
40-44 years, Total, Total, Iasi, Year 2018, Number of persons, 59501
40-44 years, Total, Total, Iasi, Year 2019, Number of persons, 60375
40-44 years, Total, Total, Iasi, Year 2020, Number of persons, 59805
40-44 years, Total, Total, Iasi, Year 2021, Number of persons, 59494
40-44 years, Total, Total, Iasi, Year 2022, Number of persons, 55247
40-44 years, Total, Total, Iasi, Year 2023, Number of persons, 53959
40-44 years, Total, Total, Iasi, Year 2024, Number of persons, 52031
40-44 years, Total, Total, Neamt, Year 2013, Number of persons, 37646
40-44 years, Total, Total, Neamt, Year 2014, Number of persons, 35204
40-44 years, Total, Total, Neamt, Year 2015, Number of persons, 33973
40-44 years, Total, Total, Neamt, Year 2016, Number of persons, 33434
40-44 years, Total, Total, Neamt, Year 2017, Number of persons, 32962
40-44 years, Total, Total, Neamt, Year 2018, Number of persons, 32762
40-44 years, Total, Total, Neamt, Year 2019, Number of persons, 32817
40-44 years, Total, Total, Neamt, Year 2020, Number of persons, 32050
40-44 years, Total, Total, Neamt, Year 2021, Number of persons, 31055
40-44 years, Total, Total, Neamt, Year 2022, Number of persons, 32242
40-44 years, Total, Total, Neamt, Year 2023, Number of persons, 30731
40-44 years, Total, Total, Neamt, Year 2024, Number of persons, 28981
40-44 years, Total, Total, Suceava, Year 2013, Number of persons, 50193
40-44 years, Total, Total, Suceava, Year 2014, Number of persons, 47561
40-44 years, Total, Total, Suceava, Year 2015, Number of persons, 46656
40-44 years, Total, Total, Suceava, Year 2016, Number of persons, 45949
40-44 years, Total, Total, Suceava, Year 2017, Number of persons, 45265
40-44 years, Total, Total, Suceava, Year 2018, Number of persons, 45126
40-44 years, Total, Total, Suceava, Year 2019, Number of persons, 45098
40-44 years, Total, Total, Suceava, Year 2020, Number of persons, 44116
40-44 years, Total, Total, Suceava, Year 2021, Number of persons, 43081
40-44 years, Total, Total, Suceava, Year 2022, Number of persons, 45532
40-44 years, Total, Total, Suceava, Year 2023, Number of persons, 43927
40-44 years, Total, Total, Suceava, Year 2024, Number of persons, 42067
40-44 years, Total, Total, Vaslui, Year 2013, Number of persons, 31898
40-44 years, Total, Total, Vaslui, Year 2014, Number of persons, 30673
40-44 years, Total, Total, Vaslui, Year 2015, Number of persons, 29936
40-44 years, Total, Total, Vaslui, Year 2016, Number of persons, 29468
40-44 years, Total, Total, Vaslui, Year 2017, Number of persons, 28773
40-44 years, Total, Total, Vaslui, Year 2018, Number of persons, 28369
40-44 years, Total, Total, Vaslui, Year 2019, Number of persons, 27928
40-44 years, Total, Total, Vaslui, Year 2020, Number of persons, 27020
40-44 years, Total, Total, Vaslui, Year 2021, Number of persons, 25844
40-44 years, Total, Total, Vaslui, Year 2022, Number of persons, 25533
40-44 years, Total, Total, Vaslui, Year 2023, Number of persons, 24420
40-44 years, Total, Total, Vaslui, Year 2024, Number of persons, 22737
40-44 years, Total, Total, Braila, Year 2013, Number of persons, 27219
40-44 years, Total, Total, Braila, Year 2014, Number of persons, 24661
40-44 years, Total, Total, Braila, Year 2015, Number of persons, 24033
40-44 years, Total, Total, Braila, Year 2016, Number of persons, 24000
40-44 years, Total, Total, Braila, Year 2017, Number of persons, 24353
40-44 years, Total, Total, Braila, Year 2018, Number of persons, 24578
40-44 years, Total, Total, Braila, Year 2019, Number of persons, 24528
40-44 years, Total, Total, Braila, Year 2020, Number of persons, 23575
40-44 years, Total, Total, Braila, Year 2021, Number of persons, 22256
40-44 years, Total, Total, Braila, Year 2022, Number of persons, 20786
40-44 years, Total, Total, Braila, Year 2023, Number of persons, 19160
40-44 years, Total, Total, Braila, Year 2024, Number of persons, 17707
40-44 years, Total, Total, Buzau, Year 2013, Number of persons, 38329
40-44 years, Total, Total, Buzau, Year 2014, Number of persons, 36000
40-44 years, Total, Total, Buzau, Year 2015, Number of persons, 34857
40-44 years, Total, Total, Buzau, Year 2016, Number of persons, 33400
40-44 years, Total, Total, Buzau, Year 2017, Number of persons, 32380
40-44 years, Total, Total, Buzau, Year 2018, Number of persons, 31637
40-44 years, Total, Total, Buzau, Year 2019, Number of persons, 31223
40-44 years, Total, Total, Buzau, Year 2020, Number of persons, 30367
40-44 years, Total, Total, Buzau, Year 2021, Number of persons, 29601
40-44 years, Total, Total, Buzau, Year 2022, Number of persons, 29032
40-44 years, Total, Total, Buzau, Year 2023, Number of persons, 27586
40-44 years, Total, Total, Buzau, Year 2024, Number of persons, 25878
40-44 years, Total, Total, Constanta, Year 2013, Number of persons, 57316
40-44 years, Total, Total, Constanta, Year 2014, Number of persons, 52828
40-44 years, Total, Total, Constanta, Year 2015, Number of persons, 52047
40-44 years, Total, Total, Constanta, Year 2016, Number of persons, 52099
40-44 years, Total, Total, Constanta, Year 2017, Number of persons, 52549
40-44 years, Total, Total, Constanta, Year 2018, Number of persons, 53999
40-44 years, Total, Total, Constanta, Year 2019, Number of persons, 55426
40-44 years, Total, Total, Constanta, Year 2020, Number of persons, 54988
40-44 years, Total, Total, Constanta, Year 2021, Number of persons, 54163
40-44 years, Total, Total, Constanta, Year 2022, Number of persons, 51292
40-44 years, Total, Total, Constanta, Year 2023, Number of persons, 49694
40-44 years, Total, Total, Constanta, Year 2024, Number of persons, 47691
40-44 years, Total, Total, Galati, Year 2013, Number of persons, 45991
40-44 years, Total, Total, Galati, Year 2014, Number of persons, 42949
40-44 years, Total, Total, Galati, Year 2015, Number of persons, 42075
40-44 years, Total, Total, Galati, Year 2016, Number of persons, 41355
40-44 years, Total, Total, Galati, Year 2017, Number of persons, 41027
40-44 years, Total, Total, Galati, Year 2018, Number of persons, 41323
40-44 years, Total, Total, Galati, Year 2019, Number of persons, 41109
40-44 years, Total, Total, Galati, Year 2020, Number of persons, 40092
40-44 years, Total, Total, Galati, Year 2021, Number of persons, 38795
40-44 years, Total, Total, Galati, Year 2022, Number of persons, 37869
40-44 years, Total, Total, Galati, Year 2023, Number of persons, 35511
40-44 years, Total, Total, Galati, Year 2024, Number of persons, 33042
40-44 years, Total, Total, Tulcea, Year 2013, Number of persons, 17756
40-44 years, Total, Total, Tulcea, Year 2014, Number of persons, 16520
40-44 years, Total, Total, Tulcea, Year 2015, Number of persons, 16014
40-44 years, Total, Total, Tulcea, Year 2016, Number of persons, 15785
40-44 years, Total, Total, Tulcea, Year 2017, Number of persons, 15603
40-44 years, Total, Total, Tulcea, Year 2018, Number of persons, 15664
40-44 years, Total, Total, Tulcea, Year 2019, Number of persons, 15617
40-44 years, Total, Total, Tulcea, Year 2020, Number of persons, 15237
40-44 years, Total, Total, Tulcea, Year 2021, Number of persons, 14787
40-44 years, Total, Total, Tulcea, Year 2022, Number of persons, 14241
40-44 years, Total, Total, Tulcea, Year 2023, Number of persons, 13502
40-44 years, Total, Total, Tulcea, Year 2024, Number of persons, 12639
40-44 years, Total, Total, Vrancea, Year 2013, Number of persons, 26891
40-44 years, Total, Total, Vrancea, Year 2014, Number of persons, 25261
40-44 years, Total, Total, Vrancea, Year 2015, Number of persons, 24425
40-44 years, Total, Total, Vrancea, Year 2016, Number of persons, 24013
40-44 years, Total, Total, Vrancea, Year 2017, Number of persons, 23612
40-44 years, Total, Total, Vrancea, Year 2018, Number of persons, 23616
40-44 years, Total, Total, Vrancea, Year 2019, Number of persons, 23303
40-44 years, Total, Total, Vrancea, Year 2020, Number of persons, 22764
40-44 years, Total, Total, Vrancea, Year 2021, Number of persons, 22079
40-44 years, Total, Total, Vrancea, Year 2022, Number of persons, 24190
40-44 years, Total, Total, Vrancea, Year 2023, Number of persons, 23093
40-44 years, Total, Total, Vrancea, Year 2024, Number of persons, 21837
40-44 years, Total, Total, Arges, Year 2013, Number of persons, 54697
40-44 years, Total, Total, Arges, Year 2014, Number of persons, 51405
40-44 years, Total, Total, Arges, Year 2015, Number of persons, 50377
40-44 years, Total, Total, Arges, Year 2016, Number of persons, 49837
40-44 years, Total, Total, Arges, Year 2017, Number of persons, 49479
40-44 years, Total, Total, Arges, Year 2018, Number of persons, 49351
40-44 years, Total, Total, Arges, Year 2019, Number of persons, 48901
40-44 years, Total, Total, Arges, Year 2020, Number of persons, 47689
40-44 years, Total, Total, Arges, Year 2021, Number of persons, 45982
40-44 years, Total, Total, Arges, Year 2022, Number of persons, 44463
40-44 years, Total, Total, Arges, Year 2023, Number of persons, 42411
40-44 years, Total, Total, Arges, Year 2024, Number of persons, 40215
40-44 years, Total, Total, Calarasi, Year 2013, Number of persons, 26233
40-44 years, Total, Total, Calarasi, Year 2014, Number of persons, 23919
40-44 years, Total, Total, Calarasi, Year 2015, Number of persons, 23099
40-44 years, Total, Total, Calarasi, Year 2016, Number of persons, 22409
40-44 years, Total, Total, Calarasi, Year 2017, Number of persons, 22031
40-44 years, Total, Total, Calarasi, Year 2018, Number of persons, 21973
40-44 years, Total, Total, Calarasi, Year 2019, Number of persons, 21981
40-44 years, Total, Total, Calarasi, Year 2020, Number of persons, 21129
40-44 years, Total, Total, Calarasi, Year 2021, Number of persons, 20300
40-44 years, Total, Total, Calarasi, Year 2022, Number of persons, 19799
40-44 years, Total, Total, Calarasi, Year 2023, Number of persons, 18625
40-44 years, Total, Total, Calarasi, Year 2024, Number of persons, 17533
40-44 years, Total, Total, Dambovita, Year 2013, Number of persons, 42619
40-44 years, Total, Total, Dambovita, Year 2014, Number of persons, 39766
40-44 years, Total, Total, Dambovita, Year 2015, Number of persons, 39225
40-44 years, Total, Total, Dambovita, Year 2016, Number of persons, 39447
40-44 years, Total, Total, Dambovita, Year 2017, Number of persons, 40088
40-44 years, Total, Total, Dambovita, Year 2018, Number of persons, 40780
40-44 years, Total, Total, Dambovita, Year 2019, Number of persons, 41332
40-44 years, Total, Total, Dambovita, Year 2020, Number of persons, 40390
40-44 years, Total, Total, Dambovita, Year 2021, Number of persons, 39241
40-44 years, Total, Total, Dambovita, Year 2022, Number of persons, 36642
40-44 years, Total, Total, Dambovita, Year 2023, Number of persons, 34934
40-44 years, Total, Total, Dambovita, Year 2024, Number of persons, 32972
40-44 years, Total, Total, Giurgiu, Year 2013, Number of persons, 22987
40-44 years, Total, Total, Giurgiu, Year 2014, Number of persons, 21223
40-44 years, Total, Total, Giurgiu, Year 2015, Number of persons, 20954
40-44 years, Total, Total, Giurgiu, Year 2016, Number of persons, 20649
40-44 years, Total, Total, Giurgiu, Year 2017, Number of persons, 20690
40-44 years, Total, Total, Giurgiu, Year 2018, Number of persons, 20796
40-44 years, Total, Total, Giurgiu, Year 2019, Number of persons, 20835
40-44 years, Total, Total, Giurgiu, Year 2020, Number of persons, 20342
40-44 years, Total, Total, Giurgiu, Year 2021, Number of persons, 19930
40-44 years, Total, Total, Giurgiu, Year 2022, Number of persons, 18846
40-44 years, Total, Total, Giurgiu, Year 2023, Number of persons, 17833
40-44 years, Total, Total, Giurgiu, Year 2024, Number of persons, 16896
40-44 years, Total, Total, Ialomita, Year 2013, Number of persons, 24236
40-44 years, Total, Total, Ialomita, Year 2014, Number of persons, 22325
40-44 years, Total, Total, Ialomita, Year 2015, Number of persons, 21434
40-44 years, Total, Total, Ialomita, Year 2016, Number of persons, 20889
40-44 years, Total, Total, Ialomita, Year 2017, Number of persons, 20340
40-44 years, Total, Total, Ialomita, Year 2018, Number of persons, 20213
40-44 years, Total, Total, Ialomita, Year 2019, Number of persons, 20244
40-44 years, Total, Total, Ialomita, Year 2020, Number of persons, 19468
40-44 years, Total, Total, Ialomita, Year 2021, Number of persons, 18671
40-44 years, Total, Total, Ialomita, Year 2022, Number of persons, 17331
40-44 years, Total, Total, Ialomita, Year 2023, Number of persons, 15986
40-44 years, Total, Total, Ialomita, Year 2024, Number of persons, 14842
40-44 years, Total, Total, Prahova, Year 2013, Number of persons, 69145
40-44 years, Total, Total, Prahova, Year 2014, Number of persons, 63506
40-44 years, Total, Total, Prahova, Year 2015, Number of persons, 61040
40-44 years, Total, Total, Prahova, Year 2016, Number of persons, 59189
40-44 years, Total, Total, Prahova, Year 2017, Number of persons, 57551
40-44 years, Total, Total, Prahova, Year 2018, Number of persons, 56874
40-44 years, Total, Total, Prahova, Year 2019, Number of persons, 56600
40-44 years, Total, Total, Prahova, Year 2020, Number of persons, 55726
40-44 years, Total, Total, Prahova, Year 2021, Number of persons, 54471
40-44 years, Total, Total, Prahova, Year 2022, Number of persons, 51950
40-44 years, Total, Total, Prahova, Year 2023, Number of persons, 49343
40-44 years, Total, Total, Prahova, Year 2024, Number of persons, 46642
40-44 years, Total, Total, Teleorman, Year 2013, Number of persons, 29382
40-44 years, Total, Total, Teleorman, Year 2014, Number of persons, 27056
40-44 years, Total, Total, Teleorman, Year 2015, Number of persons, 26527
40-44 years, Total, Total, Teleorman, Year 2016, Number of persons, 26008
40-44 years, Total, Total, Teleorman, Year 2017, Number of persons, 25651
40-44 years, Total, Total, Teleorman, Year 2018, Number of persons, 25220
40-44 years, Total, Total, Teleorman, Year 2019, Number of persons, 24679
40-44 years, Total, Total, Teleorman, Year 2020, Number of persons, 23549
40-44 years, Total, Total, Teleorman, Year 2021, Number of persons, 22381
40-44 years, Total, Total, Teleorman, Year 2022, Number of persons, 21729
40-44 years, Total, Total, Teleorman, Year 2023, Number of persons, 20166
40-44 years, Total, Total, Teleorman, Year 2024, Number of persons, 18696
40-44 years, Total, Total, Ilfov, Year 2013, Number of persons, 37066
40-44 years, Total, Total, Ilfov, Year 2014, Number of persons, 34989
40-44 years, Total, Total, Ilfov, Year 2015, Number of persons, 36119
40-44 years, Total, Total, Ilfov, Year 2016, Number of persons, 38068
40-44 years, Total, Total, Ilfov, Year 2017, Number of persons, 40923
40-44 years, Total, Total, Ilfov, Year 2018, Number of persons, 44247
40-44 years, Total, Total, Ilfov, Year 2019, Number of persons, 47840
40-44 years, Total, Total, Ilfov, Year 2020, Number of persons, 48733
40-44 years, Total, Total, Ilfov, Year 2021, Number of persons, 51246
40-44 years, Total, Total, Ilfov, Year 2022, Number of persons, 53375
40-44 years, Total, Total, Ilfov, Year 2023, Number of persons, 53901
40-44 years, Total, Total, Ilfov, Year 2024, Number of persons, 54389
40-44 years, Total, Total, Bucharest Municipality, Year 2013, Number of persons, 152409
40-44 years, Total, Total, Bucharest Municipality, Year 2014, Number of persons, 136435
40-44 years, Total, Total, Bucharest Municipality, Year 2015, Number of persons, 135022
40-44 years, Total, Total, Bucharest Municipality, Year 2016, Number of persons, 138411
40-44 years, Total, Total, Bucharest Municipality, Year 2017, Number of persons, 145250
40-44 years, Total, Total, Bucharest Municipality, Year 2018, Number of persons, 155534
40-44 years, Total, Total, Bucharest Municipality, Year 2019, Number of persons, 165037
40-44 years, Total, Total, Bucharest Municipality, Year 2020, Number of persons, 168951
40-44 years, Total, Total, Bucharest Municipality, Year 2021, Number of persons, 170788
40-44 years, Total, Total, Bucharest Municipality, Year 2022, Number of persons, 150858
40-44 years, Total, Total, Bucharest Municipality, Year 2023, Number of persons, 145680
40-44 years, Total, Total, Bucharest Municipality, Year 2024, Number of persons, 139224
40-44 years, Total, Total, Dolj, Year 2013, Number of persons, 52320
40-44 years, Total, Total, Dolj, Year 2014, Number of persons, 48684
40-44 years, Total, Total, Dolj, Year 2015, Number of persons, 48122
40-44 years, Total, Total, Dolj, Year 2016, Number of persons, 48158
40-44 years, Total, Total, Dolj, Year 2017, Number of persons, 48237
40-44 years, Total, Total, Dolj, Year 2018, Number of persons, 48877
40-44 years, Total, Total, Dolj, Year 2019, Number of persons, 49200
40-44 years, Total, Total, Dolj, Year 2020, Number of persons, 48753
40-44 years, Total, Total, Dolj, Year 2021, Number of persons, 48215
40-44 years, Total, Total, Dolj, Year 2022, Number of persons, 44634
40-44 years, Total, Total, Dolj, Year 2023, Number of persons, 43099
40-44 years, Total, Total, Dolj, Year 2024, Number of persons, 41478
40-44 years, Total, Total, Gorj, Year 2013, Number of persons, 31755
40-44 years, Total, Total, Gorj, Year 2014, Number of persons, 29443
40-44 years, Total, Total, Gorj, Year 2015, Number of persons, 28034
40-44 years, Total, Total, Gorj, Year 2016, Number of persons, 27174
40-44 years, Total, Total, Gorj, Year 2017, Number of persons, 26468
40-44 years, Total, Total, Gorj, Year 2018, Number of persons, 26233
40-44 years, Total, Total, Gorj, Year 2019, Number of persons, 26042
40-44 years, Total, Total, Gorj, Year 2020, Number of persons, 25397
40-44 years, Total, Total, Gorj, Year 2021, Number of persons, 24624
40-44 years, Total, Total, Gorj, Year 2022, Number of persons, 24136
40-44 years, Total, Total, Gorj, Year 2023, Number of persons, 23175
40-44 years, Total, Total, Gorj, Year 2024, Number of persons, 21940
40-44 years, Total, Total, Mehedinti, Year 2013, Number of persons, 22627
40-44 years, Total, Total, Mehedinti, Year 2014, Number of persons, 20987
40-44 years, Total, Total, Mehedinti, Year 2015, Number of persons, 20344
40-44 years, Total, Total, Mehedinti, Year 2016, Number of persons, 20177
40-44 years, Total, Total, Mehedinti, Year 2017, Number of persons, 19844
40-44 years, Total, Total, Mehedinti, Year 2018, Number of persons, 19785
40-44 years, Total, Total, Mehedinti, Year 2019, Number of persons, 19620
40-44 years, Total, Total, Mehedinti, Year 2020, Number of persons, 19101
40-44 years, Total, Total, Mehedinti, Year 2021, Number of persons, 18344
40-44 years, Total, Total, Mehedinti, Year 2022, Number of persons, 16937
40-44 years, Total, Total, Mehedinti, Year 2023, Number of persons, 15913
40-44 years, Total, Total, Mehedinti, Year 2024, Number of persons, 14961
40-44 years, Total, Total, Olt, Year 2013, Number of persons, 36498
40-44 years, Total, Total, Olt, Year 2014, Number of persons, 33993
40-44 years, Total, Total, Olt, Year 2015, Number of persons, 33113
40-44 years, Total, Total, Olt, Year 2016, Number of persons, 32685
40-44 years, Total, Total, Olt, Year 2017, Number of persons, 32375
40-44 years, Total, Total, Olt, Year 2018, Number of persons, 32051
40-44 years, Total, Total, Olt, Year 2019, Number of persons, 31677
40-44 years, Total, Total, Olt, Year 2020, Number of persons, 30458
40-44 years, Total, Total, Olt, Year 2021, Number of persons, 28925
40-44 years, Total, Total, Olt, Year 2022, Number of persons, 27839
40-44 years, Total, Total, Olt, Year 2023, Number of persons, 26205
40-44 years, Total, Total, Olt, Year 2024, Number of persons, 24548
40-44 years, Total, Total, Valcea, Year 2013, Number of persons, 31699
40-44 years, Total, Total, Valcea, Year 2014, Number of persons, 29588
40-44 years, Total, Total, Valcea, Year 2015, Number of persons, 28441
40-44 years, Total, Total, Valcea, Year 2016, Number of persons, 27742
40-44 years, Total, Total, Valcea, Year 2017, Number of persons, 27153
40-44 years, Total, Total, Valcea, Year 2018, Number of persons, 26865
40-44 years, Total, Total, Valcea, Year 2019, Number of persons, 26518
40-44 years, Total, Total, Valcea, Year 2020, Number of persons, 25811
40-44 years, Total, Total, Valcea, Year 2021, Number of persons, 24954
40-44 years, Total, Total, Valcea, Year 2022, Number of persons, 24542
40-44 years, Total, Total, Valcea, Year 2023, Number of persons, 23237
40-44 years, Total, Total, Valcea, Year 2024, Number of persons, 21711
40-44 years, Total, Total, Arad, Year 2013, Number of persons, 36692
40-44 years, Total, Total, Arad, Year 2014, Number of persons, 34532
40-44 years, Total, Total, Arad, Year 2015, Number of persons, 33832
40-44 years, Total, Total, Arad, Year 2016, Number of persons, 33653
40-44 years, Total, Total, Arad, Year 2017, Number of persons, 33693
40-44 years, Total, Total, Arad, Year 2018, Number of persons, 34253
40-44 years, Total, Total, Arad, Year 2019, Number of persons, 34414
40-44 years, Total, Total, Arad, Year 2020, Number of persons, 33557
40-44 years, Total, Total, Arad, Year 2021, Number of persons, 32523
40-44 years, Total, Total, Arad, Year 2022, Number of persons, 30953
40-44 years, Total, Total, Arad, Year 2023, Number of persons, 29764
40-44 years, Total, Total, Arad, Year 2024, Number of persons, 28333
40-44 years, Total, Total, Caras-Severin, Year 2013, Number of persons, 23167
40-44 years, Total, Total, Caras-Severin, Year 2014, Number of persons, 21765
40-44 years, Total, Total, Caras-Severin, Year 2015, Number of persons, 21318
40-44 years, Total, Total, Caras-Severin, Year 2016, Number of persons, 20973
40-44 years, Total, Total, Caras-Severin, Year 2017, Number of persons, 20744
40-44 years, Total, Total, Caras-Severin, Year 2018, Number of persons, 20986
40-44 years, Total, Total, Caras-Severin, Year 2019, Number of persons, 20633
40-44 years, Total, Total, Caras-Severin, Year 2020, Number of persons, 20120
40-44 years, Total, Total, Caras-Severin, Year 2021, Number of persons, 19735
40-44 years, Total, Total, Caras-Severin, Year 2022, Number of persons, 16775
40-44 years, Total, Total, Caras-Severin, Year 2023, Number of persons, 15947
40-44 years, Total, Total, Caras-Severin, Year 2024, Number of persons, 15206
40-44 years, Total, Total, Hunedoara, Year 2013, Number of persons, 38966
40-44 years, Total, Total, Hunedoara, Year 2014, Number of persons, 35822
40-44 years, Total, Total, Hunedoara, Year 2015, Number of persons, 34219
40-44 years, Total, Total, Hunedoara, Year 2016, Number of persons, 32551
40-44 years, Total, Total, Hunedoara, Year 2017, Number of persons, 31244
40-44 years, Total, Total, Hunedoara, Year 2018, Number of persons, 30350
40-44 years, Total, Total, Hunedoara, Year 2019, Number of persons, 29652
40-44 years, Total, Total, Hunedoara, Year 2020, Number of persons, 28502
40-44 years, Total, Total, Hunedoara, Year 2021, Number of persons, 27449
40-44 years, Total, Total, Hunedoara, Year 2022, Number of persons, 24799
40-44 years, Total, Total, Hunedoara, Year 2023, Number of persons, 23418
40-44 years, Total, Total, Hunedoara, Year 2024, Number of persons, 22076
40-44 years, Total, Total, Timis, Year 2013, Number of persons, 55871
40-44 years, Total, Total, Timis, Year 2014, Number of persons, 52922
40-44 years, Total, Total, Timis, Year 2015, Number of persons, 52061
40-44 years, Total, Total, Timis, Year 2016, Number of persons, 51992
40-44 years, Total, Total, Timis, Year 2017, Number of persons, 52526
40-44 years, Total, Total, Timis, Year 2018, Number of persons, 54478
40-44 years, Total, Total, Timis, Year 2019, Number of persons, 55984
40-44 years, Total, Total, Timis, Year 2020, Number of persons, 56461
40-44 years, Total, Total, Timis, Year 2021, Number of persons, 57181
40-44 years, Total, Total, Timis, Year 2022, Number of persons, 51210
40-44 years, Total, Total, Timis, Year 2023, Number of persons, 50712
40-44 years, Total, Total, Timis, Year 2024, Number of persons, 49723
45-49 years, Total, Total, Bihor, Year 2013, Number of persons, 34684
45-49 years, Total, Total, Bihor, Year 2014, Number of persons, 38944
45-49 years, Total, Total, Bihor, Year 2015, Number of persons, 42124
45-49 years, Total, Total, Bihor, Year 2016, Number of persons, 44767
45-49 years, Total, Total, Bihor, Year 2017, Number of persons, 47251
45-49 years, Total, Total, Bihor, Year 2018, Number of persons, 45945
45-49 years, Total, Total, Bihor, Year 2019, Number of persons, 43860
45-49 years, Total, Total, Bihor, Year 2020, Number of persons, 43798
45-49 years, Total, Total, Bihor, Year 2021, Number of persons, 43658
45-49 years, Total, Total, Bihor, Year 2022, Number of persons, 43122
45-49 years, Total, Total, Bihor, Year 2023, Number of persons, 43534
45-49 years, Total, Total, Bihor, Year 2024, Number of persons, 44256
45-49 years, Total, Total, Bistrita-Nasaud, Year 2013, Number of persons, 18607
45-49 years, Total, Total, Bistrita-Nasaud, Year 2014, Number of persons, 19697
45-49 years, Total, Total, Bistrita-Nasaud, Year 2015, Number of persons, 20644
45-49 years, Total, Total, Bistrita-Nasaud, Year 2016, Number of persons, 21624
45-49 years, Total, Total, Bistrita-Nasaud, Year 2017, Number of persons, 22164
45-49 years, Total, Total, Bistrita-Nasaud, Year 2018, Number of persons, 21542
45-49 years, Total, Total, Bistrita-Nasaud, Year 2019, Number of persons, 20961
45-49 years, Total, Total, Bistrita-Nasaud, Year 2020, Number of persons, 20777
45-49 years, Total, Total, Bistrita-Nasaud, Year 2021, Number of persons, 20466
45-49 years, Total, Total, Bistrita-Nasaud, Year 2022, Number of persons, 22292
45-49 years, Total, Total, Bistrita-Nasaud, Year 2023, Number of persons, 22551
45-49 years, Total, Total, Bistrita-Nasaud, Year 2024, Number of persons, 22723
45-49 years, Total, Total, Cluj, Year 2013, Number of persons, 41281
45-49 years, Total, Total, Cluj, Year 2014, Number of persons, 45294
45-49 years, Total, Total, Cluj, Year 2015, Number of persons, 48789
45-49 years, Total, Total, Cluj, Year 2016, Number of persons, 51883
45-49 years, Total, Total, Cluj, Year 2017, Number of persons, 53965
45-49 years, Total, Total, Cluj, Year 2018, Number of persons, 51902
45-49 years, Total, Total, Cluj, Year 2019, Number of persons, 49872
45-49 years, Total, Total, Cluj, Year 2020, Number of persons, 49665
45-49 years, Total, Total, Cluj, Year 2021, Number of persons, 49846
45-49 years, Total, Total, Cluj, Year 2022, Number of persons, 49372
45-49 years, Total, Total, Cluj, Year 2023, Number of persons, 50808
45-49 years, Total, Total, Cluj, Year 2024, Number of persons, 52143
45-49 years, Total, Total, Maramures, Year 2013, Number of persons, 31300
45-49 years, Total, Total, Maramures, Year 2014, Number of persons, 33572
45-49 years, Total, Total, Maramures, Year 2015, Number of persons, 35020
45-49 years, Total, Total, Maramures, Year 2016, Number of persons, 36519
45-49 years, Total, Total, Maramures, Year 2017, Number of persons, 37653
45-49 years, Total, Total, Maramures, Year 2018, Number of persons, 36541
45-49 years, Total, Total, Maramures, Year 2019, Number of persons, 35277
45-49 years, Total, Total, Maramures, Year 2020, Number of persons, 35235
45-49 years, Total, Total, Maramures, Year 2021, Number of persons, 35230
45-49 years, Total, Total, Maramures, Year 2022, Number of persons, 35155
45-49 years, Total, Total, Maramures, Year 2023, Number of persons, 35766
45-49 years, Total, Total, Maramures, Year 2024, Number of persons, 36003
45-49 years, Total, Total, Satu Mare, Year 2013, Number of persons, 22213
45-49 years, Total, Total, Satu Mare, Year 2014, Number of persons, 23936
45-49 years, Total, Total, Satu Mare, Year 2015, Number of persons, 25373
45-49 years, Total, Total, Satu Mare, Year 2016, Number of persons, 26869
45-49 years, Total, Total, Satu Mare, Year 2017, Number of persons, 28047
45-49 years, Total, Total, Satu Mare, Year 2018, Number of persons, 27581
45-49 years, Total, Total, Satu Mare, Year 2019, Number of persons, 26879
45-49 years, Total, Total, Satu Mare, Year 2020, Number of persons, 26692
45-49 years, Total, Total, Satu Mare, Year 2021, Number of persons, 26730
45-49 years, Total, Total, Satu Mare, Year 2022, Number of persons, 26830
45-49 years, Total, Total, Satu Mare, Year 2023, Number of persons, 27210
45-49 years, Total, Total, Satu Mare, Year 2024, Number of persons, 27394
45-49 years, Total, Total, Salaj, Year 2013, Number of persons, 14448
45-49 years, Total, Total, Salaj, Year 2014, Number of persons, 15652
45-49 years, Total, Total, Salaj, Year 2015, Number of persons, 16552
45-49 years, Total, Total, Salaj, Year 2016, Number of persons, 17416
45-49 years, Total, Total, Salaj, Year 2017, Number of persons, 18080
45-49 years, Total, Total, Salaj, Year 2018, Number of persons, 17645
45-49 years, Total, Total, Salaj, Year 2019, Number of persons, 16852
45-49 years, Total, Total, Salaj, Year 2020, Number of persons, 16609
45-49 years, Total, Total, Salaj, Year 2021, Number of persons, 16166
45-49 years, Total, Total, Salaj, Year 2022, Number of persons, 16201
45-49 years, Total, Total, Salaj, Year 2023, Number of persons, 16040
45-49 years, Total, Total, Salaj, Year 2024, Number of persons, 15867
45-49 years, Total, Total, Alba, Year 2013, Number of persons, 22281
45-49 years, Total, Total, Alba, Year 2014, Number of persons, 24011
45-49 years, Total, Total, Alba, Year 2015, Number of persons, 25380
45-49 years, Total, Total, Alba, Year 2016, Number of persons, 26799
45-49 years, Total, Total, Alba, Year 2017, Number of persons, 27877
45-49 years, Total, Total, Alba, Year 2018, Number of persons, 26960
45-49 years, Total, Total, Alba, Year 2019, Number of persons, 25689
45-49 years, Total, Total, Alba, Year 2020, Number of persons, 25557
45-49 years, Total, Total, Alba, Year 2021, Number of persons, 25255
45-49 years, Total, Total, Alba, Year 2022, Number of persons, 25582
45-49 years, Total, Total, Alba, Year 2023, Number of persons, 25456
45-49 years, Total, Total, Alba, Year 2024, Number of persons, 25594
45-49 years, Total, Total, Brasov, Year 2013, Number of persons, 33130
45-49 years, Total, Total, Brasov, Year 2014, Number of persons, 36698
45-49 years, Total, Total, Brasov, Year 2015, Number of persons, 39488
45-49 years, Total, Total, Brasov, Year 2016, Number of persons, 41871
45-49 years, Total, Total, Brasov, Year 2017, Number of persons, 43692
45-49 years, Total, Total, Brasov, Year 2018, Number of persons, 40822
45-49 years, Total, Total, Brasov, Year 2019, Number of persons, 38197
45-49 years, Total, Total, Brasov, Year 2020, Number of persons, 37667
45-49 years, Total, Total, Brasov, Year 2021, Number of persons, 38100
45-49 years, Total, Total, Brasov, Year 2022, Number of persons, 37819
45-49 years, Total, Total, Brasov, Year 2023, Number of persons, 39431
45-49 years, Total, Total, Brasov, Year 2024, Number of persons, 41296
45-49 years, Total, Total, Covasna, Year 2013, Number of persons, 12125
45-49 years, Total, Total, Covasna, Year 2014, Number of persons, 13582
45-49 years, Total, Total, Covasna, Year 2015, Number of persons, 15152
45-49 years, Total, Total, Covasna, Year 2016, Number of persons, 16603
45-49 years, Total, Total, Covasna, Year 2017, Number of persons, 17623
45-49 years, Total, Total, Covasna, Year 2018, Number of persons, 17087
45-49 years, Total, Total, Covasna, Year 2019, Number of persons, 16482
45-49 years, Total, Total, Covasna, Year 2020, Number of persons, 16090
45-49 years, Total, Total, Covasna, Year 2021, Number of persons, 15773
45-49 years, Total, Total, Covasna, Year 2022, Number of persons, 15454
45-49 years, Total, Total, Covasna, Year 2023, Number of persons, 15644
45-49 years, Total, Total, Covasna, Year 2024, Number of persons, 15907
45-49 years, Total, Total, Harghita, Year 2013, Number of persons, 18709
45-49 years, Total, Total, Harghita, Year 2014, Number of persons, 20561
45-49 years, Total, Total, Harghita, Year 2015, Number of persons, 22276
45-49 years, Total, Total, Harghita, Year 2016, Number of persons, 23662
45-49 years, Total, Total, Harghita, Year 2017, Number of persons, 24846
45-49 years, Total, Total, Harghita, Year 2018, Number of persons, 24271
45-49 years, Total, Total, Harghita, Year 2019, Number of persons, 23466
45-49 years, Total, Total, Harghita, Year 2020, Number of persons, 23375
45-49 years, Total, Total, Harghita, Year 2021, Number of persons, 23545
45-49 years, Total, Total, Harghita, Year 2022, Number of persons, 22664
45-49 years, Total, Total, Harghita, Year 2023, Number of persons, 22968
45-49 years, Total, Total, Harghita, Year 2024, Number of persons, 23327
45-49 years, Total, Total, Mures, Year 2013, Number of persons, 33197
45-49 years, Total, Total, Mures, Year 2014, Number of persons, 37198
45-49 years, Total, Total, Mures, Year 2015, Number of persons, 40404
45-49 years, Total, Total, Mures, Year 2016, Number of persons, 43168
45-49 years, Total, Total, Mures, Year 2017, Number of persons, 45021
45-49 years, Total, Total, Mures, Year 2018, Number of persons, 43573
45-49 years, Total, Total, Mures, Year 2019, Number of persons, 41903
45-49 years, Total, Total, Mures, Year 2020, Number of persons, 41631
45-49 years, Total, Total, Mures, Year 2021, Number of persons, 41230
45-49 years, Total, Total, Mures, Year 2022, Number of persons, 40549
45-49 years, Total, Total, Mures, Year 2023, Number of persons, 40787
45-49 years, Total, Total, Mures, Year 2024, Number of persons, 40714
45-49 years, Total, Total, Sibiu, Year 2013, Number of persons, 24222
45-49 years, Total, Total, Sibiu, Year 2014, Number of persons, 26533
45-49 years, Total, Total, Sibiu, Year 2015, Number of persons, 28627
45-49 years, Total, Total, Sibiu, Year 2016, Number of persons, 30437
45-49 years, Total, Total, Sibiu, Year 2017, Number of persons, 31951
45-49 years, Total, Total, Sibiu, Year 2018, Number of persons, 30937
45-49 years, Total, Total, Sibiu, Year 2019, Number of persons, 29659
45-49 years, Total, Total, Sibiu, Year 2020, Number of persons, 29530
45-49 years, Total, Total, Sibiu, Year 2021, Number of persons, 29491
45-49 years, Total, Total, Sibiu, Year 2022, Number of persons, 28374
45-49 years, Total, Total, Sibiu, Year 2023, Number of persons, 28719
45-49 years, Total, Total, Sibiu, Year 2024, Number of persons, 29205
45-49 years, Total, Total, Bacau, Year 2013, Number of persons, 37653
45-49 years, Total, Total, Bacau, Year 2014, Number of persons, 42201
45-49 years, Total, Total, Bacau, Year 2015, Number of persons, 45607
45-49 years, Total, Total, Bacau, Year 2016, Number of persons, 48018
45-49 years, Total, Total, Bacau, Year 2017, Number of persons, 50112
45-49 years, Total, Total, Bacau, Year 2018, Number of persons, 46634
45-49 years, Total, Total, Bacau, Year 2019, Number of persons, 43032
45-49 years, Total, Total, Bacau, Year 2020, Number of persons, 41693
45-49 years, Total, Total, Bacau, Year 2021, Number of persons, 41351
45-49 years, Total, Total, Bacau, Year 2022, Number of persons, 44375
45-49 years, Total, Total, Bacau, Year 2023, Number of persons, 44647
45-49 years, Total, Total, Bacau, Year 2024, Number of persons, 45159
45-49 years, Total, Total, Botosani, Year 2013, Number of persons, 22902
45-49 years, Total, Total, Botosani, Year 2014, Number of persons, 25728
45-49 years, Total, Total, Botosani, Year 2015, Number of persons, 28377
45-49 years, Total, Total, Botosani, Year 2016, Number of persons, 30721
45-49 years, Total, Total, Botosani, Year 2017, Number of persons, 32799
45-49 years, Total, Total, Botosani, Year 2018, Number of persons, 31898
45-49 years, Total, Total, Botosani, Year 2019, Number of persons, 30586
45-49 years, Total, Total, Botosani, Year 2020, Number of persons, 29917
45-49 years, Total, Total, Botosani, Year 2021, Number of persons, 29542
45-49 years, Total, Total, Botosani, Year 2022, Number of persons, 31159
45-49 years, Total, Total, Botosani, Year 2023, Number of persons, 31073
45-49 years, Total, Total, Botosani, Year 2024, Number of persons, 31142
45-49 years, Total, Total, Iasi, Year 2013, Number of persons, 41424
45-49 years, Total, Total, Iasi, Year 2014, Number of persons, 47915
45-49 years, Total, Total, Iasi, Year 2015, Number of persons, 53026
45-49 years, Total, Total, Iasi, Year 2016, Number of persons, 57145
45-49 years, Total, Total, Iasi, Year 2017, Number of persons, 60714
45-49 years, Total, Total, Iasi, Year 2018, Number of persons, 58747
45-49 years, Total, Total, Iasi, Year 2019, Number of persons, 56644
45-49 years, Total, Total, Iasi, Year 2020, Number of persons, 56530
45-49 years, Total, Total, Iasi, Year 2021, Number of persons, 56963
45-49 years, Total, Total, Iasi, Year 2022, Number of persons, 54530
45-49 years, Total, Total, Iasi, Year 2023, Number of persons, 55147
45-49 years, Total, Total, Iasi, Year 2024, Number of persons, 56079
45-49 years, Total, Total, Neamt, Year 2013, Number of persons, 27933
45-49 years, Total, Total, Neamt, Year 2014, Number of persons, 31586
45-49 years, Total, Total, Neamt, Year 2015, Number of persons, 34453
45-49 years, Total, Total, Neamt, Year 2016, Number of persons, 36816
45-49 years, Total, Total, Neamt, Year 2017, Number of persons, 38593
45-49 years, Total, Total, Neamt, Year 2018, Number of persons, 36439
45-49 years, Total, Total, Neamt, Year 2019, Number of persons, 33982
45-49 years, Total, Total, Neamt, Year 2020, Number of persons, 32814
45-49 years, Total, Total, Neamt, Year 2021, Number of persons, 32190
45-49 years, Total, Total, Neamt, Year 2022, Number of persons, 34055
45-49 years, Total, Total, Neamt, Year 2023, Number of persons, 34033
45-49 years, Total, Total, Neamt, Year 2024, Number of persons, 34366
45-49 years, Total, Total, Suceava, Year 2013, Number of persons, 38104
45-49 years, Total, Total, Suceava, Year 2014, Number of persons, 42934
45-49 years, Total, Total, Suceava, Year 2015, Number of persons, 46179
45-49 years, Total, Total, Suceava, Year 2016, Number of persons, 49050
45-49 years, Total, Total, Suceava, Year 2017, Number of persons, 51331
45-49 years, Total, Total, Suceava, Year 2018, Number of persons, 49058
45-49 years, Total, Total, Suceava, Year 2019, Number of persons, 46273
45-49 years, Total, Total, Suceava, Year 2020, Number of persons, 45441
45-49 years, Total, Total, Suceava, Year 2021, Number of persons, 44645
45-49 years, Total, Total, Suceava, Year 2022, Number of persons, 46449
45-49 years, Total, Total, Suceava, Year 2023, Number of persons, 46482
45-49 years, Total, Total, Suceava, Year 2024, Number of persons, 47128
45-49 years, Total, Total, Vaslui, Year 2013, Number of persons, 22418
45-49 years, Total, Total, Vaslui, Year 2014, Number of persons, 25485
45-49 years, Total, Total, Vaslui, Year 2015, Number of persons, 28332
45-49 years, Total, Total, Vaslui, Year 2016, Number of persons, 30755
45-49 years, Total, Total, Vaslui, Year 2017, Number of persons, 32672
45-49 years, Total, Total, Vaslui, Year 2018, Number of persons, 31275
45-49 years, Total, Total, Vaslui, Year 2019, Number of persons, 29651
45-49 years, Total, Total, Vaslui, Year 2020, Number of persons, 28787
45-49 years, Total, Total, Vaslui, Year 2021, Number of persons, 28273
45-49 years, Total, Total, Vaslui, Year 2022, Number of persons, 28418
45-49 years, Total, Total, Vaslui, Year 2023, Number of persons, 28013
45-49 years, Total, Total, Vaslui, Year 2024, Number of persons, 27770
45-49 years, Total, Total, Braila, Year 2013, Number of persons, 19147
45-49 years, Total, Total, Braila, Year 2014, Number of persons, 22632
45-49 years, Total, Total, Braila, Year 2015, Number of persons, 25001
45-49 years, Total, Total, Braila, Year 2016, Number of persons, 27057
45-49 years, Total, Total, Braila, Year 2017, Number of persons, 28553
45-49 years, Total, Total, Braila, Year 2018, Number of persons, 26127
45-49 years, Total, Total, Braila, Year 2019, Number of persons, 23540
45-49 years, Total, Total, Braila, Year 2020, Number of persons, 23002
45-49 years, Total, Total, Braila, Year 2021, Number of persons, 22962
45-49 years, Total, Total, Braila, Year 2022, Number of persons, 23232
45-49 years, Total, Total, Braila, Year 2023, Number of persons, 23493
45-49 years, Total, Total, Braila, Year 2024, Number of persons, 23625
45-49 years, Total, Total, Buzau, Year 2013, Number of persons, 26149
45-49 years, Total, Total, Buzau, Year 2014, Number of persons, 30172
45-49 years, Total, Total, Buzau, Year 2015, Number of persons, 33539
45-49 years, Total, Total, Buzau, Year 2016, Number of persons, 36978
45-49 years, Total, Total, Buzau, Year 2017, Number of persons, 39454
45-49 years, Total, Total, Buzau, Year 2018, Number of persons, 37309
45-49 years, Total, Total, Buzau, Year 2019, Number of persons, 34867
45-49 years, Total, Total, Buzau, Year 2020, Number of persons, 33829
45-49 years, Total, Total, Buzau, Year 2021, Number of persons, 32334
45-49 years, Total, Total, Buzau, Year 2022, Number of persons, 31320
45-49 years, Total, Total, Buzau, Year 2023, Number of persons, 30667
45-49 years, Total, Total, Buzau, Year 2024, Number of persons, 30626
45-49 years, Total, Total, Constanta, Year 2013, Number of persons, 42668
45-49 years, Total, Total, Constanta, Year 2014, Number of persons, 48653
45-49 years, Total, Total, Constanta, Year 2015, Number of persons, 53230
45-49 years, Total, Total, Constanta, Year 2016, Number of persons, 57315
45-49 years, Total, Total, Constanta, Year 2017, Number of persons, 60632
45-49 years, Total, Total, Constanta, Year 2018, Number of persons, 55740
45-49 years, Total, Total, Constanta, Year 2019, Number of persons, 51266
45-49 years, Total, Total, Constanta, Year 2020, Number of persons, 50747
45-49 years, Total, Total, Constanta, Year 2021, Number of persons, 50803
45-49 years, Total, Total, Constanta, Year 2022, Number of persons, 49575
45-49 years, Total, Total, Constanta, Year 2023, Number of persons, 50787
45-49 years, Total, Total, Constanta, Year 2024, Number of persons, 52608
45-49 years, Total, Total, Galati, Year 2013, Number of persons, 32692
45-49 years, Total, Total, Galati, Year 2014, Number of persons, 37920
45-49 years, Total, Total, Galati, Year 2015, Number of persons, 41678
45-49 years, Total, Total, Galati, Year 2016, Number of persons, 45157
45-49 years, Total, Total, Galati, Year 2017, Number of persons, 47894
45-49 years, Total, Total, Galati, Year 2018, Number of persons, 44410
45-49 years, Total, Total, Galati, Year 2019, Number of persons, 41289
45-49 years, Total, Total, Galati, Year 2020, Number of persons, 40466
45-49 years, Total, Total, Galati, Year 2021, Number of persons, 39702
45-49 years, Total, Total, Galati, Year 2022, Number of persons, 39774
45-49 years, Total, Total, Galati, Year 2023, Number of persons, 40243
45-49 years, Total, Total, Galati, Year 2024, Number of persons, 40629
45-49 years, Total, Total, Tulcea, Year 2013, Number of persons, 13336
45-49 years, Total, Total, Tulcea, Year 2014, Number of persons, 14854
45-49 years, Total, Total, Tulcea, Year 2015, Number of persons, 16065
45-49 years, Total, Total, Tulcea, Year 2016, Number of persons, 17180
45-49 years, Total, Total, Tulcea, Year 2017, Number of persons, 18086
45-49 years, Total, Total, Tulcea, Year 2018, Number of persons, 17102
45-49 years, Total, Total, Tulcea, Year 2019, Number of persons, 15852
45-49 years, Total, Total, Tulcea, Year 2020, Number of persons, 15447
45-49 years, Total, Total, Tulcea, Year 2021, Number of persons, 15243
45-49 years, Total, Total, Tulcea, Year 2022, Number of persons, 15381
45-49 years, Total, Total, Tulcea, Year 2023, Number of persons, 15286
45-49 years, Total, Total, Tulcea, Year 2024, Number of persons, 15443
45-49 years, Total, Total, Vrancea, Year 2013, Number of persons, 20156
45-49 years, Total, Total, Vrancea, Year 2014, Number of persons, 22816
45-49 years, Total, Total, Vrancea, Year 2015, Number of persons, 24932
45-49 years, Total, Total, Vrancea, Year 2016, Number of persons, 26521
45-49 years, Total, Total, Vrancea, Year 2017, Number of persons, 27863
45-49 years, Total, Total, Vrancea, Year 2018, Number of persons, 26118
45-49 years, Total, Total, Vrancea, Year 2019, Number of persons, 24324
45-49 years, Total, Total, Vrancea, Year 2020, Number of persons, 23550
45-49 years, Total, Total, Vrancea, Year 2021, Number of persons, 23101
45-49 years, Total, Total, Vrancea, Year 2022, Number of persons, 25432
45-49 years, Total, Total, Vrancea, Year 2023, Number of persons, 25574
45-49 years, Total, Total, Vrancea, Year 2024, Number of persons, 25713
45-49 years, Total, Total, Arges, Year 2013, Number of persons, 40498
45-49 years, Total, Total, Arges, Year 2014, Number of persons, 46401
45-49 years, Total, Total, Arges, Year 2015, Number of persons, 50659
45-49 years, Total, Total, Arges, Year 2016, Number of persons, 54144
45-49 years, Total, Total, Arges, Year 2017, Number of persons, 57190
45-49 years, Total, Total, Arges, Year 2018, Number of persons, 53227
45-49 years, Total, Total, Arges, Year 2019, Number of persons, 49842
45-49 years, Total, Total, Arges, Year 2020, Number of persons, 48999
45-49 years, Total, Total, Arges, Year 2021, Number of persons, 48286
45-49 years, Total, Total, Arges, Year 2022, Number of persons, 48334
45-49 years, Total, Total, Arges, Year 2023, Number of persons, 48253
45-49 years, Total, Total, Arges, Year 2024, Number of persons, 48285
45-49 years, Total, Total, Calarasi, Year 2013, Number of persons, 18091
45-49 years, Total, Total, Calarasi, Year 2014, Number of persons, 21336
45-49 years, Total, Total, Calarasi, Year 2015, Number of persons, 23655
45-49 years, Total, Total, Calarasi, Year 2016, Number of persons, 26034
45-49 years, Total, Total, Calarasi, Year 2017, Number of persons, 27795
45-49 years, Total, Total, Calarasi, Year 2018, Number of persons, 25515
45-49 years, Total, Total, Calarasi, Year 2019, Number of persons, 23162
45-49 years, Total, Total, Calarasi, Year 2020, Number of persons, 22279
45-49 years, Total, Total, Calarasi, Year 2021, Number of persons, 21700
45-49 years, Total, Total, Calarasi, Year 2022, Number of persons, 21669
45-49 years, Total, Total, Calarasi, Year 2023, Number of persons, 21691
45-49 years, Total, Total, Calarasi, Year 2024, Number of persons, 21929
45-49 years, Total, Total, Dambovita, Year 2013, Number of persons, 33074
45-49 years, Total, Total, Dambovita, Year 2014, Number of persons, 37692
45-49 years, Total, Total, Dambovita, Year 2015, Number of persons, 40873
45-49 years, Total, Total, Dambovita, Year 2016, Number of persons, 43428
45-49 years, Total, Total, Dambovita, Year 2017, Number of persons, 45561
45-49 years, Total, Total, Dambovita, Year 2018, Number of persons, 41589
45-49 years, Total, Total, Dambovita, Year 2019, Number of persons, 38595
45-49 years, Total, Total, Dambovita, Year 2020, Number of persons, 38208
45-49 years, Total, Total, Dambovita, Year 2021, Number of persons, 38533
45-49 years, Total, Total, Dambovita, Year 2022, Number of persons, 38269
45-49 years, Total, Total, Dambovita, Year 2023, Number of persons, 38975
45-49 years, Total, Total, Dambovita, Year 2024, Number of persons, 39772
45-49 years, Total, Total, Giurgiu, Year 2013, Number of persons, 17742
45-49 years, Total, Total, Giurgiu, Year 2014, Number of persons, 20302
45-49 years, Total, Total, Giurgiu, Year 2015, Number of persons, 22024
45-49 years, Total, Total, Giurgiu, Year 2016, Number of persons, 23566
45-49 years, Total, Total, Giurgiu, Year 2017, Number of persons, 24816
45-49 years, Total, Total, Giurgiu, Year 2018, Number of persons, 22400
45-49 years, Total, Total, Giurgiu, Year 2019, Number of persons, 20818
45-49 years, Total, Total, Giurgiu, Year 2020, Number of persons, 20579
45-49 years, Total, Total, Giurgiu, Year 2021, Number of persons, 20370
45-49 years, Total, Total, Giurgiu, Year 2022, Number of persons, 20138
45-49 years, Total, Total, Giurgiu, Year 2023, Number of persons, 20302
45-49 years, Total, Total, Giurgiu, Year 2024, Number of persons, 20545
45-49 years, Total, Total, Ialomita, Year 2013, Number of persons, 16411
45-49 years, Total, Total, Ialomita, Year 2014, Number of persons, 19212
45-49 years, Total, Total, Ialomita, Year 2015, Number of persons, 21493
45-49 years, Total, Total, Ialomita, Year 2016, Number of persons, 23359
45-49 years, Total, Total, Ialomita, Year 2017, Number of persons, 25141
45-49 years, Total, Total, Ialomita, Year 2018, Number of persons, 23537
45-49 years, Total, Total, Ialomita, Year 2019, Number of persons, 21642
45-49 years, Total, Total, Ialomita, Year 2020, Number of persons, 20836
45-49 years, Total, Total, Ialomita, Year 2021, Number of persons, 20264
45-49 years, Total, Total, Ialomita, Year 2022, Number of persons, 19629
45-49 years, Total, Total, Ialomita, Year 2023, Number of persons, 19539
45-49 years, Total, Total, Ialomita, Year 2024, Number of persons, 19610
45-49 years, Total, Total, Prahova, Year 2013, Number of persons, 49485
45-49 years, Total, Total, Prahova, Year 2014, Number of persons, 58079
45-49 years, Total, Total, Prahova, Year 2015, Number of persons, 64058
45-49 years, Total, Total, Prahova, Year 2016, Number of persons, 69143
45-49 years, Total, Total, Prahova, Year 2017, Number of persons, 73787
45-49 years, Total, Total, Prahova, Year 2018, Number of persons, 67397
45-49 years, Total, Total, Prahova, Year 2019, Number of persons, 61610
45-49 years, Total, Total, Prahova, Year 2020, Number of persons, 59354
45-49 years, Total, Total, Prahova, Year 2021, Number of persons, 57535
45-49 years, Total, Total, Prahova, Year 2022, Number of persons, 55514
45-49 years, Total, Total, Prahova, Year 2023, Number of persons, 55052
45-49 years, Total, Total, Prahova, Year 2024, Number of persons, 55112
45-49 years, Total, Total, Teleorman, Year 2013, Number of persons, 22800
45-49 years, Total, Total, Teleorman, Year 2014, Number of persons, 26082
45-49 years, Total, Total, Teleorman, Year 2015, Number of persons, 28044
45-49 years, Total, Total, Teleorman, Year 2016, Number of persons, 29675
45-49 years, Total, Total, Teleorman, Year 2017, Number of persons, 30894
45-49 years, Total, Total, Teleorman, Year 2018, Number of persons, 28442
45-49 years, Total, Total, Teleorman, Year 2019, Number of persons, 25979
45-49 years, Total, Total, Teleorman, Year 2020, Number of persons, 25471
45-49 years, Total, Total, Teleorman, Year 2021, Number of persons, 24966
45-49 years, Total, Total, Teleorman, Year 2022, Number of persons, 25211
45-49 years, Total, Total, Teleorman, Year 2023, Number of persons, 25035
45-49 years, Total, Total, Teleorman, Year 2024, Number of persons, 24833
45-49 years, Total, Total, Ilfov, Year 2013, Number of persons, 24734
45-49 years, Total, Total, Ilfov, Year 2014, Number of persons, 30544
45-49 years, Total, Total, Ilfov, Year 2015, Number of persons, 34999
45-49 years, Total, Total, Ilfov, Year 2016, Number of persons, 38993
45-49 years, Total, Total, Ilfov, Year 2017, Number of persons, 42906
45-49 years, Total, Total, Ilfov, Year 2018, Number of persons, 40931
45-49 years, Total, Total, Ilfov, Year 2019, Number of persons, 38549
45-49 years, Total, Total, Ilfov, Year 2020, Number of persons, 39215
45-49 years, Total, Total, Ilfov, Year 2021, Number of persons, 41784
45-49 years, Total, Total, Ilfov, Year 2022, Number of persons, 44700
45-49 years, Total, Total, Ilfov, Year 2023, Number of persons, 49117
45-49 years, Total, Total, Ilfov, Year 2024, Number of persons, 53823
45-49 years, Total, Total, Bucharest Municipality, Year 2013, Number of persons, 115642
45-49 years, Total, Total, Bucharest Municipality, Year 2014, Number of persons, 134195
45-49 years, Total, Total, Bucharest Municipality, Year 2015, Number of persons, 145860
45-49 years, Total, Total, Bucharest Municipality, Year 2016, Number of persons, 154647
45-49 years, Total, Total, Bucharest Municipality, Year 2017, Number of persons, 160234
45-49 years, Total, Total, Bucharest Municipality, Year 2018, Number of persons, 141771
45-49 years, Total, Total, Bucharest Municipality, Year 2019, Number of persons, 126903
45-49 years, Total, Total, Bucharest Municipality, Year 2020, Number of persons, 127734
45-49 years, Total, Total, Bucharest Municipality, Year 2021, Number of persons, 130416
45-49 years, Total, Total, Bucharest Municipality, Year 2022, Number of persons, 128363
45-49 years, Total, Total, Bucharest Municipality, Year 2023, Number of persons, 135879
45-49 years, Total, Total, Bucharest Municipality, Year 2024, Number of persons, 143106
45-49 years, Total, Total, Dolj, Year 2013, Number of persons, 40881
45-49 years, Total, Total, Dolj, Year 2014, Number of persons, 46459
45-49 years, Total, Total, Dolj, Year 2015, Number of persons, 49969
45-49 years, Total, Total, Dolj, Year 2016, Number of persons, 52776
45-49 years, Total, Total, Dolj, Year 2017, Number of persons, 54980
45-49 years, Total, Total, Dolj, Year 2018, Number of persons, 50909
45-49 years, Total, Total, Dolj, Year 2019, Number of persons, 47213
45-49 years, Total, Total, Dolj, Year 2020, Number of persons, 46801
45-49 years, Total, Total, Dolj, Year 2021, Number of persons, 46892
45-49 years, Total, Total, Dolj, Year 2022, Number of persons, 45578
45-49 years, Total, Total, Dolj, Year 2023, Number of persons, 46203
45-49 years, Total, Total, Dolj, Year 2024, Number of persons, 46605
45-49 years, Total, Total, Gorj, Year 2013, Number of persons, 23560
45-49 years, Total, Total, Gorj, Year 2014, Number of persons, 27122
45-49 years, Total, Total, Gorj, Year 2015, Number of persons, 29681
45-49 years, Total, Total, Gorj, Year 2016, Number of persons, 31662
45-49 years, Total, Total, Gorj, Year 2017, Number of persons, 33398
45-49 years, Total, Total, Gorj, Year 2018, Number of persons, 30881
45-49 years, Total, Total, Gorj, Year 2019, Number of persons, 28547
45-49 years, Total, Total, Gorj, Year 2020, Number of persons, 27287
45-49 years, Total, Total, Gorj, Year 2021, Number of persons, 26379
45-49 years, Total, Total, Gorj, Year 2022, Number of persons, 25974
45-49 years, Total, Total, Gorj, Year 2023, Number of persons, 25782
45-49 years, Total, Total, Gorj, Year 2024, Number of persons, 25785
45-49 years, Total, Total, Mehedinti, Year 2013, Number of persons, 16830
45-49 years, Total, Total, Mehedinti, Year 2014, Number of persons, 19149
45-49 years, Total, Total, Mehedinti, Year 2015, Number of persons, 20950
45-49 years, Total, Total, Mehedinti, Year 2016, Number of persons, 22237
45-49 years, Total, Total, Mehedinti, Year 2017, Number of persons, 23486
45-49 years, Total, Total, Mehedinti, Year 2018, Number of persons, 21941
45-49 years, Total, Total, Mehedinti, Year 2019, Number of persons, 20346
45-49 years, Total, Total, Mehedinti, Year 2020, Number of persons, 19767
45-49 years, Total, Total, Mehedinti, Year 2021, Number of persons, 19669
45-49 years, Total, Total, Mehedinti, Year 2022, Number of persons, 18678
45-49 years, Total, Total, Mehedinti, Year 2023, Number of persons, 18687
45-49 years, Total, Total, Mehedinti, Year 2024, Number of persons, 18814
45-49 years, Total, Total, Olt, Year 2013, Number of persons, 27887
45-49 years, Total, Total, Olt, Year 2014, Number of persons, 31721
45-49 years, Total, Total, Olt, Year 2015, Number of persons, 34335
45-49 years, Total, Total, Olt, Year 2016, Number of persons, 36315
45-49 years, Total, Total, Olt, Year 2017, Number of persons, 37912
45-49 years, Total, Total, Olt, Year 2018, Number of persons, 35494
45-49 years, Total, Total, Olt, Year 2019, Number of persons, 32879
45-49 years, Total, Total, Olt, Year 2020, Number of persons, 32012
45-49 years, Total, Total, Olt, Year 2021, Number of persons, 31713
45-49 years, Total, Total, Olt, Year 2022, Number of persons, 31497
45-49 years, Total, Total, Olt, Year 2023, Number of persons, 31394
45-49 years, Total, Total, Olt, Year 2024, Number of persons, 31215
45-49 years, Total, Total, Valcea, Year 2013, Number of persons, 24025
45-49 years, Total, Total, Valcea, Year 2014, Number of persons, 27312
45-49 years, Total, Total, Valcea, Year 2015, Number of persons, 29687
45-49 years, Total, Total, Valcea, Year 2016, Number of persons, 31683
45-49 years, Total, Total, Valcea, Year 2017, Number of persons, 33306
45-49 years, Total, Total, Valcea, Year 2018, Number of persons, 30940
45-49 years, Total, Total, Valcea, Year 2019, Number of persons, 28848
45-49 years, Total, Total, Valcea, Year 2020, Number of persons, 27763
45-49 years, Total, Total, Valcea, Year 2021, Number of persons, 27127
45-49 years, Total, Total, Valcea, Year 2022, Number of persons, 27528
45-49 years, Total, Total, Valcea, Year 2023, Number of persons, 27337
45-49 years, Total, Total, Valcea, Year 2024, Number of persons, 27166
45-49 years, Total, Total, Arad, Year 2013, Number of persons, 26503
45-49 years, Total, Total, Arad, Year 2014, Number of persons, 30301
45-49 years, Total, Total, Arad, Year 2015, Number of persons, 33386
45-49 years, Total, Total, Arad, Year 2016, Number of persons, 35845
45-49 years, Total, Total, Arad, Year 2017, Number of persons, 37738
45-49 years, Total, Total, Arad, Year 2018, Number of persons, 35872
45-49 years, Total, Total, Arad, Year 2019, Number of persons, 33729
45-49 years, Total, Total, Arad, Year 2020, Number of persons, 33130
45-49 years, Total, Total, Arad, Year 2021, Number of persons, 32901
45-49 years, Total, Total, Arad, Year 2022, Number of persons, 32811
45-49 years, Total, Total, Arad, Year 2023, Number of persons, 33269
45-49 years, Total, Total, Arad, Year 2024, Number of persons, 33790
45-49 years, Total, Total, Caras-Severin, Year 2013, Number of persons, 19163
45-49 years, Total, Total, Caras-Severin, Year 2014, Number of persons, 21186
45-49 years, Total, Total, Caras-Severin, Year 2015, Number of persons, 22279
45-49 years, Total, Total, Caras-Severin, Year 2016, Number of persons, 23313
45-49 years, Total, Total, Caras-Severin, Year 2017, Number of persons, 24071
45-49 years, Total, Total, Caras-Severin, Year 2018, Number of persons, 22292
45-49 years, Total, Total, Caras-Severin, Year 2019, Number of persons, 20866
45-49 years, Total, Total, Caras-Severin, Year 2020, Number of persons, 20675
45-49 years, Total, Total, Caras-Severin, Year 2021, Number of persons, 20340
45-49 years, Total, Total, Caras-Severin, Year 2022, Number of persons, 18570
45-49 years, Total, Total, Caras-Severin, Year 2023, Number of persons, 18593
45-49 years, Total, Total, Caras-Severin, Year 2024, Number of persons, 18469
45-49 years, Total, Total, Hunedoara, Year 2013, Number of persons, 29645
45-49 years, Total, Total, Hunedoara, Year 2014, Number of persons, 33435
45-49 years, Total, Total, Hunedoara, Year 2015, Number of persons, 36199
45-49 years, Total, Total, Hunedoara, Year 2016, Number of persons, 38586
45-49 years, Total, Total, Hunedoara, Year 2017, Number of persons, 40404
45-49 years, Total, Total, Hunedoara, Year 2018, Number of persons, 37334
45-49 years, Total, Total, Hunedoara, Year 2019, Number of persons, 34175
45-49 years, Total, Total, Hunedoara, Year 2020, Number of persons, 32786
45-49 years, Total, Total, Hunedoara, Year 2021, Number of persons, 31240
45-49 years, Total, Total, Hunedoara, Year 2022, Number of persons, 28981
45-49 years, Total, Total, Hunedoara, Year 2023, Number of persons, 28236
45-49 years, Total, Total, Hunedoara, Year 2024, Number of persons, 27459
45-49 years, Total, Total, Timis, Year 2013, Number of persons, 41741
45-49 years, Total, Total, Timis, Year 2014, Number of persons, 47187
45-49 years, Total, Total, Timis, Year 2015, Number of persons, 51664
45-49 years, Total, Total, Timis, Year 2016, Number of persons, 55314
45-49 years, Total, Total, Timis, Year 2017, Number of persons, 58381
45-49 years, Total, Total, Timis, Year 2018, Number of persons, 54921
45-49 years, Total, Total, Timis, Year 2019, Number of persons, 51974
45-49 years, Total, Total, Timis, Year 2020, Number of persons, 51244
45-49 years, Total, Total, Timis, Year 2021, Number of persons, 51236
45-49 years, Total, Total, Timis, Year 2022, Number of persons, 47519
45-49 years, Total, Total, Timis, Year 2023, Number of persons, 48990
45-49 years, Total, Total, Timis, Year 2024, Number of persons, 50726
50-54 years, Total, Total, Bihor, Year 2013, Number of persons, 35647
50-54 years, Total, Total, Bihor, Year 2014, Number of persons, 33454
50-54 years, Total, Total, Bihor, Year 2015, Number of persons, 31923
50-54 years, Total, Total, Bihor, Year 2016, Number of persons, 31077
50-54 years, Total, Total, Bihor, Year 2017, Number of persons, 30378
50-54 years, Total, Total, Bihor, Year 2018, Number of persons, 33699
50-54 years, Total, Total, Bihor, Year 2019, Number of persons, 37679
50-54 years, Total, Total, Bihor, Year 2020, Number of persons, 40771
50-54 years, Total, Total, Bihor, Year 2021, Number of persons, 43269
50-54 years, Total, Total, Bihor, Year 2022, Number of persons, 45641
50-54 years, Total, Total, Bihor, Year 2023, Number of persons, 44795
50-54 years, Total, Total, Bihor, Year 2024, Number of persons, 42999
50-54 years, Total, Total, Bistrita-Nasaud, Year 2013, Number of persons, 18389
50-54 years, Total, Total, Bistrita-Nasaud, Year 2014, Number of persons, 18017
50-54 years, Total, Total, Bistrita-Nasaud, Year 2015, Number of persons, 17561
50-54 years, Total, Total, Bistrita-Nasaud, Year 2016, Number of persons, 17176
50-54 years, Total, Total, Bistrita-Nasaud, Year 2017, Number of persons, 16915
50-54 years, Total, Total, Bistrita-Nasaud, Year 2018, Number of persons, 18046
50-54 years, Total, Total, Bistrita-Nasaud, Year 2019, Number of persons, 19038
50-54 years, Total, Total, Bistrita-Nasaud, Year 2020, Number of persons, 19976
50-54 years, Total, Total, Bistrita-Nasaud, Year 2021, Number of persons, 20819
50-54 years, Total, Total, Bistrita-Nasaud, Year 2022, Number of persons, 22950
50-54 years, Total, Total, Bistrita-Nasaud, Year 2023, Number of persons, 22561
50-54 years, Total, Total, Bistrita-Nasaud, Year 2024, Number of persons, 22046
50-54 years, Total, Total, Cluj, Year 2013, Number of persons, 41495
50-54 years, Total, Total, Cluj, Year 2014, Number of persons, 39854
50-54 years, Total, Total, Cluj, Year 2015, Number of persons, 38349
50-54 years, Total, Total, Cluj, Year 2016, Number of persons, 37189
50-54 years, Total, Total, Cluj, Year 2017, Number of persons, 36466
50-54 years, Total, Total, Cluj, Year 2018, Number of persons, 40448
50-54 years, Total, Total, Cluj, Year 2019, Number of persons, 44362
50-54 years, Total, Total, Cluj, Year 2020, Number of persons, 47865
50-54 years, Total, Total, Cluj, Year 2021, Number of persons, 50734
50-54 years, Total, Total, Cluj, Year 2022, Number of persons, 52494
50-54 years, Total, Total, Cluj, Year 2023, Number of persons, 50818
50-54 years, Total, Total, Cluj, Year 2024, Number of persons, 48535
50-54 years, Total, Total, Maramures, Year 2013, Number of persons, 30978
50-54 years, Total, Total, Maramures, Year 2014, Number of persons, 30014
50-54 years, Total, Total, Maramures, Year 2015, Number of persons, 29295
50-54 years, Total, Total, Maramures, Year 2016, Number of persons, 28597
50-54 years, Total, Total, Maramures, Year 2017, Number of persons, 28086
50-54 years, Total, Total, Maramures, Year 2018, Number of persons, 30206
50-54 years, Total, Total, Maramures, Year 2019, Number of persons, 32340
50-54 years, Total, Total, Maramures, Year 2020, Number of persons, 33772
50-54 years, Total, Total, Maramures, Year 2021, Number of persons, 35029
50-54 years, Total, Total, Maramures, Year 2022, Number of persons, 36096
50-54 years, Total, Total, Maramures, Year 2023, Number of persons, 35200
50-54 years, Total, Total, Maramures, Year 2024, Number of persons, 34152
50-54 years, Total, Total, Satu Mare, Year 2013, Number of persons, 21896
50-54 years, Total, Total, Satu Mare, Year 2014, Number of persons, 21203
50-54 years, Total, Total, Satu Mare, Year 2015, Number of persons, 20551
50-54 years, Total, Total, Satu Mare, Year 2016, Number of persons, 20094
50-54 years, Total, Total, Satu Mare, Year 2017, Number of persons, 19813
50-54 years, Total, Total, Satu Mare, Year 2018, Number of persons, 21298
50-54 years, Total, Total, Satu Mare, Year 2019, Number of persons, 22932
50-54 years, Total, Total, Satu Mare, Year 2020, Number of persons, 24290
50-54 years, Total, Total, Satu Mare, Year 2021, Number of persons, 25631
50-54 years, Total, Total, Satu Mare, Year 2022, Number of persons, 27189
50-54 years, Total, Total, Satu Mare, Year 2023, Number of persons, 26984
50-54 years, Total, Total, Satu Mare, Year 2024, Number of persons, 26325
50-54 years, Total, Total, Salaj, Year 2013, Number of persons, 14032
50-54 years, Total, Total, Salaj, Year 2014, Number of persons, 13677
50-54 years, Total, Total, Salaj, Year 2015, Number of persons, 13333
50-54 years, Total, Total, Salaj, Year 2016, Number of persons, 13239
50-54 years, Total, Total, Salaj, Year 2017, Number of persons, 13123
50-54 years, Total, Total, Salaj, Year 2018, Number of persons, 13947
50-54 years, Total, Total, Salaj, Year 2019, Number of persons, 15123
50-54 years, Total, Total, Salaj, Year 2020, Number of persons, 16027
50-54 years, Total, Total, Salaj, Year 2021, Number of persons, 16817
50-54 years, Total, Total, Salaj, Year 2022, Number of persons, 17667
50-54 years, Total, Total, Salaj, Year 2023, Number of persons, 17390
50-54 years, Total, Total, Salaj, Year 2024, Number of persons, 16617
50-54 years, Total, Total, Alba, Year 2013, Number of persons, 22975
50-54 years, Total, Total, Alba, Year 2014, Number of persons, 22250
50-54 years, Total, Total, Alba, Year 2015, Number of persons, 21464
50-54 years, Total, Total, Alba, Year 2016, Number of persons, 20675
50-54 years, Total, Total, Alba, Year 2017, Number of persons, 20112
50-54 years, Total, Total, Alba, Year 2018, Number of persons, 21684
50-54 years, Total, Total, Alba, Year 2019, Number of persons, 23339
50-54 years, Total, Total, Alba, Year 2020, Number of persons, 24697
50-54 years, Total, Total, Alba, Year 2021, Number of persons, 25902
50-54 years, Total, Total, Alba, Year 2022, Number of persons, 27654
50-54 years, Total, Total, Alba, Year 2023, Number of persons, 26966
50-54 years, Total, Total, Alba, Year 2024, Number of persons, 25783
50-54 years, Total, Total, Brasov, Year 2013, Number of persons, 36546
50-54 years, Total, Total, Brasov, Year 2014, Number of persons, 33920
50-54 years, Total, Total, Brasov, Year 2015, Number of persons, 31746
50-54 years, Total, Total, Brasov, Year 2016, Number of persons, 29845
50-54 years, Total, Total, Brasov, Year 2017, Number of persons, 28412
50-54 years, Total, Total, Brasov, Year 2018, Number of persons, 32077
50-54 years, Total, Total, Brasov, Year 2019, Number of persons, 35589
50-54 years, Total, Total, Brasov, Year 2020, Number of persons, 38415
50-54 years, Total, Total, Brasov, Year 2021, Number of persons, 40640
50-54 years, Total, Total, Brasov, Year 2022, Number of persons, 42084
50-54 years, Total, Total, Brasov, Year 2023, Number of persons, 39830
50-54 years, Total, Total, Brasov, Year 2024, Number of persons, 37151
50-54 years, Total, Total, Covasna, Year 2013, Number of persons, 12366
50-54 years, Total, Total, Covasna, Year 2014, Number of persons, 11783
50-54 years, Total, Total, Covasna, Year 2015, Number of persons, 11089
50-54 years, Total, Total, Covasna, Year 2016, Number of persons, 10739
50-54 years, Total, Total, Covasna, Year 2017, Number of persons, 10537
50-54 years, Total, Total, Covasna, Year 2018, Number of persons, 11707
50-54 years, Total, Total, Covasna, Year 2019, Number of persons, 13026
50-54 years, Total, Total, Covasna, Year 2020, Number of persons, 14598
50-54 years, Total, Total, Covasna, Year 2021, Number of persons, 15955
50-54 years, Total, Total, Covasna, Year 2022, Number of persons, 16834
50-54 years, Total, Total, Covasna, Year 2023, Number of persons, 16527
50-54 years, Total, Total, Covasna, Year 2024, Number of persons, 15932
50-54 years, Total, Total, Harghita, Year 2013, Number of persons, 18205
50-54 years, Total, Total, Harghita, Year 2014, Number of persons, 17455
50-54 years, Total, Total, Harghita, Year 2015, Number of persons, 16924
50-54 years, Total, Total, Harghita, Year 2016, Number of persons, 16655
50-54 years, Total, Total, Harghita, Year 2017, Number of persons, 16415
50-54 years, Total, Total, Harghita, Year 2018, Number of persons, 18069
50-54 years, Total, Total, Harghita, Year 2019, Number of persons, 19829
50-54 years, Total, Total, Harghita, Year 2020, Number of persons, 21497
50-54 years, Total, Total, Harghita, Year 2021, Number of persons, 22671
50-54 years, Total, Total, Harghita, Year 2022, Number of persons, 23324
50-54 years, Total, Total, Harghita, Year 2023, Number of persons, 22826
50-54 years, Total, Total, Harghita, Year 2024, Number of persons, 22278
50-54 years, Total, Total, Mures, Year 2013, Number of persons, 32718
50-54 years, Total, Total, Mures, Year 2014, Number of persons, 31171
50-54 years, Total, Total, Mures, Year 2015, Number of persons, 29970
50-54 years, Total, Total, Mures, Year 2016, Number of persons, 29111
50-54 years, Total, Total, Mures, Year 2017, Number of persons, 28818
50-54 years, Total, Total, Mures, Year 2018, Number of persons, 32295
50-54 years, Total, Total, Mures, Year 2019, Number of persons, 36080
50-54 years, Total, Total, Mures, Year 2020, Number of persons, 39051
50-54 years, Total, Total, Mures, Year 2021, Number of persons, 41547
50-54 years, Total, Total, Mures, Year 2022, Number of persons, 43283
50-54 years, Total, Total, Mures, Year 2023, Number of persons, 42339
50-54 years, Total, Total, Mures, Year 2024, Number of persons, 40703
50-54 years, Total, Total, Sibiu, Year 2013, Number of persons, 25051
50-54 years, Total, Total, Sibiu, Year 2014, Number of persons, 23819
50-54 years, Total, Total, Sibiu, Year 2015, Number of persons, 22814
50-54 years, Total, Total, Sibiu, Year 2016, Number of persons, 22101
50-54 years, Total, Total, Sibiu, Year 2017, Number of persons, 21261
50-54 years, Total, Total, Sibiu, Year 2018, Number of persons, 23572
50-54 years, Total, Total, Sibiu, Year 2019, Number of persons, 25878
50-54 years, Total, Total, Sibiu, Year 2020, Number of persons, 27905
50-54 years, Total, Total, Sibiu, Year 2021, Number of persons, 29506
50-54 years, Total, Total, Sibiu, Year 2022, Number of persons, 30486
50-54 years, Total, Total, Sibiu, Year 2023, Number of persons, 29580
50-54 years, Total, Total, Sibiu, Year 2024, Number of persons, 28335
50-54 years, Total, Total, Bacau, Year 2013, Number of persons, 38912
50-54 years, Total, Total, Bacau, Year 2014, Number of persons, 36848
50-54 years, Total, Total, Bacau, Year 2015, Number of persons, 34806
50-54 years, Total, Total, Bacau, Year 2016, Number of persons, 33092
50-54 years, Total, Total, Bacau, Year 2017, Number of persons, 31721
50-54 years, Total, Total, Bacau, Year 2018, Number of persons, 36171
50-54 years, Total, Total, Bacau, Year 2019, Number of persons, 40491
50-54 years, Total, Total, Bacau, Year 2020, Number of persons, 43692
50-54 years, Total, Total, Bacau, Year 2021, Number of persons, 45602
50-54 years, Total, Total, Bacau, Year 2022, Number of persons, 51291
50-54 years, Total, Total, Bacau, Year 2023, Number of persons, 48574
50-54 years, Total, Total, Bacau, Year 2024, Number of persons, 44939
50-54 years, Total, Total, Botosani, Year 2013, Number of persons, 23379
50-54 years, Total, Total, Botosani, Year 2014, Number of persons, 22534
50-54 years, Total, Total, Botosani, Year 2015, Number of persons, 21537
50-54 years, Total, Total, Botosani, Year 2016, Number of persons, 20581
50-54 years, Total, Total, Botosani, Year 2017, Number of persons, 19840
50-54 years, Total, Total, Botosani, Year 2018, Number of persons, 22019
50-54 years, Total, Total, Botosani, Year 2019, Number of persons, 24617
50-54 years, Total, Total, Botosani, Year 2020, Number of persons, 27205
50-54 years, Total, Total, Botosani, Year 2021, Number of persons, 29318
50-54 years, Total, Total, Botosani, Year 2022, Number of persons, 32917
50-54 years, Total, Total, Botosani, Year 2023, Number of persons, 32488
50-54 years, Total, Total, Botosani, Year 2024, Number of persons, 31289
50-54 years, Total, Total, Iasi, Year 2013, Number of persons, 41144
50-54 years, Total, Total, Iasi, Year 2014, Number of persons, 38988
50-54 years, Total, Total, Iasi, Year 2015, Number of persons, 37528
50-54 years, Total, Total, Iasi, Year 2016, Number of persons, 36282
50-54 years, Total, Total, Iasi, Year 2017, Number of persons, 35825
50-54 years, Total, Total, Iasi, Year 2018, Number of persons, 41311
50-54 years, Total, Total, Iasi, Year 2019, Number of persons, 47035
50-54 years, Total, Total, Iasi, Year 2020, Number of persons, 51449
50-54 years, Total, Total, Iasi, Year 2021, Number of persons, 55095
50-54 years, Total, Total, Iasi, Year 2022, Number of persons, 57307
50-54 years, Total, Total, Iasi, Year 2023, Number of persons, 55788
50-54 years, Total, Total, Iasi, Year 2024, Number of persons, 53261
50-54 years, Total, Total, Neamt, Year 2013, Number of persons, 29259
50-54 years, Total, Total, Neamt, Year 2014, Number of persons, 27619
50-54 years, Total, Total, Neamt, Year 2015, Number of persons, 26172
50-54 years, Total, Total, Neamt, Year 2016, Number of persons, 24916
50-54 years, Total, Total, Neamt, Year 2017, Number of persons, 23876
50-54 years, Total, Total, Neamt, Year 2018, Number of persons, 27020
50-54 years, Total, Total, Neamt, Year 2019, Number of persons, 30443
50-54 years, Total, Total, Neamt, Year 2020, Number of persons, 33169
50-54 years, Total, Total, Neamt, Year 2021, Number of persons, 35242
50-54 years, Total, Total, Neamt, Year 2022, Number of persons, 39786
50-54 years, Total, Total, Neamt, Year 2023, Number of persons, 37967
50-54 years, Total, Total, Neamt, Year 2024, Number of persons, 35383
50-54 years, Total, Total, Suceava, Year 2013, Number of persons, 37134
50-54 years, Total, Total, Suceava, Year 2014, Number of persons, 35469
50-54 years, Total, Total, Suceava, Year 2015, Number of persons, 34509
50-54 years, Total, Total, Suceava, Year 2016, Number of persons, 33614
50-54 years, Total, Total, Suceava, Year 2017, Number of persons, 32868
50-54 years, Total, Total, Suceava, Year 2018, Number of persons, 37140
50-54 years, Total, Total, Suceava, Year 2019, Number of persons, 41649
50-54 years, Total, Total, Suceava, Year 2020, Number of persons, 44779
50-54 years, Total, Total, Suceava, Year 2021, Number of persons, 47313
50-54 years, Total, Total, Suceava, Year 2022, Number of persons, 51697
50-54 years, Total, Total, Suceava, Year 2023, Number of persons, 49857
50-54 years, Total, Total, Suceava, Year 2024, Number of persons, 47122
50-54 years, Total, Total, Vaslui, Year 2013, Number of persons, 23011
50-54 years, Total, Total, Vaslui, Year 2014, Number of persons, 22060
50-54 years, Total, Total, Vaslui, Year 2015, Number of persons, 20693
50-54 years, Total, Total, Vaslui, Year 2016, Number of persons, 19692
50-54 years, Total, Total, Vaslui, Year 2017, Number of persons, 19237
50-54 years, Total, Total, Vaslui, Year 2018, Number of persons, 21969
50-54 years, Total, Total, Vaslui, Year 2019, Number of persons, 24709
50-54 years, Total, Total, Vaslui, Year 2020, Number of persons, 27225
50-54 years, Total, Total, Vaslui, Year 2021, Number of persons, 29302
50-54 years, Total, Total, Vaslui, Year 2022, Number of persons, 32309
50-54 years, Total, Total, Vaslui, Year 2023, Number of persons, 31146
50-54 years, Total, Total, Vaslui, Year 2024, Number of persons, 29557
50-54 years, Total, Total, Braila, Year 2013, Number of persons, 20808
50-54 years, Total, Total, Braila, Year 2014, Number of persons, 19393
50-54 years, Total, Total, Braila, Year 2015, Number of persons, 18204
50-54 years, Total, Total, Braila, Year 2016, Number of persons, 16646
50-54 years, Total, Total, Braila, Year 2017, Number of persons, 15369
50-54 years, Total, Total, Braila, Year 2018, Number of persons, 18298
50-54 years, Total, Total, Braila, Year 2019, Number of persons, 21583
50-54 years, Total, Total, Braila, Year 2020, Number of persons, 23801
50-54 years, Total, Total, Braila, Year 2021, Number of persons, 25674
50-54 years, Total, Total, Braila, Year 2022, Number of persons, 27667
50-54 years, Total, Total, Braila, Year 2023, Number of persons, 25692
50-54 years, Total, Total, Braila, Year 2024, Number of persons, 23087
50-54 years, Total, Total, Buzau, Year 2013, Number of persons, 29388
50-54 years, Total, Total, Buzau, Year 2014, Number of persons, 27055
50-54 years, Total, Total, Buzau, Year 2015, Number of persons, 24956
50-54 years, Total, Total, Buzau, Year 2016, Number of persons, 23081
50-54 years, Total, Total, Buzau, Year 2017, Number of persons, 21881
50-54 years, Total, Total, Buzau, Year 2018, Number of persons, 25373
50-54 years, Total, Total, Buzau, Year 2019, Number of persons, 29180
50-54 years, Total, Total, Buzau, Year 2020, Number of persons, 32389
50-54 years, Total, Total, Buzau, Year 2021, Number of persons, 35591
50-54 years, Total, Total, Buzau, Year 2022, Number of persons, 38317
50-54 years, Total, Total, Buzau, Year 2023, Number of persons, 36685
50-54 years, Total, Total, Buzau, Year 2024, Number of persons, 33935
50-54 years, Total, Total, Constanta, Year 2013, Number of persons, 44031
50-54 years, Total, Total, Constanta, Year 2014, Number of persons, 41504
50-54 years, Total, Total, Constanta, Year 2015, Number of persons, 39213
50-54 years, Total, Total, Constanta, Year 2016, Number of persons, 37069
50-54 years, Total, Total, Constanta, Year 2017, Number of persons, 35168
50-54 years, Total, Total, Constanta, Year 2018, Number of persons, 41295
50-54 years, Total, Total, Constanta, Year 2019, Number of persons, 47010
50-54 years, Total, Total, Constanta, Year 2020, Number of persons, 51440
50-54 years, Total, Total, Constanta, Year 2021, Number of persons, 55127
50-54 years, Total, Total, Constanta, Year 2022, Number of persons, 58044
50-54 years, Total, Total, Constanta, Year 2023, Number of persons, 54320
50-54 years, Total, Total, Constanta, Year 2024, Number of persons, 49313
50-54 years, Total, Total, Galati, Year 2013, Number of persons, 32908
50-54 years, Total, Total, Galati, Year 2014, Number of persons, 30844
50-54 years, Total, Total, Galati, Year 2015, Number of persons, 29025
50-54 years, Total, Total, Galati, Year 2016, Number of persons, 27420
50-54 years, Total, Total, Galati, Year 2017, Number of persons, 26293
50-54 years, Total, Total, Galati, Year 2018, Number of persons, 31532
50-54 years, Total, Total, Galati, Year 2019, Number of persons, 36359
50-54 years, Total, Total, Galati, Year 2020, Number of persons, 39887
50-54 years, Total, Total, Galati, Year 2021, Number of persons, 43044
50-54 years, Total, Total, Galati, Year 2022, Number of persons, 46400
50-54 years, Total, Total, Galati, Year 2023, Number of persons, 43745
50-54 years, Total, Total, Galati, Year 2024, Number of persons, 40343
50-54 years, Total, Total, Tulcea, Year 2013, Number of persons, 13963
50-54 years, Total, Total, Tulcea, Year 2014, Number of persons, 13338
50-54 years, Total, Total, Tulcea, Year 2015, Number of persons, 12669
50-54 years, Total, Total, Tulcea, Year 2016, Number of persons, 12065
50-54 years, Total, Total, Tulcea, Year 2017, Number of persons, 11549
50-54 years, Total, Total, Tulcea, Year 2018, Number of persons, 12729
50-54 years, Total, Total, Tulcea, Year 2019, Number of persons, 14118
50-54 years, Total, Total, Tulcea, Year 2020, Number of persons, 15233
50-54 years, Total, Total, Tulcea, Year 2021, Number of persons, 16365
50-54 years, Total, Total, Tulcea, Year 2022, Number of persons, 17888
50-54 years, Total, Total, Tulcea, Year 2023, Number of persons, 17092
50-54 years, Total, Total, Tulcea, Year 2024, Number of persons, 15822
50-54 years, Total, Total, Vrancea, Year 2013, Number of persons, 20994
50-54 years, Total, Total, Vrancea, Year 2014, Number of persons, 19696
50-54 years, Total, Total, Vrancea, Year 2015, Number of persons, 18603
50-54 years, Total, Total, Vrancea, Year 2016, Number of persons, 17675
50-54 years, Total, Total, Vrancea, Year 2017, Number of persons, 17027
50-54 years, Total, Total, Vrancea, Year 2018, Number of persons, 19603
50-54 years, Total, Total, Vrancea, Year 2019, Number of persons, 22048
50-54 years, Total, Total, Vrancea, Year 2020, Number of persons, 24122
50-54 years, Total, Total, Vrancea, Year 2021, Number of persons, 25477
50-54 years, Total, Total, Vrancea, Year 2022, Number of persons, 29418
50-54 years, Total, Total, Vrancea, Year 2023, Number of persons, 28075
50-54 years, Total, Total, Vrancea, Year 2024, Number of persons, 26327
50-54 years, Total, Total, Arges, Year 2013, Number of persons, 39117
50-54 years, Total, Total, Arges, Year 2014, Number of persons, 36937
50-54 years, Total, Total, Arges, Year 2015, Number of persons, 35263
50-54 years, Total, Total, Arges, Year 2016, Number of persons, 33996
50-54 years, Total, Total, Arges, Year 2017, Number of persons, 32997
50-54 years, Total, Total, Arges, Year 2018, Number of persons, 39372
50-54 years, Total, Total, Arges, Year 2019, Number of persons, 44969
50-54 years, Total, Total, Arges, Year 2020, Number of persons, 48948
50-54 years, Total, Total, Arges, Year 2021, Number of persons, 52061
50-54 years, Total, Total, Arges, Year 2022, Number of persons, 55365
50-54 years, Total, Total, Arges, Year 2023, Number of persons, 52420
50-54 years, Total, Total, Arges, Year 2024, Number of persons, 48875
50-54 years, Total, Total, Calarasi, Year 2013, Number of persons, 17567
50-54 years, Total, Total, Calarasi, Year 2014, Number of persons, 16450
50-54 years, Total, Total, Calarasi, Year 2015, Number of persons, 15575
50-54 years, Total, Total, Calarasi, Year 2016, Number of persons, 14666
50-54 years, Total, Total, Calarasi, Year 2017, Number of persons, 14382
50-54 years, Total, Total, Calarasi, Year 2018, Number of persons, 17468
50-54 years, Total, Total, Calarasi, Year 2019, Number of persons, 20654
50-54 years, Total, Total, Calarasi, Year 2020, Number of persons, 22875
50-54 years, Total, Total, Calarasi, Year 2021, Number of persons, 25063
50-54 years, Total, Total, Calarasi, Year 2022, Number of persons, 27208
50-54 years, Total, Total, Calarasi, Year 2023, Number of persons, 25491
50-54 years, Total, Total, Calarasi, Year 2024, Number of persons, 23143
50-54 years, Total, Total, Dambovita, Year 2013, Number of persons, 31107
50-54 years, Total, Total, Dambovita, Year 2014, Number of persons, 29404
50-54 years, Total, Total, Dambovita, Year 2015, Number of persons, 28257
50-54 years, Total, Total, Dambovita, Year 2016, Number of persons, 27370
50-54 years, Total, Total, Dambovita, Year 2017, Number of persons, 26540
50-54 years, Total, Total, Dambovita, Year 2018, Number of persons, 32099
50-54 years, Total, Total, Dambovita, Year 2019, Number of persons, 36580
50-54 years, Total, Total, Dambovita, Year 2020, Number of persons, 39586
50-54 years, Total, Total, Dambovita, Year 2021, Number of persons, 41988
50-54 years, Total, Total, Dambovita, Year 2022, Number of persons, 43768
50-54 years, Total, Total, Dambovita, Year 2023, Number of persons, 40441
50-54 years, Total, Total, Dambovita, Year 2024, Number of persons, 37339
50-54 years, Total, Total, Giurgiu, Year 2013, Number of persons, 15598
50-54 years, Total, Total, Giurgiu, Year 2014, Number of persons, 14694
50-54 years, Total, Total, Giurgiu, Year 2015, Number of persons, 14098
50-54 years, Total, Total, Giurgiu, Year 2016, Number of persons, 13827
50-54 years, Total, Total, Giurgiu, Year 2017, Number of persons, 14049
50-54 years, Total, Total, Giurgiu, Year 2018, Number of persons, 17183
50-54 years, Total, Total, Giurgiu, Year 2019, Number of persons, 19756
50-54 years, Total, Total, Giurgiu, Year 2020, Number of persons, 21479
50-54 years, Total, Total, Giurgiu, Year 2021, Number of persons, 23064
50-54 years, Total, Total, Giurgiu, Year 2022, Number of persons, 24653
50-54 years, Total, Total, Giurgiu, Year 2023, Number of persons, 22762
50-54 years, Total, Total, Giurgiu, Year 2024, Number of persons, 20836
50-54 years, Total, Total, Ialomita, Year 2013, Number of persons, 15884
50-54 years, Total, Total, Ialomita, Year 2014, Number of persons, 15035
50-54 years, Total, Total, Ialomita, Year 2015, Number of persons, 14227
50-54 years, Total, Total, Ialomita, Year 2016, Number of persons, 13723
50-54 years, Total, Total, Ialomita, Year 2017, Number of persons, 13361
50-54 years, Total, Total, Ialomita, Year 2018, Number of persons, 15940
50-54 years, Total, Total, Ialomita, Year 2019, Number of persons, 18558
50-54 years, Total, Total, Ialomita, Year 2020, Number of persons, 20743
50-54 years, Total, Total, Ialomita, Year 2021, Number of persons, 22438
50-54 years, Total, Total, Ialomita, Year 2022, Number of persons, 24385
50-54 years, Total, Total, Ialomita, Year 2023, Number of persons, 23073
50-54 years, Total, Total, Ialomita, Year 2024, Number of persons, 21039
50-54 years, Total, Total, Prahova, Year 2013, Number of persons, 47714
50-54 years, Total, Total, Prahova, Year 2014, Number of persons, 44865
50-54 years, Total, Total, Prahova, Year 2015, Number of persons, 42620
50-54 years, Total, Total, Prahova, Year 2016, Number of persons, 40931
50-54 years, Total, Total, Prahova, Year 2017, Number of persons, 39118
50-54 years, Total, Total, Prahova, Year 2018, Number of persons, 48085
50-54 years, Total, Total, Prahova, Year 2019, Number of persons, 56259
50-54 years, Total, Total, Prahova, Year 2020, Number of persons, 61967
50-54 years, Total, Total, Prahova, Year 2021, Number of persons, 66602
50-54 years, Total, Total, Prahova, Year 2022, Number of persons, 71023
50-54 years, Total, Total, Prahova, Year 2023, Number of persons, 66001
50-54 years, Total, Total, Prahova, Year 2024, Number of persons, 59922
50-54 years, Total, Total, Teleorman, Year 2013, Number of persons, 21979
50-54 years, Total, Total, Teleorman, Year 2014, Number of persons, 20700
50-54 years, Total, Total, Teleorman, Year 2015, Number of persons, 19619
50-54 years, Total, Total, Teleorman, Year 2016, Number of persons, 18894
50-54 years, Total, Total, Teleorman, Year 2017, Number of persons, 18790
50-54 years, Total, Total, Teleorman, Year 2018, Number of persons, 22044
50-54 years, Total, Total, Teleorman, Year 2019, Number of persons, 25129
50-54 years, Total, Total, Teleorman, Year 2020, Number of persons, 26934
50-54 years, Total, Total, Teleorman, Year 2021, Number of persons, 28429
50-54 years, Total, Total, Teleorman, Year 2022, Number of persons, 30206
50-54 years, Total, Total, Teleorman, Year 2023, Number of persons, 28223
50-54 years, Total, Total, Teleorman, Year 2024, Number of persons, 25912
50-54 years, Total, Total, Ilfov, Year 2013, Number of persons, 22255
50-54 years, Total, Total, Ilfov, Year 2014, Number of persons, 21404
50-54 years, Total, Total, Ilfov, Year 2015, Number of persons, 20814
50-54 years, Total, Total, Ilfov, Year 2016, Number of persons, 20533
50-54 years, Total, Total, Ilfov, Year 2017, Number of persons, 20629
50-54 years, Total, Total, Ilfov, Year 2018, Number of persons, 26580
50-54 years, Total, Total, Ilfov, Year 2019, Number of persons, 32981
50-54 years, Total, Total, Ilfov, Year 2020, Number of persons, 37294
50-54 years, Total, Total, Ilfov, Year 2021, Number of persons, 41663
50-54 years, Total, Total, Ilfov, Year 2022, Number of persons, 45736
50-54 years, Total, Total, Ilfov, Year 2023, Number of persons, 44273
50-54 years, Total, Total, Ilfov, Year 2024, Number of persons, 41889
50-54 years, Total, Total, Bucharest Municipality, Year 2013, Number of persons, 114142
50-54 years, Total, Total, Bucharest Municipality, Year 2014, Number of persons, 104941
50-54 years, Total, Total, Bucharest Municipality, Year 2015, Number of persons, 97768
50-54 years, Total, Total, Bucharest Municipality, Year 2016, Number of persons, 91165
50-54 years, Total, Total, Bucharest Municipality, Year 2017, Number of persons, 86061
50-54 years, Total, Total, Bucharest Municipality, Year 2018, Number of persons, 108027
50-54 years, Total, Total, Bucharest Municipality, Year 2019, Number of persons, 125815
50-54 years, Total, Total, Bucharest Municipality, Year 2020, Number of persons, 137763
50-54 years, Total, Total, Bucharest Municipality, Year 2021, Number of persons, 144512
50-54 years, Total, Total, Bucharest Municipality, Year 2022, Number of persons, 144733
50-54 years, Total, Total, Bucharest Municipality, Year 2023, Number of persons, 130663
50-54 years, Total, Total, Bucharest Municipality, Year 2024, Number of persons, 115431
50-54 years, Total, Total, Dolj, Year 2013, Number of persons, 42411
50-54 years, Total, Total, Dolj, Year 2014, Number of persons, 40149
50-54 years, Total, Total, Dolj, Year 2015, Number of persons, 38140
50-54 years, Total, Total, Dolj, Year 2016, Number of persons, 36191
50-54 years, Total, Total, Dolj, Year 2017, Number of persons, 34331
50-54 years, Total, Total, Dolj, Year 2018, Number of persons, 39737
50-54 years, Total, Total, Dolj, Year 2019, Number of persons, 45019
50-54 years, Total, Total, Dolj, Year 2020, Number of persons, 48343
50-54 years, Total, Total, Dolj, Year 2021, Number of persons, 50837
50-54 years, Total, Total, Dolj, Year 2022, Number of persons, 52531
50-54 years, Total, Total, Dolj, Year 2023, Number of persons, 49049
50-54 years, Total, Total, Dolj, Year 2024, Number of persons, 45220
50-54 years, Total, Total, Gorj, Year 2013, Number of persons, 22505
50-54 years, Total, Total, Gorj, Year 2014, Number of persons, 21555
50-54 years, Total, Total, Gorj, Year 2015, Number of persons, 20870
50-54 years, Total, Total, Gorj, Year 2016, Number of persons, 19801
50-54 years, Total, Total, Gorj, Year 2017, Number of persons, 19124
50-54 years, Total, Total, Gorj, Year 2018, Number of persons, 22814
50-54 years, Total, Total, Gorj, Year 2019, Number of persons, 26150
50-54 years, Total, Total, Gorj, Year 2020, Number of persons, 28621
50-54 years, Total, Total, Gorj, Year 2021, Number of persons, 30510
50-54 years, Total, Total, Gorj, Year 2022, Number of persons, 32691
50-54 years, Total, Total, Gorj, Year 2023, Number of persons, 30621
50-54 years, Total, Total, Gorj, Year 2024, Number of persons, 28178
50-54 years, Total, Total, Mehedinti, Year 2013, Number of persons, 17736
50-54 years, Total, Total, Mehedinti, Year 2014, Number of persons, 16782
50-54 years, Total, Total, Mehedinti, Year 2015, Number of persons, 15882
50-54 years, Total, Total, Mehedinti, Year 2016, Number of persons, 15044
50-54 years, Total, Total, Mehedinti, Year 2017, Number of persons, 14291
50-54 years, Total, Total, Mehedinti, Year 2018, Number of persons, 16285
50-54 years, Total, Total, Mehedinti, Year 2019, Number of persons, 18456
50-54 years, Total, Total, Mehedinti, Year 2020, Number of persons, 20328
50-54 years, Total, Total, Mehedinti, Year 2021, Number of persons, 21529
50-54 years, Total, Total, Mehedinti, Year 2022, Number of persons, 22530
50-54 years, Total, Total, Mehedinti, Year 2023, Number of persons, 21339
50-54 years, Total, Total, Mehedinti, Year 2024, Number of persons, 19494
50-54 years, Total, Total, Olt, Year 2013, Number of persons, 27683
50-54 years, Total, Total, Olt, Year 2014, Number of persons, 26110
50-54 years, Total, Total, Olt, Year 2015, Number of persons, 24825
50-54 years, Total, Total, Olt, Year 2016, Number of persons, 23943
50-54 years, Total, Total, Olt, Year 2017, Number of persons, 23340
50-54 years, Total, Total, Olt, Year 2018, Number of persons, 26976
50-54 years, Total, Total, Olt, Year 2019, Number of persons, 30629
50-54 years, Total, Total, Olt, Year 2020, Number of persons, 33084
50-54 years, Total, Total, Olt, Year 2021, Number of persons, 34926
50-54 years, Total, Total, Olt, Year 2022, Number of persons, 36877
50-54 years, Total, Total, Olt, Year 2023, Number of persons, 34914
50-54 years, Total, Total, Olt, Year 2024, Number of persons, 32284
50-54 years, Total, Total, Valcea, Year 2013, Number of persons, 24112
50-54 years, Total, Total, Valcea, Year 2014, Number of persons, 23007
50-54 years, Total, Total, Valcea, Year 2015, Number of persons, 22064
50-54 years, Total, Total, Valcea, Year 2016, Number of persons, 20979
50-54 years, Total, Total, Valcea, Year 2017, Number of persons, 20179
50-54 years, Total, Total, Valcea, Year 2018, Number of persons, 23482
50-54 years, Total, Total, Valcea, Year 2019, Number of persons, 26577
50-54 years, Total, Total, Valcea, Year 2020, Number of persons, 28915
50-54 years, Total, Total, Valcea, Year 2021, Number of persons, 30777
50-54 years, Total, Total, Valcea, Year 2022, Number of persons, 33349
50-54 years, Total, Total, Valcea, Year 2023, Number of persons, 31500
50-54 years, Total, Total, Valcea, Year 2024, Number of persons, 29339
50-54 years, Total, Total, Arad, Year 2013, Number of persons, 26375
50-54 years, Total, Total, Arad, Year 2014, Number of persons, 24649
50-54 years, Total, Total, Arad, Year 2015, Number of persons, 23631
50-54 years, Total, Total, Arad, Year 2016, Number of persons, 22986
50-54 years, Total, Total, Arad, Year 2017, Number of persons, 22572
50-54 years, Total, Total, Arad, Year 2018, Number of persons, 25744
50-54 years, Total, Total, Arad, Year 2019, Number of persons, 29372
50-54 years, Total, Total, Arad, Year 2020, Number of persons, 32434
50-54 years, Total, Total, Arad, Year 2021, Number of persons, 34751
50-54 years, Total, Total, Arad, Year 2022, Number of persons, 36600
50-54 years, Total, Total, Arad, Year 2023, Number of persons, 35272
50-54 years, Total, Total, Arad, Year 2024, Number of persons, 32932
50-54 years, Total, Total, Caras-Severin, Year 2013, Number of persons, 20337
50-54 years, Total, Total, Caras-Severin, Year 2014, Number of persons, 19279
50-54 years, Total, Total, Caras-Severin, Year 2015, Number of persons, 18268
50-54 years, Total, Total, Caras-Severin, Year 2016, Number of persons, 17388
50-54 years, Total, Total, Caras-Severin, Year 2017, Number of persons, 16600
50-54 years, Total, Total, Caras-Severin, Year 2018, Number of persons, 18303
50-54 years, Total, Total, Caras-Severin, Year 2019, Number of persons, 20229
50-54 years, Total, Total, Caras-Severin, Year 2020, Number of persons, 21360
50-54 years, Total, Total, Caras-Severin, Year 2021, Number of persons, 22338
50-54 years, Total, Total, Caras-Severin, Year 2022, Number of persons, 21735
50-54 years, Total, Total, Caras-Severin, Year 2023, Number of persons, 20298
50-54 years, Total, Total, Caras-Severin, Year 2024, Number of persons, 18886
50-54 years, Total, Total, Hunedoara, Year 2013, Number of persons, 28654
50-54 years, Total, Total, Hunedoara, Year 2014, Number of persons, 27370
50-54 years, Total, Total, Hunedoara, Year 2015, Number of persons, 26272
50-54 years, Total, Total, Hunedoara, Year 2016, Number of persons, 25176
50-54 years, Total, Total, Hunedoara, Year 2017, Number of persons, 24274
50-54 years, Total, Total, Hunedoara, Year 2018, Number of persons, 28306
50-54 years, Total, Total, Hunedoara, Year 2019, Number of persons, 31891
50-54 years, Total, Total, Hunedoara, Year 2020, Number of persons, 34558
50-54 years, Total, Total, Hunedoara, Year 2021, Number of persons, 36574
50-54 years, Total, Total, Hunedoara, Year 2022, Number of persons, 37985
50-54 years, Total, Total, Hunedoara, Year 2023, Number of persons, 35438
50-54 years, Total, Total, Hunedoara, Year 2024, Number of persons, 32307
50-54 years, Total, Total, Timis, Year 2013, Number of persons, 42009
50-54 years, Total, Total, Timis, Year 2014, Number of persons, 39590
50-54 years, Total, Total, Timis, Year 2015, Number of persons, 37852
50-54 years, Total, Total, Timis, Year 2016, Number of persons, 36561
50-54 years, Total, Total, Timis, Year 2017, Number of persons, 35543
50-54 years, Total, Total, Timis, Year 2018, Number of persons, 40927
50-54 years, Total, Total, Timis, Year 2019, Number of persons, 46197
50-54 years, Total, Total, Timis, Year 2020, Number of persons, 50500
50-54 years, Total, Total, Timis, Year 2021, Number of persons, 53828
50-54 years, Total, Total, Timis, Year 2022, Number of persons, 53779
50-54 years, Total, Total, Timis, Year 2023, Number of persons, 51307
50-54 years, Total, Total, Timis, Year 2024, Number of persons, 47996
55-59 years, Total, Total, Bihor, Year 2013, Number of persons, 41293
55-59 years, Total, Total, Bihor, Year 2014, Number of persons, 41532
55-59 years, Total, Total, Bihor, Year 2015, Number of persons, 40508
55-59 years, Total, Total, Bihor, Year 2016, Number of persons, 38443
55-59 years, Total, Total, Bihor, Year 2017, Number of persons, 36316
55-59 years, Total, Total, Bihor, Year 2018, Number of persons, 34059
55-59 years, Total, Total, Bihor, Year 2019, Number of persons, 31925
55-59 years, Total, Total, Bihor, Year 2020, Number of persons, 30455
55-59 years, Total, Total, Bihor, Year 2021, Number of persons, 29541
55-59 years, Total, Total, Bihor, Year 2022, Number of persons, 29229
55-59 years, Total, Total, Bihor, Year 2023, Number of persons, 32128
55-59 years, Total, Total, Bihor, Year 2024, Number of persons, 36159
55-59 years, Total, Total, Bistrita-Nasaud, Year 2013, Number of persons, 19594
55-59 years, Total, Total, Bistrita-Nasaud, Year 2014, Number of persons, 19705
55-59 years, Total, Total, Bistrita-Nasaud, Year 2015, Number of persons, 19479
55-59 years, Total, Total, Bistrita-Nasaud, Year 2016, Number of persons, 18842
55-59 years, Total, Total, Bistrita-Nasaud, Year 2017, Number of persons, 18234
55-59 years, Total, Total, Bistrita-Nasaud, Year 2018, Number of persons, 17542
55-59 years, Total, Total, Bistrita-Nasaud, Year 2019, Number of persons, 17194
55-59 years, Total, Total, Bistrita-Nasaud, Year 2020, Number of persons, 16783
55-59 years, Total, Total, Bistrita-Nasaud, Year 2021, Number of persons, 16333
55-59 years, Total, Total, Bistrita-Nasaud, Year 2022, Number of persons, 17269
55-59 years, Total, Total, Bistrita-Nasaud, Year 2023, Number of persons, 18401
55-59 years, Total, Total, Bistrita-Nasaud, Year 2024, Number of persons, 19620
55-59 years, Total, Total, Cluj, Year 2013, Number of persons, 48522
55-59 years, Total, Total, Cluj, Year 2014, Number of persons, 48365
55-59 years, Total, Total, Cluj, Year 2015, Number of persons, 47007
55-59 years, Total, Total, Cluj, Year 2016, Number of persons, 44697
55-59 years, Total, Total, Cluj, Year 2017, Number of persons, 42547
55-59 years, Total, Total, Cluj, Year 2018, Number of persons, 40152
55-59 years, Total, Total, Cluj, Year 2019, Number of persons, 38452
55-59 years, Total, Total, Cluj, Year 2020, Number of persons, 37030
55-59 years, Total, Total, Cluj, Year 2021, Number of persons, 35849
55-59 years, Total, Total, Cluj, Year 2022, Number of persons, 35342
55-59 years, Total, Total, Cluj, Year 2023, Number of persons, 38852
55-59 years, Total, Total, Cluj, Year 2024, Number of persons, 42905
55-59 years, Total, Total, Maramures, Year 2013, Number of persons, 32832
55-59 years, Total, Total, Maramures, Year 2014, Number of persons, 32800
55-59 years, Total, Total, Maramures, Year 2015, Number of persons, 32313
55-59 years, Total, Total, Maramures, Year 2016, Number of persons, 31325
55-59 years, Total, Total, Maramures, Year 2017, Number of persons, 30442
55-59 years, Total, Total, Maramures, Year 2018, Number of persons, 29323
55-59 years, Total, Total, Maramures, Year 2019, Number of persons, 28434
55-59 years, Total, Total, Maramures, Year 2020, Number of persons, 27730
55-59 years, Total, Total, Maramures, Year 2021, Number of persons, 26955
55-59 years, Total, Total, Maramures, Year 2022, Number of persons, 27059
55-59 years, Total, Total, Maramures, Year 2023, Number of persons, 28856
55-59 years, Total, Total, Maramures, Year 2024, Number of persons, 31018
55-59 years, Total, Total, Satu Mare, Year 2013, Number of persons, 23889
55-59 years, Total, Total, Satu Mare, Year 2014, Number of persons, 23735
55-59 years, Total, Total, Satu Mare, Year 2015, Number of persons, 23370
55-59 years, Total, Total, Satu Mare, Year 2016, Number of persons, 22519
55-59 years, Total, Total, Satu Mare, Year 2017, Number of persons, 21623
55-59 years, Total, Total, Satu Mare, Year 2018, Number of persons, 20514
55-59 years, Total, Total, Satu Mare, Year 2019, Number of persons, 19832
55-59 years, Total, Total, Satu Mare, Year 2020, Number of persons, 19273
55-59 years, Total, Total, Satu Mare, Year 2021, Number of persons, 18818
55-59 years, Total, Total, Satu Mare, Year 2022, Number of persons, 19509
55-59 years, Total, Total, Satu Mare, Year 2023, Number of persons, 20676
55-59 years, Total, Total, Satu Mare, Year 2024, Number of persons, 22329
55-59 years, Total, Total, Salaj, Year 2013, Number of persons, 14993
55-59 years, Total, Total, Salaj, Year 2014, Number of persons, 14866
55-59 years, Total, Total, Salaj, Year 2015, Number of persons, 14703
55-59 years, Total, Total, Salaj, Year 2016, Number of persons, 14268
55-59 years, Total, Total, Salaj, Year 2017, Number of persons, 13835
55-59 years, Total, Total, Salaj, Year 2018, Number of persons, 13343
55-59 years, Total, Total, Salaj, Year 2019, Number of persons, 12995
55-59 years, Total, Total, Salaj, Year 2020, Number of persons, 12621
55-59 years, Total, Total, Salaj, Year 2021, Number of persons, 12632
55-59 years, Total, Total, Salaj, Year 2022, Number of persons, 13036
55-59 years, Total, Total, Salaj, Year 2023, Number of persons, 13753
55-59 years, Total, Total, Salaj, Year 2024, Number of persons, 14963
55-59 years, Total, Total, Alba, Year 2013, Number of persons, 26563
55-59 years, Total, Total, Alba, Year 2014, Number of persons, 26165
55-59 years, Total, Total, Alba, Year 2015, Number of persons, 25317
55-59 years, Total, Total, Alba, Year 2016, Number of persons, 24207
55-59 years, Total, Total, Alba, Year 2017, Number of persons, 23142
55-59 years, Total, Total, Alba, Year 2018, Number of persons, 21954
55-59 years, Total, Total, Alba, Year 2019, Number of persons, 21252
55-59 years, Total, Total, Alba, Year 2020, Number of persons, 20482
55-59 years, Total, Total, Alba, Year 2021, Number of persons, 19636
55-59 years, Total, Total, Alba, Year 2022, Number of persons, 19914
55-59 years, Total, Total, Alba, Year 2023, Number of persons, 21311
55-59 years, Total, Total, Alba, Year 2024, Number of persons, 23096
55-59 years, Total, Total, Brasov, Year 2013, Number of persons, 46452
55-59 years, Total, Total, Brasov, Year 2014, Number of persons, 45645
55-59 years, Total, Total, Brasov, Year 2015, Number of persons, 43707
55-59 years, Total, Total, Brasov, Year 2016, Number of persons, 40856
55-59 years, Total, Total, Brasov, Year 2017, Number of persons, 37695
55-59 years, Total, Total, Brasov, Year 2018, Number of persons, 34819
55-59 years, Total, Total, Brasov, Year 2019, Number of persons, 32303
55-59 years, Total, Total, Brasov, Year 2020, Number of persons, 30259
55-59 years, Total, Total, Brasov, Year 2021, Number of persons, 28410
55-59 years, Total, Total, Brasov, Year 2022, Number of persons, 27979
55-59 years, Total, Total, Brasov, Year 2023, Number of persons, 30855
55-59 years, Total, Total, Brasov, Year 2024, Number of persons, 34484
55-59 years, Total, Total, Covasna, Year 2013, Number of persons, 14780
55-59 years, Total, Total, Covasna, Year 2014, Number of persons, 14578
55-59 years, Total, Total, Covasna, Year 2015, Number of persons, 14107
55-59 years, Total, Total, Covasna, Year 2016, Number of persons, 13210
55-59 years, Total, Total, Covasna, Year 2017, Number of persons, 12361
55-59 years, Total, Total, Covasna, Year 2018, Number of persons, 11721
55-59 years, Total, Total, Covasna, Year 2019, Number of persons, 11164
55-59 years, Total, Total, Covasna, Year 2020, Number of persons, 10547
55-59 years, Total, Total, Covasna, Year 2021, Number of persons, 10188
55-59 years, Total, Total, Covasna, Year 2022, Number of persons, 10109
55-59 years, Total, Total, Covasna, Year 2023, Number of persons, 11068
55-59 years, Total, Total, Covasna, Year 2024, Number of persons, 12391
55-59 years, Total, Total, Harghita, Year 2013, Number of persons, 21200
55-59 years, Total, Total, Harghita, Year 2014, Number of persons, 20990
55-59 years, Total, Total, Harghita, Year 2015, Number of persons, 20334
55-59 years, Total, Total, Harghita, Year 2016, Number of persons, 19076
55-59 years, Total, Total, Harghita, Year 2017, Number of persons, 18164
55-59 years, Total, Total, Harghita, Year 2018, Number of persons, 17352
55-59 years, Total, Total, Harghita, Year 2019, Number of persons, 16634
55-59 years, Total, Total, Harghita, Year 2020, Number of persons, 16143
55-59 years, Total, Total, Harghita, Year 2021, Number of persons, 15844
55-59 years, Total, Total, Harghita, Year 2022, Number of persons, 15520
55-59 years, Total, Total, Harghita, Year 2023, Number of persons, 16923
55-59 years, Total, Total, Harghita, Year 2024, Number of persons, 18550
55-59 years, Total, Total, Mures, Year 2013, Number of persons, 38621
55-59 years, Total, Total, Mures, Year 2014, Number of persons, 38302
55-59 years, Total, Total, Mures, Year 2015, Number of persons, 36958
55-59 years, Total, Total, Mures, Year 2016, Number of persons, 35230
55-59 years, Total, Total, Mures, Year 2017, Number of persons, 33133
55-59 years, Total, Total, Mures, Year 2018, Number of persons, 31131
55-59 years, Total, Total, Mures, Year 2019, Number of persons, 29681
55-59 years, Total, Total, Mures, Year 2020, Number of persons, 28557
55-59 years, Total, Total, Mures, Year 2021, Number of persons, 27646
55-59 years, Total, Total, Mures, Year 2022, Number of persons, 27722
55-59 years, Total, Total, Mures, Year 2023, Number of persons, 30522
55-59 years, Total, Total, Mures, Year 2024, Number of persons, 34334
55-59 years, Total, Total, Sibiu, Year 2013, Number of persons, 30206
55-59 years, Total, Total, Sibiu, Year 2014, Number of persons, 29705
55-59 years, Total, Total, Sibiu, Year 2015, Number of persons, 28647
55-59 years, Total, Total, Sibiu, Year 2016, Number of persons, 27111
55-59 years, Total, Total, Sibiu, Year 2017, Number of persons, 25485
55-59 years, Total, Total, Sibiu, Year 2018, Number of persons, 23933
55-59 years, Total, Total, Sibiu, Year 2019, Number of persons, 22805
55-59 years, Total, Total, Sibiu, Year 2020, Number of persons, 21848
55-59 years, Total, Total, Sibiu, Year 2021, Number of persons, 21124
55-59 years, Total, Total, Sibiu, Year 2022, Number of persons, 20717
55-59 years, Total, Total, Sibiu, Year 2023, Number of persons, 22600
55-59 years, Total, Total, Sibiu, Year 2024, Number of persons, 24824
55-59 years, Total, Total, Bacau, Year 2013, Number of persons, 44185
55-59 years, Total, Total, Bacau, Year 2014, Number of persons, 43811
55-59 years, Total, Total, Bacau, Year 2015, Number of persons, 42985
55-59 years, Total, Total, Bacau, Year 2016, Number of persons, 41142
55-59 years, Total, Total, Bacau, Year 2017, Number of persons, 38915
55-59 years, Total, Total, Bacau, Year 2018, Number of persons, 36541
55-59 years, Total, Total, Bacau, Year 2019, Number of persons, 34457
55-59 years, Total, Total, Bacau, Year 2020, Number of persons, 32517
55-59 years, Total, Total, Bacau, Year 2021, Number of persons, 30817
55-59 years, Total, Total, Bacau, Year 2022, Number of persons, 32702
55-59 years, Total, Total, Bacau, Year 2023, Number of persons, 36486
55-59 years, Total, Total, Bacau, Year 2024, Number of persons, 41148
55-59 years, Total, Total, Botosani, Year 2013, Number of persons, 25470
55-59 years, Total, Total, Botosani, Year 2014, Number of persons, 25621
55-59 years, Total, Total, Botosani, Year 2015, Number of persons, 24930
55-59 years, Total, Total, Botosani, Year 2016, Number of persons, 23994
55-59 years, Total, Total, Botosani, Year 2017, Number of persons, 23059
55-59 years, Total, Total, Botosani, Year 2018, Number of persons, 22030
55-59 years, Total, Total, Botosani, Year 2019, Number of persons, 21156
55-59 years, Total, Total, Botosani, Year 2020, Number of persons, 20182
55-59 years, Total, Total, Botosani, Year 2021, Number of persons, 19165
55-59 years, Total, Total, Botosani, Year 2022, Number of persons, 20005
55-59 years, Total, Total, Botosani, Year 2023, Number of persons, 21780
55-59 years, Total, Total, Botosani, Year 2024, Number of persons, 24683
55-59 years, Total, Total, Iasi, Year 2013, Number of persons, 49718
55-59 years, Total, Total, Iasi, Year 2014, Number of persons, 49382
55-59 years, Total, Total, Iasi, Year 2015, Number of persons, 48127
55-59 years, Total, Total, Iasi, Year 2016, Number of persons, 45573
55-59 years, Total, Total, Iasi, Year 2017, Number of persons, 42853
55-59 years, Total, Total, Iasi, Year 2018, Number of persons, 40241
55-59 years, Total, Total, Iasi, Year 2019, Number of persons, 37732
55-59 years, Total, Total, Iasi, Year 2020, Number of persons, 36021
55-59 years, Total, Total, Iasi, Year 2021, Number of persons, 34686
55-59 years, Total, Total, Iasi, Year 2022, Number of persons, 33668
55-59 years, Total, Total, Iasi, Year 2023, Number of persons, 38303
55-59 years, Total, Total, Iasi, Year 2024, Number of persons, 43979
55-59 years, Total, Total, Neamt, Year 2013, Number of persons, 33383
55-59 years, Total, Total, Neamt, Year 2014, Number of persons, 32992
55-59 years, Total, Total, Neamt, Year 2015, Number of persons, 32186
55-59 years, Total, Total, Neamt, Year 2016, Number of persons, 30588
55-59 years, Total, Total, Neamt, Year 2017, Number of persons, 29184
55-59 years, Total, Total, Neamt, Year 2018, Number of persons, 27649
55-59 years, Total, Total, Neamt, Year 2019, Number of persons, 25997
55-59 years, Total, Total, Neamt, Year 2020, Number of persons, 24582
55-59 years, Total, Total, Neamt, Year 2021, Number of persons, 23361
55-59 years, Total, Total, Neamt, Year 2022, Number of persons, 24931
55-59 years, Total, Total, Neamt, Year 2023, Number of persons, 27627
55-59 years, Total, Total, Neamt, Year 2024, Number of persons, 31324
55-59 years, Total, Total, Suceava, Year 2013, Number of persons, 40285
55-59 years, Total, Total, Suceava, Year 2014, Number of persons, 40253
55-59 years, Total, Total, Suceava, Year 2015, Number of persons, 39650
55-59 years, Total, Total, Suceava, Year 2016, Number of persons, 38223
55-59 years, Total, Total, Suceava, Year 2017, Number of persons, 37050
55-59 years, Total, Total, Suceava, Year 2018, Number of persons, 35525
55-59 years, Total, Total, Suceava, Year 2019, Number of persons, 33901
55-59 years, Total, Total, Suceava, Year 2020, Number of persons, 32959
55-59 years, Total, Total, Suceava, Year 2021, Number of persons, 31922
55-59 years, Total, Total, Suceava, Year 2022, Number of persons, 32879
55-59 years, Total, Total, Suceava, Year 2023, Number of persons, 36565
55-59 years, Total, Total, Suceava, Year 2024, Number of persons, 41411
55-59 years, Total, Total, Vaslui, Year 2013, Number of persons, 26574
55-59 years, Total, Total, Vaslui, Year 2014, Number of persons, 26579
55-59 years, Total, Total, Vaslui, Year 2015, Number of persons, 26162
55-59 years, Total, Total, Vaslui, Year 2016, Number of persons, 24818
55-59 years, Total, Total, Vaslui, Year 2017, Number of persons, 23472
55-59 years, Total, Total, Vaslui, Year 2018, Number of persons, 21941
55-59 years, Total, Total, Vaslui, Year 2019, Number of persons, 20836
55-59 years, Total, Total, Vaslui, Year 2020, Number of persons, 19439
55-59 years, Total, Total, Vaslui, Year 2021, Number of persons, 18364
55-59 years, Total, Total, Vaslui, Year 2022, Number of persons, 19029
55-59 years, Total, Total, Vaslui, Year 2023, Number of persons, 21596
55-59 years, Total, Total, Vaslui, Year 2024, Number of persons, 24310
55-59 years, Total, Total, Braila, Year 2013, Number of persons, 25061
55-59 years, Total, Total, Braila, Year 2014, Number of persons, 24848
55-59 years, Total, Total, Braila, Year 2015, Number of persons, 23791
55-59 years, Total, Total, Braila, Year 2016, Number of persons, 22395
55-59 years, Total, Total, Braila, Year 2017, Number of persons, 20851
55-59 years, Total, Total, Braila, Year 2018, Number of persons, 19463
55-59 years, Total, Total, Braila, Year 2019, Number of persons, 18063
55-59 years, Total, Total, Braila, Year 2020, Number of persons, 16996
55-59 years, Total, Total, Braila, Year 2021, Number of persons, 15377
55-59 years, Total, Total, Braila, Year 2022, Number of persons, 14924
55-59 years, Total, Total, Braila, Year 2023, Number of persons, 17379
55-59 years, Total, Total, Braila, Year 2024, Number of persons, 20582
55-59 years, Total, Total, Buzau, Year 2013, Number of persons, 33152
55-59 years, Total, Total, Buzau, Year 2014, Number of persons, 33127
55-59 years, Total, Total, Buzau, Year 2015, Number of persons, 32360
55-59 years, Total, Total, Buzau, Year 2016, Number of persons, 31122
55-59 years, Total, Total, Buzau, Year 2017, Number of persons, 29574
55-59 years, Total, Total, Buzau, Year 2018, Number of persons, 27862
55-59 years, Total, Total, Buzau, Year 2019, Number of persons, 25639
55-59 years, Total, Total, Buzau, Year 2020, Number of persons, 23693
55-59 years, Total, Total, Buzau, Year 2021, Number of persons, 21826
55-59 years, Total, Total, Buzau, Year 2022, Number of persons, 21376
55-59 years, Total, Total, Buzau, Year 2023, Number of persons, 24320
55-59 years, Total, Total, Buzau, Year 2024, Number of persons, 28241
55-59 years, Total, Total, Constanta, Year 2013, Number of persons, 53690
55-59 years, Total, Total, Constanta, Year 2014, Number of persons, 53047
55-59 years, Total, Total, Constanta, Year 2015, Number of persons, 51129
55-59 years, Total, Total, Constanta, Year 2016, Number of persons, 48132
55-59 years, Total, Total, Constanta, Year 2017, Number of persons, 44791
55-59 years, Total, Total, Constanta, Year 2018, Number of persons, 41794
55-59 years, Total, Total, Constanta, Year 2019, Number of persons, 39349
55-59 years, Total, Total, Constanta, Year 2020, Number of persons, 37192
55-59 years, Total, Total, Constanta, Year 2021, Number of persons, 35124
55-59 years, Total, Total, Constanta, Year 2022, Number of persons, 33998
55-59 years, Total, Total, Constanta, Year 2023, Number of persons, 38845
55-59 years, Total, Total, Constanta, Year 2024, Number of persons, 44636
55-59 years, Total, Total, Galati, Year 2013, Number of persons, 41778
55-59 years, Total, Total, Galati, Year 2014, Number of persons, 41132
55-59 years, Total, Total, Galati, Year 2015, Number of persons, 39315
55-59 years, Total, Total, Galati, Year 2016, Number of persons, 36700
55-59 years, Total, Total, Galati, Year 2017, Number of persons, 33737
55-59 years, Total, Total, Galati, Year 2018, Number of persons, 30911
55-59 years, Total, Total, Galati, Year 2019, Number of persons, 28866
55-59 years, Total, Total, Galati, Year 2020, Number of persons, 26977
55-59 years, Total, Total, Galati, Year 2021, Number of persons, 25461
55-59 years, Total, Total, Galati, Year 2022, Number of persons, 25713
55-59 years, Total, Total, Galati, Year 2023, Number of persons, 30132
55-59 years, Total, Total, Galati, Year 2024, Number of persons, 35160
55-59 years, Total, Total, Tulcea, Year 2013, Number of persons, 17767
55-59 years, Total, Total, Tulcea, Year 2014, Number of persons, 17292
55-59 years, Total, Total, Tulcea, Year 2015, Number of persons, 16273
55-59 years, Total, Total, Tulcea, Year 2016, Number of persons, 15040
55-59 years, Total, Total, Tulcea, Year 2017, Number of persons, 14020
55-59 years, Total, Total, Tulcea, Year 2018, Number of persons, 13066
55-59 years, Total, Total, Tulcea, Year 2019, Number of persons, 12422
55-59 years, Total, Total, Tulcea, Year 2020, Number of persons, 11815
55-59 years, Total, Total, Tulcea, Year 2021, Number of persons, 11165
55-59 years, Total, Total, Tulcea, Year 2022, Number of persons, 11602
55-59 years, Total, Total, Tulcea, Year 2023, Number of persons, 12587
55-59 years, Total, Total, Tulcea, Year 2024, Number of persons, 13998
55-59 years, Total, Total, Vrancea, Year 2013, Number of persons, 24183
55-59 years, Total, Total, Vrancea, Year 2014, Number of persons, 24068
55-59 years, Total, Total, Vrancea, Year 2015, Number of persons, 23422
55-59 years, Total, Total, Vrancea, Year 2016, Number of persons, 22346
55-59 years, Total, Total, Vrancea, Year 2017, Number of persons, 21146
55-59 years, Total, Total, Vrancea, Year 2018, Number of persons, 19981
55-59 years, Total, Total, Vrancea, Year 2019, Number of persons, 18661
55-59 years, Total, Total, Vrancea, Year 2020, Number of persons, 17611
55-59 years, Total, Total, Vrancea, Year 2021, Number of persons, 16647
55-59 years, Total, Total, Vrancea, Year 2022, Number of persons, 17465
55-59 years, Total, Total, Vrancea, Year 2023, Number of persons, 19840
55-59 years, Total, Total, Vrancea, Year 2024, Number of persons, 22765
55-59 years, Total, Total, Arges, Year 2013, Number of persons, 43932
55-59 years, Total, Total, Arges, Year 2014, Number of persons, 43642
55-59 years, Total, Total, Arges, Year 2015, Number of persons, 42254
55-59 years, Total, Total, Arges, Year 2016, Number of persons, 40864
55-59 years, Total, Total, Arges, Year 2017, Number of persons, 39042
55-59 years, Total, Total, Arges, Year 2018, Number of persons, 37375
55-59 years, Total, Total, Arges, Year 2019, Number of persons, 35179
55-59 years, Total, Total, Arges, Year 2020, Number of persons, 33561
55-59 years, Total, Total, Arges, Year 2021, Number of persons, 32144
55-59 years, Total, Total, Arges, Year 2022, Number of persons, 31813
55-59 years, Total, Total, Arges, Year 2023, Number of persons, 37224
55-59 years, Total, Total, Arges, Year 2024, Number of persons, 43183
55-59 years, Total, Total, Calarasi, Year 2013, Number of persons, 20426
55-59 years, Total, Total, Calarasi, Year 2014, Number of persons, 20429
55-59 years, Total, Total, Calarasi, Year 2015, Number of persons, 19988
55-59 years, Total, Total, Calarasi, Year 2016, Number of persons, 19111
55-59 years, Total, Total, Calarasi, Year 2017, Number of persons, 17839
55-59 years, Total, Total, Calarasi, Year 2018, Number of persons, 16559
55-59 years, Total, Total, Calarasi, Year 2019, Number of persons, 15473
55-59 years, Total, Total, Calarasi, Year 2020, Number of persons, 14645
55-59 years, Total, Total, Calarasi, Year 2021, Number of persons, 13801
55-59 years, Total, Total, Calarasi, Year 2022, Number of persons, 14203
55-59 years, Total, Total, Calarasi, Year 2023, Number of persons, 16915
55-59 years, Total, Total, Calarasi, Year 2024, Number of persons, 20039
55-59 years, Total, Total, Dambovita, Year 2013, Number of persons, 34813
55-59 years, Total, Total, Dambovita, Year 2014, Number of persons, 34644
55-59 years, Total, Total, Dambovita, Year 2015, Number of persons, 33965
55-59 years, Total, Total, Dambovita, Year 2016, Number of persons, 32607
55-59 years, Total, Total, Dambovita, Year 2017, Number of persons, 31224
55-59 years, Total, Total, Dambovita, Year 2018, Number of persons, 29676
55-59 years, Total, Total, Dambovita, Year 2019, Number of persons, 28004
55-59 years, Total, Total, Dambovita, Year 2020, Number of persons, 26858
55-59 years, Total, Total, Dambovita, Year 2021, Number of persons, 25942
55-59 years, Total, Total, Dambovita, Year 2022, Number of persons, 25373
55-59 years, Total, Total, Dambovita, Year 2023, Number of persons, 30187
55-59 years, Total, Total, Dambovita, Year 2024, Number of persons, 34818
55-59 years, Total, Total, Giurgiu, Year 2013, Number of persons, 18057
55-59 years, Total, Total, Giurgiu, Year 2014, Number of persons, 17629
55-59 years, Total, Total, Giurgiu, Year 2015, Number of persons, 17300
55-59 years, Total, Total, Giurgiu, Year 2016, Number of persons, 16559
55-59 years, Total, Total, Giurgiu, Year 2017, Number of persons, 15924
55-59 years, Total, Total, Giurgiu, Year 2018, Number of persons, 14845
55-59 years, Total, Total, Giurgiu, Year 2019, Number of persons, 14060
55-59 years, Total, Total, Giurgiu, Year 2020, Number of persons, 13424
55-59 years, Total, Total, Giurgiu, Year 2021, Number of persons, 13232
55-59 years, Total, Total, Giurgiu, Year 2022, Number of persons, 14077
55-59 years, Total, Total, Giurgiu, Year 2023, Number of persons, 16969
55-59 years, Total, Total, Giurgiu, Year 2024, Number of persons, 19812
55-59 years, Total, Total, Ialomita, Year 2013, Number of persons, 18871
55-59 years, Total, Total, Ialomita, Year 2014, Number of persons, 18723
55-59 years, Total, Total, Ialomita, Year 2015, Number of persons, 18061
55-59 years, Total, Total, Ialomita, Year 2016, Number of persons, 17122
55-59 years, Total, Total, Ialomita, Year 2017, Number of persons, 16053
55-59 years, Total, Total, Ialomita, Year 2018, Number of persons, 15023
55-59 years, Total, Total, Ialomita, Year 2019, Number of persons, 14220
55-59 years, Total, Total, Ialomita, Year 2020, Number of persons, 13431
55-59 years, Total, Total, Ialomita, Year 2021, Number of persons, 12886
55-59 years, Total, Total, Ialomita, Year 2022, Number of persons, 12986
55-59 years, Total, Total, Ialomita, Year 2023, Number of persons, 15213
55-59 years, Total, Total, Ialomita, Year 2024, Number of persons, 17854
55-59 years, Total, Total, Prahova, Year 2013, Number of persons, 56003
55-59 years, Total, Total, Prahova, Year 2014, Number of persons, 54727
55-59 years, Total, Total, Prahova, Year 2015, Number of persons, 53142
55-59 years, Total, Total, Prahova, Year 2016, Number of persons, 50308
55-59 years, Total, Total, Prahova, Year 2017, Number of persons, 47934
55-59 years, Total, Total, Prahova, Year 2018, Number of persons, 45548
55-59 years, Total, Total, Prahova, Year 2019, Number of persons, 42786
55-59 years, Total, Total, Prahova, Year 2020, Number of persons, 40522
55-59 years, Total, Total, Prahova, Year 2021, Number of persons, 38759
55-59 years, Total, Total, Prahova, Year 2022, Number of persons, 37756
55-59 years, Total, Total, Prahova, Year 2023, Number of persons, 45056
55-59 years, Total, Total, Prahova, Year 2024, Number of persons, 53652
55-59 years, Total, Total, Teleorman, Year 2013, Number of persons, 25930
55-59 years, Total, Total, Teleorman, Year 2014, Number of persons, 25358
55-59 years, Total, Total, Teleorman, Year 2015, Number of persons, 24340
55-59 years, Total, Total, Teleorman, Year 2016, Number of persons, 23136
55-59 years, Total, Total, Teleorman, Year 2017, Number of persons, 21923
55-59 years, Total, Total, Teleorman, Year 2018, Number of persons, 20775
55-59 years, Total, Total, Teleorman, Year 2019, Number of persons, 19489
55-59 years, Total, Total, Teleorman, Year 2020, Number of persons, 18458
55-59 years, Total, Total, Teleorman, Year 2021, Number of persons, 17893
55-59 years, Total, Total, Teleorman, Year 2022, Number of persons, 18549
55-59 years, Total, Total, Teleorman, Year 2023, Number of persons, 21370
55-59 years, Total, Total, Teleorman, Year 2024, Number of persons, 24518
55-59 years, Total, Total, Ilfov, Year 2013, Number of persons, 25961
55-59 years, Total, Total, Ilfov, Year 2014, Number of persons, 26231
55-59 years, Total, Total, Ilfov, Year 2015, Number of persons, 26176
55-59 years, Total, Total, Ilfov, Year 2016, Number of persons, 25696
55-59 years, Total, Total, Ilfov, Year 2017, Number of persons, 24901
55-59 years, Total, Total, Ilfov, Year 2018, Number of persons, 23629
55-59 years, Total, Total, Ilfov, Year 2019, Number of persons, 22782
55-59 years, Total, Total, Ilfov, Year 2020, Number of persons, 21944
55-59 years, Total, Total, Ilfov, Year 2021, Number of persons, 21826
55-59 years, Total, Total, Ilfov, Year 2022, Number of persons, 21833
55-59 years, Total, Total, Ilfov, Year 2023, Number of persons, 27965
55-59 years, Total, Total, Ilfov, Year 2024, Number of persons, 35168
55-59 years, Total, Total, Bucharest Municipality, Year 2013, Number of persons, 144340
55-59 years, Total, Total, Bucharest Municipality, Year 2014, Number of persons, 142264
55-59 years, Total, Total, Bucharest Municipality, Year 2015, Number of persons, 134656
55-59 years, Total, Total, Bucharest Municipality, Year 2016, Number of persons, 125091
55-59 years, Total, Total, Bucharest Municipality, Year 2017, Number of persons, 113923
55-59 years, Total, Total, Bucharest Municipality, Year 2018, Number of persons, 104911
55-59 years, Total, Total, Bucharest Municipality, Year 2019, Number of persons, 96681
55-59 years, Total, Total, Bucharest Municipality, Year 2020, Number of persons, 90417
55-59 years, Total, Total, Bucharest Municipality, Year 2021, Number of persons, 83174
55-59 years, Total, Total, Bucharest Municipality, Year 2022, Number of persons, 79062
55-59 years, Total, Total, Bucharest Municipality, Year 2023, Number of persons, 95439
55-59 years, Total, Total, Bucharest Municipality, Year 2024, Number of persons, 112376
55-59 years, Total, Total, Dolj, Year 2013, Number of persons, 47009
55-59 years, Total, Total, Dolj, Year 2014, Number of persons, 47144
55-59 years, Total, Total, Dolj, Year 2015, Number of persons, 46042
55-59 years, Total, Total, Dolj, Year 2016, Number of persons, 44392
55-59 years, Total, Total, Dolj, Year 2017, Number of persons, 42825
55-59 years, Total, Total, Dolj, Year 2018, Number of persons, 40404
55-59 years, Total, Total, Dolj, Year 2019, Number of persons, 38171
55-59 years, Total, Total, Dolj, Year 2020, Number of persons, 36244
55-59 years, Total, Total, Dolj, Year 2021, Number of persons, 34254
55-59 years, Total, Total, Dolj, Year 2022, Number of persons, 32741
55-59 years, Total, Total, Dolj, Year 2023, Number of persons, 37181
55-59 years, Total, Total, Dolj, Year 2024, Number of persons, 42746
55-59 years, Total, Total, Gorj, Year 2013, Number of persons, 23239
55-59 years, Total, Total, Gorj, Year 2014, Number of persons, 23569
55-59 years, Total, Total, Gorj, Year 2015, Number of persons, 23227
55-59 years, Total, Total, Gorj, Year 2016, Number of persons, 23025
55-59 years, Total, Total, Gorj, Year 2017, Number of persons, 22301
55-59 years, Total, Total, Gorj, Year 2018, Number of persons, 21456
55-59 years, Total, Total, Gorj, Year 2019, Number of persons, 20486
55-59 years, Total, Total, Gorj, Year 2020, Number of persons, 19827
55-59 years, Total, Total, Gorj, Year 2021, Number of persons, 18721
55-59 years, Total, Total, Gorj, Year 2022, Number of persons, 18648
55-59 years, Total, Total, Gorj, Year 2023, Number of persons, 21843
55-59 years, Total, Total, Gorj, Year 2024, Number of persons, 25323
55-59 years, Total, Total, Mehedinti, Year 2013, Number of persons, 19533
55-59 years, Total, Total, Mehedinti, Year 2014, Number of persons, 19421
55-59 years, Total, Total, Mehedinti, Year 2015, Number of persons, 18968
55-59 years, Total, Total, Mehedinti, Year 2016, Number of persons, 18457
55-59 years, Total, Total, Mehedinti, Year 2017, Number of persons, 17763
55-59 years, Total, Total, Mehedinti, Year 2018, Number of persons, 16774
55-59 years, Total, Total, Mehedinti, Year 2019, Number of persons, 15892
55-59 years, Total, Total, Mehedinti, Year 2020, Number of persons, 15081
55-59 years, Total, Total, Mehedinti, Year 2021, Number of persons, 14345
55-59 years, Total, Total, Mehedinti, Year 2022, Number of persons, 13937
55-59 years, Total, Total, Mehedinti, Year 2023, Number of persons, 15485
55-59 years, Total, Total, Mehedinti, Year 2024, Number of persons, 17748
55-59 years, Total, Total, Olt, Year 2013, Number of persons, 30552
55-59 years, Total, Total, Olt, Year 2014, Number of persons, 30631
55-59 years, Total, Total, Olt, Year 2015, Number of persons, 29801
55-59 years, Total, Total, Olt, Year 2016, Number of persons, 28827
55-59 years, Total, Total, Olt, Year 2017, Number of persons, 27843
55-59 years, Total, Total, Olt, Year 2018, Number of persons, 26247
55-59 years, Total, Total, Olt, Year 2019, Number of persons, 24760
55-59 years, Total, Total, Olt, Year 2020, Number of persons, 23555
55-59 years, Total, Total, Olt, Year 2021, Number of persons, 22693
55-59 years, Total, Total, Olt, Year 2022, Number of persons, 22733
55-59 years, Total, Total, Olt, Year 2023, Number of persons, 25862
55-59 years, Total, Total, Olt, Year 2024, Number of persons, 29720
55-59 years, Total, Total, Valcea, Year 2013, Number of persons, 26448
55-59 years, Total, Total, Valcea, Year 2014, Number of persons, 26035
55-59 years, Total, Total, Valcea, Year 2015, Number of persons, 25539
55-59 years, Total, Total, Valcea, Year 2016, Number of persons, 24877
55-59 years, Total, Total, Valcea, Year 2017, Number of persons, 24126
55-59 years, Total, Total, Valcea, Year 2018, Number of persons, 23295
55-59 years, Total, Total, Valcea, Year 2019, Number of persons, 22186
55-59 years, Total, Total, Valcea, Year 2020, Number of persons, 21308
55-59 years, Total, Total, Valcea, Year 2021, Number of persons, 20277
55-59 years, Total, Total, Valcea, Year 2022, Number of persons, 20262
55-59 years, Total, Total, Valcea, Year 2023, Number of persons, 23190
55-59 years, Total, Total, Valcea, Year 2024, Number of persons, 26556
55-59 years, Total, Total, Arad, Year 2013, Number of persons, 32627
55-59 years, Total, Total, Arad, Year 2014, Number of persons, 32481
55-59 years, Total, Total, Arad, Year 2015, Number of persons, 31162
55-59 years, Total, Total, Arad, Year 2016, Number of persons, 29089
55-59 years, Total, Total, Arad, Year 2017, Number of persons, 27038
55-59 years, Total, Total, Arad, Year 2018, Number of persons, 25180
55-59 years, Total, Total, Arad, Year 2019, Number of persons, 23500
55-59 years, Total, Total, Arad, Year 2020, Number of persons, 22489
55-59 years, Total, Total, Arad, Year 2021, Number of persons, 21830
55-59 years, Total, Total, Arad, Year 2022, Number of persons, 21899
55-59 years, Total, Total, Arad, Year 2023, Number of persons, 24619
55-59 years, Total, Total, Arad, Year 2024, Number of persons, 28260
55-59 years, Total, Total, Caras-Severin, Year 2013, Number of persons, 23474
55-59 years, Total, Total, Caras-Severin, Year 2014, Number of persons, 23282
55-59 years, Total, Total, Caras-Severin, Year 2015, Number of persons, 22522
55-59 years, Total, Total, Caras-Severin, Year 2016, Number of persons, 21364
55-59 years, Total, Total, Caras-Severin, Year 2017, Number of persons, 20381
55-59 years, Total, Total, Caras-Severin, Year 2018, Number of persons, 19108
55-59 years, Total, Total, Caras-Severin, Year 2019, Number of persons, 18113
55-59 years, Total, Total, Caras-Severin, Year 2020, Number of persons, 17187
55-59 years, Total, Total, Caras-Severin, Year 2021, Number of persons, 16352
55-59 years, Total, Total, Caras-Severin, Year 2022, Number of persons, 15291
55-59 years, Total, Total, Caras-Severin, Year 2023, Number of persons, 16651
55-59 years, Total, Total, Caras-Severin, Year 2024, Number of persons, 18377
55-59 years, Total, Total, Hunedoara, Year 2013, Number of persons, 32300
55-59 years, Total, Total, Hunedoara, Year 2014, Number of persons, 32044
55-59 years, Total, Total, Hunedoara, Year 2015, Number of persons, 30798
55-59 years, Total, Total, Hunedoara, Year 2016, Number of persons, 29533
55-59 years, Total, Total, Hunedoara, Year 2017, Number of persons, 28149
55-59 years, Total, Total, Hunedoara, Year 2018, Number of persons, 26899
55-59 years, Total, Total, Hunedoara, Year 2019, Number of persons, 25684
55-59 years, Total, Total, Hunedoara, Year 2020, Number of persons, 24619
55-59 years, Total, Total, Hunedoara, Year 2021, Number of persons, 23422
55-59 years, Total, Total, Hunedoara, Year 2022, Number of persons, 23401
55-59 years, Total, Total, Hunedoara, Year 2023, Number of persons, 26443
55-59 years, Total, Total, Hunedoara, Year 2024, Number of persons, 30041
55-59 years, Total, Total, Timis, Year 2013, Number of persons, 50399
55-59 years, Total, Total, Timis, Year 2014, Number of persons, 50904
55-59 years, Total, Total, Timis, Year 2015, Number of persons, 49031
55-59 years, Total, Total, Timis, Year 2016, Number of persons, 46309
55-59 years, Total, Total, Timis, Year 2017, Number of persons, 43463
55-59 years, Total, Total, Timis, Year 2018, Number of persons, 40471
55-59 years, Total, Total, Timis, Year 2019, Number of persons, 38212
55-59 years, Total, Total, Timis, Year 2020, Number of persons, 36468
55-59 years, Total, Total, Timis, Year 2021, Number of persons, 35061
55-59 years, Total, Total, Timis, Year 2022, Number of persons, 33151
55-59 years, Total, Total, Timis, Year 2023, Number of persons, 37353
55-59 years, Total, Total, Timis, Year 2024, Number of persons, 42606
60-64 years, Total, Total, Bihor, Year 2013, Number of persons, 35514
60-64 years, Total, Total, Bihor, Year 2014, Number of persons, 36019
60-64 years, Total, Total, Bihor, Year 2015, Number of persons, 37001
60-64 years, Total, Total, Bihor, Year 2016, Number of persons, 37803
60-64 years, Total, Total, Bihor, Year 2017, Number of persons, 38238
60-64 years, Total, Total, Bihor, Year 2018, Number of persons, 38445
60-64 years, Total, Total, Bihor, Year 2019, Number of persons, 38752
60-64 years, Total, Total, Bihor, Year 2020, Number of persons, 37860
60-64 years, Total, Total, Bihor, Year 2021, Number of persons, 35766
60-64 years, Total, Total, Bihor, Year 2022, Number of persons, 34576
60-64 years, Total, Total, Bihor, Year 2023, Number of persons, 32386
60-64 years, Total, Total, Bihor, Year 2024, Number of persons, 30346
60-64 years, Total, Total, Bistrita-Nasaud, Year 2013, Number of persons, 17356
60-64 years, Total, Total, Bistrita-Nasaud, Year 2014, Number of persons, 17575
60-64 years, Total, Total, Bistrita-Nasaud, Year 2015, Number of persons, 17731
60-64 years, Total, Total, Bistrita-Nasaud, Year 2016, Number of persons, 18098
60-64 years, Total, Total, Bistrita-Nasaud, Year 2017, Number of persons, 18379
60-64 years, Total, Total, Bistrita-Nasaud, Year 2018, Number of persons, 18393
60-64 years, Total, Total, Bistrita-Nasaud, Year 2019, Number of persons, 18450
60-64 years, Total, Total, Bistrita-Nasaud, Year 2020, Number of persons, 18181
60-64 years, Total, Total, Bistrita-Nasaud, Year 2021, Number of persons, 17598
60-64 years, Total, Total, Bistrita-Nasaud, Year 2022, Number of persons, 18241
60-64 years, Total, Total, Bistrita-Nasaud, Year 2023, Number of persons, 17594
60-64 years, Total, Total, Bistrita-Nasaud, Year 2024, Number of persons, 17364
60-64 years, Total, Total, Cluj, Year 2013, Number of persons, 42743
60-64 years, Total, Total, Cluj, Year 2014, Number of persons, 43583
60-64 years, Total, Total, Cluj, Year 2015, Number of persons, 44222
60-64 years, Total, Total, Cluj, Year 2016, Number of persons, 45232
60-64 years, Total, Total, Cluj, Year 2017, Number of persons, 45763
60-64 years, Total, Total, Cluj, Year 2018, Number of persons, 46010
60-64 years, Total, Total, Cluj, Year 2019, Number of persons, 45925
60-64 years, Total, Total, Cluj, Year 2020, Number of persons, 44610
60-64 years, Total, Total, Cluj, Year 2021, Number of persons, 42188
60-64 years, Total, Total, Cluj, Year 2022, Number of persons, 41368
60-64 years, Total, Total, Cluj, Year 2023, Number of persons, 38848
60-64 years, Total, Total, Cluj, Year 2024, Number of persons, 37164
60-64 years, Total, Total, Maramures, Year 2013, Number of persons, 29168
60-64 years, Total, Total, Maramures, Year 2014, Number of persons, 29679
60-64 years, Total, Total, Maramures, Year 2015, Number of persons, 30110
60-64 years, Total, Total, Maramures, Year 2016, Number of persons, 30492
60-64 years, Total, Total, Maramures, Year 2017, Number of persons, 30392
60-64 years, Total, Total, Maramures, Year 2018, Number of persons, 30472
60-64 years, Total, Total, Maramures, Year 2019, Number of persons, 30372
60-64 years, Total, Total, Maramures, Year 2020, Number of persons, 29920
60-64 years, Total, Total, Maramures, Year 2021, Number of persons, 28772
60-64 years, Total, Total, Maramures, Year 2022, Number of persons, 29046
60-64 years, Total, Total, Maramures, Year 2023, Number of persons, 27939
60-64 years, Total, Total, Maramures, Year 2024, Number of persons, 27092
60-64 years, Total, Total, Satu Mare, Year 2013, Number of persons, 21405
60-64 years, Total, Total, Satu Mare, Year 2014, Number of persons, 21762
60-64 years, Total, Total, Satu Mare, Year 2015, Number of persons, 21979
60-64 years, Total, Total, Satu Mare, Year 2016, Number of persons, 22046
60-64 years, Total, Total, Satu Mare, Year 2017, Number of persons, 22081
60-64 years, Total, Total, Satu Mare, Year 2018, Number of persons, 21941
60-64 years, Total, Total, Satu Mare, Year 2019, Number of persons, 21764
60-64 years, Total, Total, Satu Mare, Year 2020, Number of persons, 21367
60-64 years, Total, Total, Satu Mare, Year 2021, Number of persons, 20519
60-64 years, Total, Total, Satu Mare, Year 2022, Number of persons, 20809
60-64 years, Total, Total, Satu Mare, Year 2023, Number of persons, 19867
60-64 years, Total, Total, Satu Mare, Year 2024, Number of persons, 19286
60-64 years, Total, Total, Salaj, Year 2013, Number of persons, 14501
60-64 years, Total, Total, Salaj, Year 2014, Number of persons, 14569
60-64 years, Total, Total, Salaj, Year 2015, Number of persons, 14507
60-64 years, Total, Total, Salaj, Year 2016, Number of persons, 14334
60-64 years, Total, Total, Salaj, Year 2017, Number of persons, 14208
60-64 years, Total, Total, Salaj, Year 2018, Number of persons, 13964
60-64 years, Total, Total, Salaj, Year 2019, Number of persons, 13889
60-64 years, Total, Total, Salaj, Year 2020, Number of persons, 13670
60-64 years, Total, Total, Salaj, Year 2021, Number of persons, 13353
60-64 years, Total, Total, Salaj, Year 2022, Number of persons, 13597
60-64 years, Total, Total, Salaj, Year 2023, Number of persons, 13239
60-64 years, Total, Total, Salaj, Year 2024, Number of persons, 12886
60-64 years, Total, Total, Alba, Year 2013, Number of persons, 22923
60-64 years, Total, Total, Alba, Year 2014, Number of persons, 23676
60-64 years, Total, Total, Alba, Year 2015, Number of persons, 24306
60-64 years, Total, Total, Alba, Year 2016, Number of persons, 24962
60-64 years, Total, Total, Alba, Year 2017, Number of persons, 25032
60-64 years, Total, Total, Alba, Year 2018, Number of persons, 25018
60-64 years, Total, Total, Alba, Year 2019, Number of persons, 24582
60-64 years, Total, Total, Alba, Year 2020, Number of persons, 23764
60-64 years, Total, Total, Alba, Year 2021, Number of persons, 22587
60-64 years, Total, Total, Alba, Year 2022, Number of persons, 22827
60-64 years, Total, Total, Alba, Year 2023, Number of persons, 21678
60-64 years, Total, Total, Alba, Year 2024, Number of persons, 21035
60-64 years, Total, Total, Brasov, Year 2013, Number of persons, 37966
60-64 years, Total, Total, Brasov, Year 2014, Number of persons, 40073
60-64 years, Total, Total, Brasov, Year 2015, Number of persons, 41252
60-64 years, Total, Total, Brasov, Year 2016, Number of persons, 42643
60-64 years, Total, Total, Brasov, Year 2017, Number of persons, 43661
60-64 years, Total, Total, Brasov, Year 2018, Number of persons, 43580
60-64 years, Total, Total, Brasov, Year 2019, Number of persons, 42796
60-64 years, Total, Total, Brasov, Year 2020, Number of persons, 40961
60-64 years, Total, Total, Brasov, Year 2021, Number of persons, 38011
60-64 years, Total, Total, Brasov, Year 2022, Number of persons, 37565
60-64 years, Total, Total, Brasov, Year 2023, Number of persons, 34758
60-64 years, Total, Total, Brasov, Year 2024, Number of persons, 32002
60-64 years, Total, Total, Covasna, Year 2013, Number of persons, 13027
60-64 years, Total, Total, Covasna, Year 2014, Number of persons, 13553
60-64 years, Total, Total, Covasna, Year 2015, Number of persons, 13705
60-64 years, Total, Total, Covasna, Year 2016, Number of persons, 13798
60-64 years, Total, Total, Covasna, Year 2017, Number of persons, 13828
60-64 years, Total, Total, Covasna, Year 2018, Number of persons, 13686
60-64 years, Total, Total, Covasna, Year 2019, Number of persons, 13471
60-64 years, Total, Total, Covasna, Year 2020, Number of persons, 13081
60-64 years, Total, Total, Covasna, Year 2021, Number of persons, 12157
60-64 years, Total, Total, Covasna, Year 2022, Number of persons, 11938
60-64 years, Total, Total, Covasna, Year 2023, Number of persons, 11283
60-64 years, Total, Total, Covasna, Year 2024, Number of persons, 10636
60-64 years, Total, Total, Harghita, Year 2013, Number of persons, 19251
60-64 years, Total, Total, Harghita, Year 2014, Number of persons, 19887
60-64 years, Total, Total, Harghita, Year 2015, Number of persons, 19777
60-64 years, Total, Total, Harghita, Year 2016, Number of persons, 19988
60-64 years, Total, Total, Harghita, Year 2017, Number of persons, 20008
60-64 years, Total, Total, Harghita, Year 2018, Number of persons, 19783
60-64 years, Total, Total, Harghita, Year 2019, Number of persons, 19526
60-64 years, Total, Total, Harghita, Year 2020, Number of persons, 18970
60-64 years, Total, Total, Harghita, Year 2021, Number of persons, 17695
60-64 years, Total, Total, Harghita, Year 2022, Number of persons, 17183
60-64 years, Total, Total, Harghita, Year 2023, Number of persons, 16421
60-64 years, Total, Total, Harghita, Year 2024, Number of persons, 15634
60-64 years, Total, Total, Mures, Year 2013, Number of persons, 34166
60-64 years, Total, Total, Mures, Year 2014, Number of persons, 34912
60-64 years, Total, Total, Mures, Year 2015, Number of persons, 35015
60-64 years, Total, Total, Mures, Year 2016, Number of persons, 35605
60-64 years, Total, Total, Mures, Year 2017, Number of persons, 36098
60-64 years, Total, Total, Mures, Year 2018, Number of persons, 36080
60-64 years, Total, Total, Mures, Year 2019, Number of persons, 35739
60-64 years, Total, Total, Mures, Year 2020, Number of persons, 34422
60-64 years, Total, Total, Mures, Year 2021, Number of persons, 32665
60-64 years, Total, Total, Mures, Year 2022, Number of persons, 31698
60-64 years, Total, Total, Mures, Year 2023, Number of persons, 29778
60-64 years, Total, Total, Mures, Year 2024, Number of persons, 28329
60-64 years, Total, Total, Sibiu, Year 2013, Number of persons, 25111
60-64 years, Total, Total, Sibiu, Year 2014, Number of persons, 26120
60-64 years, Total, Total, Sibiu, Year 2015, Number of persons, 26818
60-64 years, Total, Total, Sibiu, Year 2016, Number of persons, 27512
60-64 years, Total, Total, Sibiu, Year 2017, Number of persons, 28049
60-64 years, Total, Total, Sibiu, Year 2018, Number of persons, 28399
60-64 years, Total, Total, Sibiu, Year 2019, Number of persons, 27884
60-64 years, Total, Total, Sibiu, Year 2020, Number of persons, 26845
60-64 years, Total, Total, Sibiu, Year 2021, Number of persons, 25266
60-64 years, Total, Total, Sibiu, Year 2022, Number of persons, 24897
60-64 years, Total, Total, Sibiu, Year 2023, Number of persons, 23324
60-64 years, Total, Total, Sibiu, Year 2024, Number of persons, 22059
60-64 years, Total, Total, Bacau, Year 2013, Number of persons, 40131
60-64 years, Total, Total, Bacau, Year 2014, Number of persons, 40829
60-64 years, Total, Total, Bacau, Year 2015, Number of persons, 40296
60-64 years, Total, Total, Bacau, Year 2016, Number of persons, 40752
60-64 years, Total, Total, Bacau, Year 2017, Number of persons, 41016
60-64 years, Total, Total, Bacau, Year 2018, Number of persons, 40927
60-64 years, Total, Total, Bacau, Year 2019, Number of persons, 40427
60-64 years, Total, Total, Bacau, Year 2020, Number of persons, 39513
60-64 years, Total, Total, Bacau, Year 2021, Number of persons, 37531
60-64 years, Total, Total, Bacau, Year 2022, Number of persons, 39755
60-64 years, Total, Total, Bacau, Year 2023, Number of persons, 37410
60-64 years, Total, Total, Bacau, Year 2024, Number of persons, 35247
60-64 years, Total, Total, Botosani, Year 2013, Number of persons, 24978
60-64 years, Total, Total, Botosani, Year 2014, Number of persons, 24681
60-64 years, Total, Total, Botosani, Year 2015, Number of persons, 24185
60-64 years, Total, Total, Botosani, Year 2016, Number of persons, 24023
60-64 years, Total, Total, Botosani, Year 2017, Number of persons, 23758
60-64 years, Total, Total, Botosani, Year 2018, Number of persons, 23519
60-64 years, Total, Total, Botosani, Year 2019, Number of persons, 23585
60-64 years, Total, Total, Botosani, Year 2020, Number of persons, 22902
60-64 years, Total, Total, Botosani, Year 2021, Number of persons, 21906
60-64 years, Total, Total, Botosani, Year 2022, Number of persons, 22837
60-64 years, Total, Total, Botosani, Year 2023, Number of persons, 21836
60-64 years, Total, Total, Botosani, Year 2024, Number of persons, 20997
60-64 years, Total, Total, Iasi, Year 2013, Number of persons, 46846
60-64 years, Total, Total, Iasi, Year 2014, Number of persons, 47586
60-64 years, Total, Total, Iasi, Year 2015, Number of persons, 46587
60-64 years, Total, Total, Iasi, Year 2016, Number of persons, 46918
60-64 years, Total, Total, Iasi, Year 2017, Number of persons, 46906
60-64 years, Total, Total, Iasi, Year 2018, Number of persons, 46879
60-64 years, Total, Total, Iasi, Year 2019, Number of persons, 46475
60-64 years, Total, Total, Iasi, Year 2020, Number of persons, 45092
60-64 years, Total, Total, Iasi, Year 2021, Number of persons, 42565
60-64 years, Total, Total, Iasi, Year 2022, Number of persons, 42067
60-64 years, Total, Total, Iasi, Year 2023, Number of persons, 39073
60-64 years, Total, Total, Iasi, Year 2024, Number of persons, 36274
60-64 years, Total, Total, Neamt, Year 2013, Number of persons, 31916
60-64 years, Total, Total, Neamt, Year 2014, Number of persons, 32109
60-64 years, Total, Total, Neamt, Year 2015, Number of persons, 31391
60-64 years, Total, Total, Neamt, Year 2016, Number of persons, 31553
60-64 years, Total, Total, Neamt, Year 2017, Number of persons, 31602
60-64 years, Total, Total, Neamt, Year 2018, Number of persons, 31032
60-64 years, Total, Total, Neamt, Year 2019, Number of persons, 30541
60-64 years, Total, Total, Neamt, Year 2020, Number of persons, 29670
60-64 years, Total, Total, Neamt, Year 2021, Number of persons, 28044
60-64 years, Total, Total, Neamt, Year 2022, Number of persons, 30802
60-64 years, Total, Total, Neamt, Year 2023, Number of persons, 29090
60-64 years, Total, Total, Neamt, Year 2024, Number of persons, 27343
60-64 years, Total, Total, Suceava, Year 2013, Number of persons, 38383
60-64 years, Total, Total, Suceava, Year 2014, Number of persons, 38894
60-64 years, Total, Total, Suceava, Year 2015, Number of persons, 38273
60-64 years, Total, Total, Suceava, Year 2016, Number of persons, 38493
60-64 years, Total, Total, Suceava, Year 2017, Number of persons, 38260
60-64 years, Total, Total, Suceava, Year 2018, Number of persons, 37780
60-64 years, Total, Total, Suceava, Year 2019, Number of persons, 37743
60-64 years, Total, Total, Suceava, Year 2020, Number of persons, 37134
60-64 years, Total, Total, Suceava, Year 2021, Number of persons, 35553
60-64 years, Total, Total, Suceava, Year 2022, Number of persons, 36869
60-64 years, Total, Total, Suceava, Year 2023, Number of persons, 35519
60-64 years, Total, Total, Suceava, Year 2024, Number of persons, 33813
60-64 years, Total, Total, Vaslui, Year 2013, Number of persons, 25167
60-64 years, Total, Total, Vaslui, Year 2014, Number of persons, 25110
60-64 years, Total, Total, Vaslui, Year 2015, Number of persons, 24581
60-64 years, Total, Total, Vaslui, Year 2016, Number of persons, 24762
60-64 years, Total, Total, Vaslui, Year 2017, Number of persons, 24613
60-64 years, Total, Total, Vaslui, Year 2018, Number of persons, 24740
60-64 years, Total, Total, Vaslui, Year 2019, Number of persons, 24629
60-64 years, Total, Total, Vaslui, Year 2020, Number of persons, 24018
60-64 years, Total, Total, Vaslui, Year 2021, Number of persons, 22628
60-64 years, Total, Total, Vaslui, Year 2022, Number of persons, 23235
60-64 years, Total, Total, Vaslui, Year 2023, Number of persons, 21753
60-64 years, Total, Total, Vaslui, Year 2024, Number of persons, 20708
60-64 years, Total, Total, Braila, Year 2013, Number of persons, 22906
60-64 years, Total, Total, Braila, Year 2014, Number of persons, 23351
60-64 years, Total, Total, Braila, Year 2015, Number of persons, 22716
60-64 years, Total, Total, Braila, Year 2016, Number of persons, 23171
60-64 years, Total, Total, Braila, Year 2017, Number of persons, 23186
60-64 years, Total, Total, Braila, Year 2018, Number of persons, 23024
60-64 years, Total, Total, Braila, Year 2019, Number of persons, 22735
60-64 years, Total, Total, Braila, Year 2020, Number of persons, 21696
60-64 years, Total, Total, Braila, Year 2021, Number of persons, 20256
60-64 years, Total, Total, Braila, Year 2022, Number of persons, 20476
60-64 years, Total, Total, Braila, Year 2023, Number of persons, 18902
60-64 years, Total, Total, Braila, Year 2024, Number of persons, 17528
60-64 years, Total, Total, Buzau, Year 2013, Number of persons, 30509
60-64 years, Total, Total, Buzau, Year 2014, Number of persons, 31552
60-64 years, Total, Total, Buzau, Year 2015, Number of persons, 30921
60-64 years, Total, Total, Buzau, Year 2016, Number of persons, 31291
60-64 years, Total, Total, Buzau, Year 2017, Number of persons, 31132
60-64 years, Total, Total, Buzau, Year 2018, Number of persons, 30994
60-64 years, Total, Total, Buzau, Year 2019, Number of persons, 30889
60-64 years, Total, Total, Buzau, Year 2020, Number of persons, 30106
60-64 years, Total, Total, Buzau, Year 2021, Number of persons, 28953
60-64 years, Total, Total, Buzau, Year 2022, Number of persons, 29122
60-64 years, Total, Total, Buzau, Year 2023, Number of persons, 27322
60-64 years, Total, Total, Buzau, Year 2024, Number of persons, 25217
60-64 years, Total, Total, Constanta, Year 2013, Number of persons, 46566
60-64 years, Total, Total, Constanta, Year 2014, Number of persons, 48539
60-64 years, Total, Total, Constanta, Year 2015, Number of persons, 47918
60-64 years, Total, Total, Constanta, Year 2016, Number of persons, 49041
60-64 years, Total, Total, Constanta, Year 2017, Number of persons, 49956
60-64 years, Total, Total, Constanta, Year 2018, Number of persons, 49771
60-64 years, Total, Total, Constanta, Year 2019, Number of persons, 49249
60-64 years, Total, Total, Constanta, Year 2020, Number of persons, 47385
60-64 years, Total, Total, Constanta, Year 2021, Number of persons, 44210
60-64 years, Total, Total, Constanta, Year 2022, Number of persons, 43215
60-64 years, Total, Total, Constanta, Year 2023, Number of persons, 40202
60-64 years, Total, Total, Constanta, Year 2024, Number of persons, 37826
60-64 years, Total, Total, Galati, Year 2013, Number of persons, 36422
60-64 years, Total, Total, Galati, Year 2014, Number of persons, 37762
60-64 years, Total, Total, Galati, Year 2015, Number of persons, 37388
60-64 years, Total, Total, Galati, Year 2016, Number of persons, 38182
60-64 years, Total, Total, Galati, Year 2017, Number of persons, 38417
60-64 years, Total, Total, Galati, Year 2018, Number of persons, 38432
60-64 years, Total, Total, Galati, Year 2019, Number of persons, 37636
60-64 years, Total, Total, Galati, Year 2020, Number of persons, 35846
60-64 years, Total, Total, Galati, Year 2021, Number of persons, 33311
60-64 years, Total, Total, Galati, Year 2022, Number of persons, 33142
60-64 years, Total, Total, Galati, Year 2023, Number of persons, 30195
60-64 years, Total, Total, Galati, Year 2024, Number of persons, 28154
60-64 years, Total, Total, Tulcea, Year 2013, Number of persons, 15726
60-64 years, Total, Total, Tulcea, Year 2014, Number of persons, 16270
60-64 years, Total, Total, Tulcea, Year 2015, Number of persons, 16013
60-64 years, Total, Total, Tulcea, Year 2016, Number of persons, 16215
60-64 years, Total, Total, Tulcea, Year 2017, Number of persons, 16284
60-64 years, Total, Total, Tulcea, Year 2018, Number of persons, 16282
60-64 years, Total, Total, Tulcea, Year 2019, Number of persons, 15757
60-64 years, Total, Total, Tulcea, Year 2020, Number of persons, 14851
60-64 years, Total, Total, Tulcea, Year 2021, Number of persons, 13640
60-64 years, Total, Total, Tulcea, Year 2022, Number of persons, 13865
60-64 years, Total, Total, Tulcea, Year 2023, Number of persons, 12939
60-64 years, Total, Total, Tulcea, Year 2024, Number of persons, 12389
60-64 years, Total, Total, Vrancea, Year 2013, Number of persons, 23220
60-64 years, Total, Total, Vrancea, Year 2014, Number of persons, 23781
60-64 years, Total, Total, Vrancea, Year 2015, Number of persons, 23185
60-64 years, Total, Total, Vrancea, Year 2016, Number of persons, 23327
60-64 years, Total, Total, Vrancea, Year 2017, Number of persons, 23214
60-64 years, Total, Total, Vrancea, Year 2018, Number of persons, 22686
60-64 years, Total, Total, Vrancea, Year 2019, Number of persons, 22563
60-64 years, Total, Total, Vrancea, Year 2020, Number of persons, 21872
60-64 years, Total, Total, Vrancea, Year 2021, Number of persons, 20756
60-64 years, Total, Total, Vrancea, Year 2022, Number of persons, 21381
60-64 years, Total, Total, Vrancea, Year 2023, Number of persons, 20298
60-64 years, Total, Total, Vrancea, Year 2024, Number of persons, 19086
60-64 years, Total, Total, Arges, Year 2013, Number of persons, 40280
60-64 years, Total, Total, Arges, Year 2014, Number of persons, 41218
60-64 years, Total, Total, Arges, Year 2015, Number of persons, 41080
60-64 years, Total, Total, Arges, Year 2016, Number of persons, 41413
60-64 years, Total, Total, Arges, Year 2017, Number of persons, 41555
60-64 years, Total, Total, Arges, Year 2018, Number of persons, 41310
60-64 years, Total, Total, Arges, Year 2019, Number of persons, 40890
60-64 years, Total, Total, Arges, Year 2020, Number of persons, 39515
60-64 years, Total, Total, Arges, Year 2021, Number of persons, 37870
60-64 years, Total, Total, Arges, Year 2022, Number of persons, 37247
60-64 years, Total, Total, Arges, Year 2023, Number of persons, 35614
60-64 years, Total, Total, Arges, Year 2024, Number of persons, 33561
60-64 years, Total, Total, Calarasi, Year 2013, Number of persons, 19734
60-64 years, Total, Total, Calarasi, Year 2014, Number of persons, 20048
60-64 years, Total, Total, Calarasi, Year 2015, Number of persons, 19010
60-64 years, Total, Total, Calarasi, Year 2016, Number of persons, 19015
60-64 years, Total, Total, Calarasi, Year 2017, Number of persons, 19064
60-64 years, Total, Total, Calarasi, Year 2018, Number of persons, 18909
60-64 years, Total, Total, Calarasi, Year 2019, Number of persons, 18956
60-64 years, Total, Total, Calarasi, Year 2020, Number of persons, 18422
60-64 years, Total, Total, Calarasi, Year 2021, Number of persons, 17678
60-64 years, Total, Total, Calarasi, Year 2022, Number of persons, 17557
60-64 years, Total, Total, Calarasi, Year 2023, Number of persons, 16349
60-64 years, Total, Total, Calarasi, Year 2024, Number of persons, 15359
60-64 years, Total, Total, Dambovita, Year 2013, Number of persons, 32707
60-64 years, Total, Total, Dambovita, Year 2014, Number of persons, 33570
60-64 years, Total, Total, Dambovita, Year 2015, Number of persons, 32796
60-64 years, Total, Total, Dambovita, Year 2016, Number of persons, 33036
60-64 years, Total, Total, Dambovita, Year 2017, Number of persons, 33171
60-64 years, Total, Total, Dambovita, Year 2018, Number of persons, 32658
60-64 years, Total, Total, Dambovita, Year 2019, Number of persons, 32552
60-64 years, Total, Total, Dambovita, Year 2020, Number of persons, 31848
60-64 years, Total, Total, Dambovita, Year 2021, Number of persons, 30451
60-64 years, Total, Total, Dambovita, Year 2022, Number of persons, 30162
60-64 years, Total, Total, Dambovita, Year 2023, Number of persons, 28509
60-64 years, Total, Total, Dambovita, Year 2024, Number of persons, 26919
60-64 years, Total, Total, Giurgiu, Year 2013, Number of persons, 18759
60-64 years, Total, Total, Giurgiu, Year 2014, Number of persons, 18432
60-64 years, Total, Total, Giurgiu, Year 2015, Number of persons, 17599
60-64 years, Total, Total, Giurgiu, Year 2016, Number of persons, 17393
60-64 years, Total, Total, Giurgiu, Year 2017, Number of persons, 17413
60-64 years, Total, Total, Giurgiu, Year 2018, Number of persons, 16762
60-64 years, Total, Total, Giurgiu, Year 2019, Number of persons, 16589
60-64 years, Total, Total, Giurgiu, Year 2020, Number of persons, 16198
60-64 years, Total, Total, Giurgiu, Year 2021, Number of persons, 15652
60-64 years, Total, Total, Giurgiu, Year 2022, Number of persons, 15838
60-64 years, Total, Total, Giurgiu, Year 2023, Number of persons, 14956
60-64 years, Total, Total, Giurgiu, Year 2024, Number of persons, 14246
60-64 years, Total, Total, Ialomita, Year 2013, Number of persons, 17539
60-64 years, Total, Total, Ialomita, Year 2014, Number of persons, 18029
60-64 years, Total, Total, Ialomita, Year 2015, Number of persons, 17758
60-64 years, Total, Total, Ialomita, Year 2016, Number of persons, 17841
60-64 years, Total, Total, Ialomita, Year 2017, Number of persons, 17827
60-64 years, Total, Total, Ialomita, Year 2018, Number of persons, 17469
60-64 years, Total, Total, Ialomita, Year 2019, Number of persons, 17308
60-64 years, Total, Total, Ialomita, Year 2020, Number of persons, 16677
60-64 years, Total, Total, Ialomita, Year 2021, Number of persons, 15726
60-64 years, Total, Total, Ialomita, Year 2022, Number of persons, 15618
60-64 years, Total, Total, Ialomita, Year 2023, Number of persons, 14582
60-64 years, Total, Total, Ialomita, Year 2024, Number of persons, 13897
60-64 years, Total, Total, Prahova, Year 2013, Number of persons, 49921
60-64 years, Total, Total, Prahova, Year 2014, Number of persons, 52401
60-64 years, Total, Total, Prahova, Year 2015, Number of persons, 51715
60-64 years, Total, Total, Prahova, Year 2016, Number of persons, 52640
60-64 years, Total, Total, Prahova, Year 2017, Number of persons, 53033
60-64 years, Total, Total, Prahova, Year 2018, Number of persons, 52318
60-64 years, Total, Total, Prahova, Year 2019, Number of persons, 51018
60-64 years, Total, Total, Prahova, Year 2020, Number of persons, 49476
60-64 years, Total, Total, Prahova, Year 2021, Number of persons, 46597
60-64 years, Total, Total, Prahova, Year 2022, Number of persons, 46370
60-64 years, Total, Total, Prahova, Year 2023, Number of persons, 43935
60-64 years, Total, Total, Prahova, Year 2024, Number of persons, 41172
60-64 years, Total, Total, Teleorman, Year 2013, Number of persons, 29313
60-64 years, Total, Total, Teleorman, Year 2014, Number of persons, 28321
60-64 years, Total, Total, Teleorman, Year 2015, Number of persons, 27115
60-64 years, Total, Total, Teleorman, Year 2016, Number of persons, 26375
60-64 years, Total, Total, Teleorman, Year 2017, Number of persons, 25816
60-64 years, Total, Total, Teleorman, Year 2018, Number of persons, 24135
60-64 years, Total, Total, Teleorman, Year 2019, Number of persons, 23584
60-64 years, Total, Total, Teleorman, Year 2020, Number of persons, 22595
60-64 years, Total, Total, Teleorman, Year 2021, Number of persons, 21646
60-64 years, Total, Total, Teleorman, Year 2022, Number of persons, 21467
60-64 years, Total, Total, Teleorman, Year 2023, Number of persons, 20512
60-64 years, Total, Total, Teleorman, Year 2024, Number of persons, 19317
60-64 years, Total, Total, Ilfov, Year 2013, Number of persons, 22717
60-64 years, Total, Total, Ilfov, Year 2014, Number of persons, 23941
60-64 years, Total, Total, Ilfov, Year 2015, Number of persons, 24283
60-64 years, Total, Total, Ilfov, Year 2016, Number of persons, 25224
60-64 years, Total, Total, Ilfov, Year 2017, Number of persons, 26205
60-64 years, Total, Total, Ilfov, Year 2018, Number of persons, 26701
60-64 years, Total, Total, Ilfov, Year 2019, Number of persons, 27151
60-64 years, Total, Total, Ilfov, Year 2020, Number of persons, 26735
60-64 years, Total, Total, Ilfov, Year 2021, Number of persons, 26224
60-64 years, Total, Total, Ilfov, Year 2022, Number of persons, 25941
60-64 years, Total, Total, Ilfov, Year 2023, Number of persons, 24910
60-64 years, Total, Total, Ilfov, Year 2024, Number of persons, 24288
60-64 years, Total, Total, Bucharest Municipality, Year 2013, Number of persons, 119866
60-64 years, Total, Total, Bucharest Municipality, Year 2014, Number of persons, 125159
60-64 years, Total, Total, Bucharest Municipality, Year 2015, Number of persons, 127005
60-64 years, Total, Total, Bucharest Municipality, Year 2016, Number of persons, 130819
60-64 years, Total, Total, Bucharest Municipality, Year 2017, Number of persons, 131777
60-64 years, Total, Total, Bucharest Municipality, Year 2018, Number of persons, 131503
60-64 years, Total, Total, Bucharest Municipality, Year 2019, Number of persons, 129618
60-64 years, Total, Total, Bucharest Municipality, Year 2020, Number of persons, 122867
60-64 years, Total, Total, Bucharest Municipality, Year 2021, Number of persons, 112215
60-64 years, Total, Total, Bucharest Municipality, Year 2022, Number of persons, 104036
60-64 years, Total, Total, Bucharest Municipality, Year 2023, Number of persons, 94924
60-64 years, Total, Total, Bucharest Municipality, Year 2024, Number of persons, 86993
60-64 years, Total, Total, Dolj, Year 2013, Number of persons, 43177
60-64 years, Total, Total, Dolj, Year 2014, Number of persons, 42600
60-64 years, Total, Total, Dolj, Year 2015, Number of persons, 42336
60-64 years, Total, Total, Dolj, Year 2016, Number of persons, 42851
60-64 years, Total, Total, Dolj, Year 2017, Number of persons, 43771
60-64 years, Total, Total, Dolj, Year 2018, Number of persons, 43900
60-64 years, Total, Total, Dolj, Year 2019, Number of persons, 43984
60-64 years, Total, Total, Dolj, Year 2020, Number of persons, 42797
60-64 years, Total, Total, Dolj, Year 2021, Number of persons, 41130
60-64 years, Total, Total, Dolj, Year 2022, Number of persons, 40284
60-64 years, Total, Total, Dolj, Year 2023, Number of persons, 38191
60-64 years, Total, Total, Dolj, Year 2024, Number of persons, 35915
60-64 years, Total, Total, Gorj, Year 2013, Number of persons, 19957
60-64 years, Total, Total, Gorj, Year 2014, Number of persons, 20115
60-64 years, Total, Total, Gorj, Year 2015, Number of persons, 19973
60-64 years, Total, Total, Gorj, Year 2016, Number of persons, 20452
60-64 years, Total, Total, Gorj, Year 2017, Number of persons, 21456
60-64 years, Total, Total, Gorj, Year 2018, Number of persons, 21640
60-64 years, Total, Total, Gorj, Year 2019, Number of persons, 21999
60-64 years, Total, Total, Gorj, Year 2020, Number of persons, 21671
60-64 years, Total, Total, Gorj, Year 2021, Number of persons, 21461
60-64 years, Total, Total, Gorj, Year 2022, Number of persons, 21577
60-64 years, Total, Total, Gorj, Year 2023, Number of persons, 20664
60-64 years, Total, Total, Gorj, Year 2024, Number of persons, 19735
60-64 years, Total, Total, Mehedinti, Year 2013, Number of persons, 17952
60-64 years, Total, Total, Mehedinti, Year 2014, Number of persons, 17732
60-64 years, Total, Total, Mehedinti, Year 2015, Number of persons, 17364
60-64 years, Total, Total, Mehedinti, Year 2016, Number of persons, 17478
60-64 years, Total, Total, Mehedinti, Year 2017, Number of persons, 18029
60-64 years, Total, Total, Mehedinti, Year 2018, Number of persons, 18249
60-64 years, Total, Total, Mehedinti, Year 2019, Number of persons, 18137
60-64 years, Total, Total, Mehedinti, Year 2020, Number of persons, 17833
60-64 years, Total, Total, Mehedinti, Year 2021, Number of persons, 17342
60-64 years, Total, Total, Mehedinti, Year 2022, Number of persons, 17120
60-64 years, Total, Total, Mehedinti, Year 2023, Number of persons, 16264
60-64 years, Total, Total, Mehedinti, Year 2024, Number of persons, 15488
60-64 years, Total, Total, Olt, Year 2013, Number of persons, 29575
60-64 years, Total, Total, Olt, Year 2014, Number of persons, 28798
60-64 years, Total, Total, Olt, Year 2015, Number of persons, 28307
60-64 years, Total, Total, Olt, Year 2016, Number of persons, 28425
60-64 years, Total, Total, Olt, Year 2017, Number of persons, 28973
60-64 years, Total, Total, Olt, Year 2018, Number of persons, 28218
60-64 years, Total, Total, Olt, Year 2019, Number of persons, 28304
60-64 years, Total, Total, Olt, Year 2020, Number of persons, 27576
60-64 years, Total, Total, Olt, Year 2021, Number of persons, 26859
60-64 years, Total, Total, Olt, Year 2022, Number of persons, 26688
60-64 years, Total, Total, Olt, Year 2023, Number of persons, 25372
60-64 years, Total, Total, Olt, Year 2024, Number of persons, 24070
60-64 years, Total, Total, Valcea, Year 2013, Number of persons, 24970
60-64 years, Total, Total, Valcea, Year 2014, Number of persons, 25503
60-64 years, Total, Total, Valcea, Year 2015, Number of persons, 25097
60-64 years, Total, Total, Valcea, Year 2016, Number of persons, 25110
60-64 years, Total, Total, Valcea, Year 2017, Number of persons, 25501
60-64 years, Total, Total, Valcea, Year 2018, Number of persons, 25149
60-64 years, Total, Total, Valcea, Year 2019, Number of persons, 24767
60-64 years, Total, Total, Valcea, Year 2020, Number of persons, 24326
60-64 years, Total, Total, Valcea, Year 2021, Number of persons, 23733
60-64 years, Total, Total, Valcea, Year 2022, Number of persons, 23580
60-64 years, Total, Total, Valcea, Year 2023, Number of persons, 22881
60-64 years, Total, Total, Valcea, Year 2024, Number of persons, 21965
60-64 years, Total, Total, Arad, Year 2013, Number of persons, 28940
60-64 years, Total, Total, Arad, Year 2014, Number of persons, 28883
60-64 years, Total, Total, Arad, Year 2015, Number of persons, 29268
60-64 years, Total, Total, Arad, Year 2016, Number of persons, 29862
60-64 years, Total, Total, Arad, Year 2017, Number of persons, 30440
60-64 years, Total, Total, Arad, Year 2018, Number of persons, 30397
60-64 years, Total, Total, Arad, Year 2019, Number of persons, 30327
60-64 years, Total, Total, Arad, Year 2020, Number of persons, 28959
60-64 years, Total, Total, Arad, Year 2021, Number of persons, 26881
60-64 years, Total, Total, Arad, Year 2022, Number of persons, 26109
60-64 years, Total, Total, Arad, Year 2023, Number of persons, 24294
60-64 years, Total, Total, Arad, Year 2024, Number of persons, 22766
60-64 years, Total, Total, Caras-Severin, Year 2013, Number of persons, 21009
60-64 years, Total, Total, Caras-Severin, Year 2014, Number of persons, 21071
60-64 years, Total, Total, Caras-Severin, Year 2015, Number of persons, 21054
60-64 years, Total, Total, Caras-Severin, Year 2016, Number of persons, 21369
60-64 years, Total, Total, Caras-Severin, Year 2017, Number of persons, 21548
60-64 years, Total, Total, Caras-Severin, Year 2018, Number of persons, 21507
60-64 years, Total, Total, Caras-Severin, Year 2019, Number of persons, 21295
60-64 years, Total, Total, Caras-Severin, Year 2020, Number of persons, 20670
60-64 years, Total, Total, Caras-Severin, Year 2021, Number of persons, 19590
60-64 years, Total, Total, Caras-Severin, Year 2022, Number of persons, 19165
60-64 years, Total, Total, Caras-Severin, Year 2023, Number of persons, 17951
60-64 years, Total, Total, Caras-Severin, Year 2024, Number of persons, 16922
60-64 years, Total, Total, Hunedoara, Year 2013, Number of persons, 29019
60-64 years, Total, Total, Hunedoara, Year 2014, Number of persons, 29287
60-64 years, Total, Total, Hunedoara, Year 2015, Number of persons, 29569
60-64 years, Total, Total, Hunedoara, Year 2016, Number of persons, 29873
60-64 years, Total, Total, Hunedoara, Year 2017, Number of persons, 29873
60-64 years, Total, Total, Hunedoara, Year 2018, Number of persons, 29648
60-64 years, Total, Total, Hunedoara, Year 2019, Number of persons, 29482
60-64 years, Total, Total, Hunedoara, Year 2020, Number of persons, 28252
60-64 years, Total, Total, Hunedoara, Year 2021, Number of persons, 26783
60-64 years, Total, Total, Hunedoara, Year 2022, Number of persons, 27197
60-64 years, Total, Total, Hunedoara, Year 2023, Number of persons, 25880
60-64 years, Total, Total, Hunedoara, Year 2024, Number of persons, 24573
60-64 years, Total, Total, Timis, Year 2013, Number of persons, 42600
60-64 years, Total, Total, Timis, Year 2014, Number of persons, 43183
60-64 years, Total, Total, Timis, Year 2015, Number of persons, 44141
60-64 years, Total, Total, Timis, Year 2016, Number of persons, 45510
60-64 years, Total, Total, Timis, Year 2017, Number of persons, 46777
60-64 years, Total, Total, Timis, Year 2018, Number of persons, 47679
60-64 years, Total, Total, Timis, Year 2019, Number of persons, 48107
60-64 years, Total, Total, Timis, Year 2020, Number of persons, 46214
60-64 years, Total, Total, Timis, Year 2021, Number of persons, 43442
60-64 years, Total, Total, Timis, Year 2022, Number of persons, 40878
60-64 years, Total, Total, Timis, Year 2023, Number of persons, 38013
60-64 years, Total, Total, Timis, Year 2024, Number of persons, 35585
65-69 years, Total, Total, Bihor, Year 2013, Number of persons, 26869
65-69 years, Total, Total, Bihor, Year 2014, Number of persons, 28159
65-69 years, Total, Total, Bihor, Year 2015, Number of persons, 28929
65-69 years, Total, Total, Bihor, Year 2016, Number of persons, 30543
65-69 years, Total, Total, Bihor, Year 2017, Number of persons, 31513
65-69 years, Total, Total, Bihor, Year 2018, Number of persons, 32137
65-69 years, Total, Total, Bihor, Year 2019, Number of persons, 32553
65-69 years, Total, Total, Bihor, Year 2020, Number of persons, 33546
65-69 years, Total, Total, Bihor, Year 2021, Number of persons, 34100
65-69 years, Total, Total, Bihor, Year 2022, Number of persons, 35276
65-69 years, Total, Total, Bihor, Year 2023, Number of persons, 35514
65-69 years, Total, Total, Bihor, Year 2024, Number of persons, 35758
65-69 years, Total, Total, Bistrita-Nasaud, Year 2013, Number of persons, 12859
65-69 years, Total, Total, Bistrita-Nasaud, Year 2014, Number of persons, 13527
65-69 years, Total, Total, Bistrita-Nasaud, Year 2015, Number of persons, 14178
65-69 years, Total, Total, Bistrita-Nasaud, Year 2016, Number of persons, 15033
65-69 years, Total, Total, Bistrita-Nasaud, Year 2017, Number of persons, 15407
65-69 years, Total, Total, Bistrita-Nasaud, Year 2018, Number of persons, 15968
65-69 years, Total, Total, Bistrita-Nasaud, Year 2019, Number of persons, 16030
65-69 years, Total, Total, Bistrita-Nasaud, Year 2020, Number of persons, 16156
65-69 years, Total, Total, Bistrita-Nasaud, Year 2021, Number of persons, 16380
65-69 years, Total, Total, Bistrita-Nasaud, Year 2022, Number of persons, 17161
65-69 years, Total, Total, Bistrita-Nasaud, Year 2023, Number of persons, 17370
65-69 years, Total, Total, Bistrita-Nasaud, Year 2024, Number of persons, 17644
65-69 years, Total, Total, Cluj, Year 2013, Number of persons, 32547
65-69 years, Total, Total, Cluj, Year 2014, Number of persons, 33894
65-69 years, Total, Total, Cluj, Year 2015, Number of persons, 35237
65-69 years, Total, Total, Cluj, Year 2016, Number of persons, 37355
65-69 years, Total, Total, Cluj, Year 2017, Number of persons, 38094
65-69 years, Total, Total, Cluj, Year 2018, Number of persons, 39510
65-69 years, Total, Total, Cluj, Year 2019, Number of persons, 40308
65-69 years, Total, Total, Cluj, Year 2020, Number of persons, 40884
65-69 years, Total, Total, Cluj, Year 2021, Number of persons, 41637
65-69 years, Total, Total, Cluj, Year 2022, Number of persons, 43318
65-69 years, Total, Total, Cluj, Year 2023, Number of persons, 43629
65-69 years, Total, Total, Cluj, Year 2024, Number of persons, 43448
65-69 years, Total, Total, Maramures, Year 2013, Number of persons, 22532
65-69 years, Total, Total, Maramures, Year 2014, Number of persons, 23157
65-69 years, Total, Total, Maramures, Year 2015, Number of persons, 23530
65-69 years, Total, Total, Maramures, Year 2016, Number of persons, 24857
65-69 years, Total, Total, Maramures, Year 2017, Number of persons, 25629
65-69 years, Total, Total, Maramures, Year 2018, Number of persons, 26389
65-69 years, Total, Total, Maramures, Year 2019, Number of persons, 26785
65-69 years, Total, Total, Maramures, Year 2020, Number of persons, 27149
65-69 years, Total, Total, Maramures, Year 2021, Number of persons, 27266
65-69 years, Total, Total, Maramures, Year 2022, Number of persons, 27792
65-69 years, Total, Total, Maramures, Year 2023, Number of persons, 28015
65-69 years, Total, Total, Maramures, Year 2024, Number of persons, 28119
65-69 years, Total, Total, Satu Mare, Year 2013, Number of persons, 15509
65-69 years, Total, Total, Satu Mare, Year 2014, Number of persons, 15999
65-69 years, Total, Total, Satu Mare, Year 2015, Number of persons, 16380
65-69 years, Total, Total, Satu Mare, Year 2016, Number of persons, 17557
65-69 years, Total, Total, Satu Mare, Year 2017, Number of persons, 18422
65-69 years, Total, Total, Satu Mare, Year 2018, Number of persons, 19163
65-69 years, Total, Total, Satu Mare, Year 2019, Number of persons, 19413
65-69 years, Total, Total, Satu Mare, Year 2020, Number of persons, 19596
65-69 years, Total, Total, Satu Mare, Year 2021, Number of persons, 19453
65-69 years, Total, Total, Satu Mare, Year 2022, Number of persons, 20142
65-69 years, Total, Total, Satu Mare, Year 2023, Number of persons, 20276
65-69 years, Total, Total, Satu Mare, Year 2024, Number of persons, 20115
65-69 years, Total, Total, Salaj, Year 2013, Number of persons, 11744
65-69 years, Total, Total, Salaj, Year 2014, Number of persons, 12125
65-69 years, Total, Total, Salaj, Year 2015, Number of persons, 12244
65-69 years, Total, Total, Salaj, Year 2016, Number of persons, 12889
65-69 years, Total, Total, Salaj, Year 2017, Number of persons, 13301
65-69 years, Total, Total, Salaj, Year 2018, Number of persons, 13211
65-69 years, Total, Total, Salaj, Year 2019, Number of persons, 13190
65-69 years, Total, Total, Salaj, Year 2020, Number of persons, 13208
65-69 years, Total, Total, Salaj, Year 2021, Number of persons, 13149
65-69 years, Total, Total, Salaj, Year 2022, Number of persons, 13269
65-69 years, Total, Total, Salaj, Year 2023, Number of persons, 13320
65-69 years, Total, Total, Salaj, Year 2024, Number of persons, 13297
65-69 years, Total, Total, Alba, Year 2013, Number of persons, 17014
65-69 years, Total, Total, Alba, Year 2014, Number of persons, 17936
65-69 years, Total, Total, Alba, Year 2015, Number of persons, 18697
65-69 years, Total, Total, Alba, Year 2016, Number of persons, 19784
65-69 years, Total, Total, Alba, Year 2017, Number of persons, 20393
65-69 years, Total, Total, Alba, Year 2018, Number of persons, 20992
65-69 years, Total, Total, Alba, Year 2019, Number of persons, 21655
65-69 years, Total, Total, Alba, Year 2020, Number of persons, 22250
65-69 years, Total, Total, Alba, Year 2021, Number of persons, 22740
65-69 years, Total, Total, Alba, Year 2022, Number of persons, 23536
65-69 years, Total, Total, Alba, Year 2023, Number of persons, 23756
65-69 years, Total, Total, Alba, Year 2024, Number of persons, 23368
65-69 years, Total, Total, Brasov, Year 2013, Number of persons, 22924
65-69 years, Total, Total, Brasov, Year 2014, Number of persons, 24655
65-69 years, Total, Total, Brasov, Year 2015, Number of persons, 27125
65-69 years, Total, Total, Brasov, Year 2016, Number of persons, 30113
65-69 years, Total, Total, Brasov, Year 2017, Number of persons, 32300
65-69 years, Total, Total, Brasov, Year 2018, Number of persons, 34830
65-69 years, Total, Total, Brasov, Year 2019, Number of persons, 36641
65-69 years, Total, Total, Brasov, Year 2020, Number of persons, 37814
65-69 years, Total, Total, Brasov, Year 2021, Number of persons, 38858
65-69 years, Total, Total, Brasov, Year 2022, Number of persons, 41637
65-69 years, Total, Total, Brasov, Year 2023, Number of persons, 41952
65-69 years, Total, Total, Brasov, Year 2024, Number of persons, 41667
65-69 years, Total, Total, Covasna, Year 2013, Number of persons, 9574
65-69 years, Total, Total, Covasna, Year 2014, Number of persons, 9357
65-69 years, Total, Total, Covasna, Year 2015, Number of persons, 9578
65-69 years, Total, Total, Covasna, Year 2016, Number of persons, 10404
65-69 years, Total, Total, Covasna, Year 2017, Number of persons, 11123
65-69 years, Total, Total, Covasna, Year 2018, Number of persons, 11901
65-69 years, Total, Total, Covasna, Year 2019, Number of persons, 12230
65-69 years, Total, Total, Covasna, Year 2020, Number of persons, 12324
65-69 years, Total, Total, Covasna, Year 2021, Number of persons, 12352
65-69 years, Total, Total, Covasna, Year 2022, Number of persons, 12986
65-69 years, Total, Total, Covasna, Year 2023, Number of persons, 12849
65-69 years, Total, Total, Covasna, Year 2024, Number of persons, 12768
65-69 years, Total, Total, Harghita, Year 2013, Number of persons, 14909
65-69 years, Total, Total, Harghita, Year 2014, Number of persons, 14751
65-69 years, Total, Total, Harghita, Year 2015, Number of persons, 15126
65-69 years, Total, Total, Harghita, Year 2016, Number of persons, 16194
65-69 years, Total, Total, Harghita, Year 2017, Number of persons, 16889
65-69 years, Total, Total, Harghita, Year 2018, Number of persons, 17646
65-69 years, Total, Total, Harghita, Year 2019, Number of persons, 18139
65-69 years, Total, Total, Harghita, Year 2020, Number of persons, 18047
65-69 years, Total, Total, Harghita, Year 2021, Number of persons, 18142
65-69 years, Total, Total, Harghita, Year 2022, Number of persons, 18514
65-69 years, Total, Total, Harghita, Year 2023, Number of persons, 18245
65-69 years, Total, Total, Harghita, Year 2024, Number of persons, 18192
65-69 years, Total, Total, Mures, Year 2013, Number of persons, 26210
65-69 years, Total, Total, Mures, Year 2014, Number of persons, 26678
65-69 years, Total, Total, Mures, Year 2015, Number of persons, 27834
65-69 years, Total, Total, Mures, Year 2016, Number of persons, 29486
65-69 years, Total, Total, Mures, Year 2017, Number of persons, 30079
65-69 years, Total, Total, Mures, Year 2018, Number of persons, 31185
65-69 years, Total, Total, Mures, Year 2019, Number of persons, 31760
65-69 years, Total, Total, Mures, Year 2020, Number of persons, 31783
65-69 years, Total, Total, Mures, Year 2021, Number of persons, 32156
65-69 years, Total, Total, Mures, Year 2022, Number of persons, 33522
65-69 years, Total, Total, Mures, Year 2023, Number of persons, 33589
65-69 years, Total, Total, Mures, Year 2024, Number of persons, 33241
65-69 years, Total, Total, Sibiu, Year 2013, Number of persons, 17164
65-69 years, Total, Total, Sibiu, Year 2014, Number of persons, 18330
65-69 years, Total, Total, Sibiu, Year 2015, Number of persons, 19500
65-69 years, Total, Total, Sibiu, Year 2016, Number of persons, 21220
65-69 years, Total, Total, Sibiu, Year 2017, Number of persons, 22260
65-69 years, Total, Total, Sibiu, Year 2018, Number of persons, 22908
65-69 years, Total, Total, Sibiu, Year 2019, Number of persons, 23854
65-69 years, Total, Total, Sibiu, Year 2020, Number of persons, 24595
65-69 years, Total, Total, Sibiu, Year 2021, Number of persons, 25064
65-69 years, Total, Total, Sibiu, Year 2022, Number of persons, 26769
65-69 years, Total, Total, Sibiu, Year 2023, Number of persons, 27085
65-69 years, Total, Total, Sibiu, Year 2024, Number of persons, 26786
65-69 years, Total, Total, Bacau, Year 2013, Number of persons, 26920
65-69 years, Total, Total, Bacau, Year 2014, Number of persons, 28330
65-69 years, Total, Total, Bacau, Year 2015, Number of persons, 30739
65-69 years, Total, Total, Bacau, Year 2016, Number of persons, 32957
65-69 years, Total, Total, Bacau, Year 2017, Number of persons, 34395
65-69 years, Total, Total, Bacau, Year 2018, Number of persons, 36310
65-69 years, Total, Total, Bacau, Year 2019, Number of persons, 36648
65-69 years, Total, Total, Bacau, Year 2020, Number of persons, 36198
65-69 years, Total, Total, Bacau, Year 2021, Number of persons, 36320
65-69 years, Total, Total, Bacau, Year 2022, Number of persons, 39056
65-69 years, Total, Total, Bacau, Year 2023, Number of persons, 39272
65-69 years, Total, Total, Bacau, Year 2024, Number of persons, 39441
65-69 years, Total, Total, Botosani, Year 2013, Number of persons, 16090
65-69 years, Total, Total, Botosani, Year 2014, Number of persons, 16885
65-69 years, Total, Total, Botosani, Year 2015, Number of persons, 18457
65-69 years, Total, Total, Botosani, Year 2016, Number of persons, 20622
65-69 years, Total, Total, Botosani, Year 2017, Number of persons, 21303
65-69 years, Total, Total, Botosani, Year 2018, Number of persons, 22524
65-69 years, Total, Total, Botosani, Year 2019, Number of persons, 22059
65-69 years, Total, Total, Botosani, Year 2020, Number of persons, 21632
65-69 years, Total, Total, Botosani, Year 2021, Number of persons, 21404
65-69 years, Total, Total, Botosani, Year 2022, Number of persons, 21884
65-69 years, Total, Total, Botosani, Year 2023, Number of persons, 22060
65-69 years, Total, Total, Botosani, Year 2024, Number of persons, 22264
65-69 years, Total, Total, Iasi, Year 2013, Number of persons, 26614
65-69 years, Total, Total, Iasi, Year 2014, Number of persons, 29483
65-69 years, Total, Total, Iasi, Year 2015, Number of persons, 33637
65-69 years, Total, Total, Iasi, Year 2016, Number of persons, 38109
65-69 years, Total, Total, Iasi, Year 2017, Number of persons, 40298
65-69 years, Total, Total, Iasi, Year 2018, Number of persons, 43069
65-69 years, Total, Total, Iasi, Year 2019, Number of persons, 43312
65-69 years, Total, Total, Iasi, Year 2020, Number of persons, 42311
65-69 years, Total, Total, Iasi, Year 2021, Number of persons, 42456
65-69 years, Total, Total, Iasi, Year 2022, Number of persons, 43913
65-69 years, Total, Total, Iasi, Year 2023, Number of persons, 44277
65-69 years, Total, Total, Iasi, Year 2024, Number of persons, 44159
65-69 years, Total, Total, Neamt, Year 2013, Number of persons, 22103
65-69 years, Total, Total, Neamt, Year 2014, Number of persons, 23194
65-69 years, Total, Total, Neamt, Year 2015, Number of persons, 25146
65-69 years, Total, Total, Neamt, Year 2016, Number of persons, 26789
65-69 years, Total, Total, Neamt, Year 2017, Number of persons, 27598
65-69 years, Total, Total, Neamt, Year 2018, Number of persons, 29080
65-69 years, Total, Total, Neamt, Year 2019, Number of persons, 29112
65-69 years, Total, Total, Neamt, Year 2020, Number of persons, 28303
65-69 years, Total, Total, Neamt, Year 2021, Number of persons, 28313
65-69 years, Total, Total, Neamt, Year 2022, Number of persons, 30930
65-69 years, Total, Total, Neamt, Year 2023, Number of persons, 30964
65-69 years, Total, Total, Neamt, Year 2024, Number of persons, 30962
65-69 years, Total, Total, Suceava, Year 2013, Number of persons, 24277
65-69 years, Total, Total, Suceava, Year 2014, Number of persons, 25798
65-69 years, Total, Total, Suceava, Year 2015, Number of persons, 28349
65-69 years, Total, Total, Suceava, Year 2016, Number of persons, 32215
65-69 years, Total, Total, Suceava, Year 2017, Number of persons, 33312
65-69 years, Total, Total, Suceava, Year 2018, Number of persons, 35259
65-69 years, Total, Total, Suceava, Year 2019, Number of persons, 35501
65-69 years, Total, Total, Suceava, Year 2020, Number of persons, 34903
65-69 years, Total, Total, Suceava, Year 2021, Number of persons, 34806
65-69 years, Total, Total, Suceava, Year 2022, Number of persons, 36077
65-69 years, Total, Total, Suceava, Year 2023, Number of persons, 35912
65-69 years, Total, Total, Suceava, Year 2024, Number of persons, 36056
65-69 years, Total, Total, Vaslui, Year 2013, Number of persons, 16966
65-69 years, Total, Total, Vaslui, Year 2014, Number of persons, 17663
65-69 years, Total, Total, Vaslui, Year 2015, Number of persons, 19333
65-69 years, Total, Total, Vaslui, Year 2016, Number of persons, 20993
65-69 years, Total, Total, Vaslui, Year 2017, Number of persons, 21838
65-69 years, Total, Total, Vaslui, Year 2018, Number of persons, 22815
65-69 years, Total, Total, Vaslui, Year 2019, Number of persons, 22529
65-69 years, Total, Total, Vaslui, Year 2020, Number of persons, 22036
65-69 years, Total, Total, Vaslui, Year 2021, Number of persons, 22167
65-69 years, Total, Total, Vaslui, Year 2022, Number of persons, 22580
65-69 years, Total, Total, Vaslui, Year 2023, Number of persons, 23027
65-69 years, Total, Total, Vaslui, Year 2024, Number of persons, 23143
65-69 years, Total, Total, Braila, Year 2013, Number of persons, 14939
65-69 years, Total, Total, Braila, Year 2014, Number of persons, 15569
65-69 years, Total, Total, Braila, Year 2015, Number of persons, 17314
65-69 years, Total, Total, Braila, Year 2016, Number of persons, 18757
65-69 years, Total, Total, Braila, Year 2017, Number of persons, 19628
65-69 years, Total, Total, Braila, Year 2018, Number of persons, 20670
65-69 years, Total, Total, Braila, Year 2019, Number of persons, 20905
65-69 years, Total, Total, Braila, Year 2020, Number of persons, 20260
65-69 years, Total, Total, Braila, Year 2021, Number of persons, 20567
65-69 years, Total, Total, Braila, Year 2022, Number of persons, 21555
65-69 years, Total, Total, Braila, Year 2023, Number of persons, 21511
65-69 years, Total, Total, Braila, Year 2024, Number of persons, 21456
65-69 years, Total, Total, Buzau, Year 2013, Number of persons, 21198
65-69 years, Total, Total, Buzau, Year 2014, Number of persons, 21393
65-69 years, Total, Total, Buzau, Year 2015, Number of persons, 23471
65-69 years, Total, Total, Buzau, Year 2016, Number of persons, 25017
65-69 years, Total, Total, Buzau, Year 2017, Number of persons, 26224
65-69 years, Total, Total, Buzau, Year 2018, Number of persons, 27817
65-69 years, Total, Total, Buzau, Year 2019, Number of persons, 28629
65-69 years, Total, Total, Buzau, Year 2020, Number of persons, 27966
65-69 years, Total, Total, Buzau, Year 2021, Number of persons, 28271
65-69 years, Total, Total, Buzau, Year 2022, Number of persons, 28946
65-69 years, Total, Total, Buzau, Year 2023, Number of persons, 29080
65-69 years, Total, Total, Buzau, Year 2024, Number of persons, 29237
65-69 years, Total, Total, Constanta, Year 2013, Number of persons, 28866
65-69 years, Total, Total, Constanta, Year 2014, Number of persons, 30189
65-69 years, Total, Total, Constanta, Year 2015, Number of persons, 34137
65-69 years, Total, Total, Constanta, Year 2016, Number of persons, 37768
65-69 years, Total, Total, Constanta, Year 2017, Number of persons, 39769
65-69 years, Total, Total, Constanta, Year 2018, Number of persons, 42161
65-69 years, Total, Total, Constanta, Year 2019, Number of persons, 43712
65-69 years, Total, Total, Constanta, Year 2020, Number of persons, 43033
65-69 years, Total, Total, Constanta, Year 2021, Number of persons, 43799
65-69 years, Total, Total, Constanta, Year 2022, Number of persons, 46592
65-69 years, Total, Total, Constanta, Year 2023, Number of persons, 46878
65-69 years, Total, Total, Constanta, Year 2024, Number of persons, 46344
65-69 years, Total, Total, Galati, Year 2013, Number of persons, 23595
65-69 years, Total, Total, Galati, Year 2014, Number of persons, 24109
65-69 years, Total, Total, Galati, Year 2015, Number of persons, 26917
65-69 years, Total, Total, Galati, Year 2016, Number of persons, 29243
65-69 years, Total, Total, Galati, Year 2017, Number of persons, 30911
65-69 years, Total, Total, Galati, Year 2018, Number of persons, 32918
65-69 years, Total, Total, Galati, Year 2019, Number of persons, 33805
65-69 years, Total, Total, Galati, Year 2020, Number of persons, 33343
65-69 years, Total, Total, Galati, Year 2021, Number of persons, 33831
65-69 years, Total, Total, Galati, Year 2022, Number of persons, 35781
65-69 years, Total, Total, Galati, Year 2023, Number of persons, 36186
65-69 years, Total, Total, Galati, Year 2024, Number of persons, 35654
65-69 years, Total, Total, Tulcea, Year 2013, Number of persons, 9825
65-69 years, Total, Total, Tulcea, Year 2014, Number of persons, 10067
65-69 years, Total, Total, Tulcea, Year 2015, Number of persons, 11419
65-69 years, Total, Total, Tulcea, Year 2016, Number of persons, 12541
65-69 years, Total, Total, Tulcea, Year 2017, Number of persons, 13240
65-69 years, Total, Total, Tulcea, Year 2018, Number of persons, 14050
65-69 years, Total, Total, Tulcea, Year 2019, Number of persons, 14368
65-69 years, Total, Total, Tulcea, Year 2020, Number of persons, 14088
65-69 years, Total, Total, Tulcea, Year 2021, Number of persons, 14291
65-69 years, Total, Total, Tulcea, Year 2022, Number of persons, 15314
65-69 years, Total, Total, Tulcea, Year 2023, Number of persons, 15459
65-69 years, Total, Total, Tulcea, Year 2024, Number of persons, 15206
65-69 years, Total, Total, Vrancea, Year 2013, Number of persons, 15304
65-69 years, Total, Total, Vrancea, Year 2014, Number of persons, 15890
65-69 years, Total, Total, Vrancea, Year 2015, Number of persons, 17591
65-69 years, Total, Total, Vrancea, Year 2016, Number of persons, 19129
65-69 years, Total, Total, Vrancea, Year 2017, Number of persons, 20160
65-69 years, Total, Total, Vrancea, Year 2018, Number of persons, 21419
65-69 years, Total, Total, Vrancea, Year 2019, Number of persons, 21735
65-69 years, Total, Total, Vrancea, Year 2020, Number of persons, 21104
65-69 years, Total, Total, Vrancea, Year 2021, Number of persons, 21211
65-69 years, Total, Total, Vrancea, Year 2022, Number of persons, 22153
65-69 years, Total, Total, Vrancea, Year 2023, Number of persons, 22087
65-69 years, Total, Total, Vrancea, Year 2024, Number of persons, 22103
65-69 years, Total, Total, Arges, Year 2013, Number of persons, 29481
65-69 years, Total, Total, Arges, Year 2014, Number of persons, 30817
65-69 years, Total, Total, Arges, Year 2015, Number of persons, 32832
65-69 years, Total, Total, Arges, Year 2016, Number of persons, 35194
65-69 years, Total, Total, Arges, Year 2017, Number of persons, 36256
65-69 years, Total, Total, Arges, Year 2018, Number of persons, 36997
65-69 years, Total, Total, Arges, Year 2019, Number of persons, 37799
65-69 years, Total, Total, Arges, Year 2020, Number of persons, 37616
65-69 years, Total, Total, Arges, Year 2021, Number of persons, 37385
65-69 years, Total, Total, Arges, Year 2022, Number of persons, 38167
65-69 years, Total, Total, Arges, Year 2023, Number of persons, 37993
65-69 years, Total, Total, Arges, Year 2024, Number of persons, 37796
65-69 years, Total, Total, Calarasi, Year 2013, Number of persons, 14554
65-69 years, Total, Total, Calarasi, Year 2014, Number of persons, 14488
65-69 years, Total, Total, Calarasi, Year 2015, Number of persons, 15816
65-69 years, Total, Total, Calarasi, Year 2016, Number of persons, 16920
65-69 years, Total, Total, Calarasi, Year 2017, Number of persons, 17623
65-69 years, Total, Total, Calarasi, Year 2018, Number of persons, 17956
65-69 years, Total, Total, Calarasi, Year 2019, Number of persons, 18109
65-69 years, Total, Total, Calarasi, Year 2020, Number of persons, 17099
65-69 years, Total, Total, Calarasi, Year 2021, Number of persons, 17249
65-69 years, Total, Total, Calarasi, Year 2022, Number of persons, 17889
65-69 years, Total, Total, Calarasi, Year 2023, Number of persons, 17934
65-69 years, Total, Total, Calarasi, Year 2024, Number of persons, 18066
65-69 years, Total, Total, Dambovita, Year 2013, Number of persons, 23232
65-69 years, Total, Total, Dambovita, Year 2014, Number of persons, 24181
65-69 years, Total, Total, Dambovita, Year 2015, Number of persons, 26238
65-69 years, Total, Total, Dambovita, Year 2016, Number of persons, 28082
65-69 years, Total, Total, Dambovita, Year 2017, Number of persons, 29284
65-69 years, Total, Total, Dambovita, Year 2018, Number of persons, 29976
65-69 years, Total, Total, Dambovita, Year 2019, Number of persons, 30752
65-69 years, Total, Total, Dambovita, Year 2020, Number of persons, 29909
65-69 years, Total, Total, Dambovita, Year 2021, Number of persons, 30029
65-69 years, Total, Total, Dambovita, Year 2022, Number of persons, 30811
65-69 years, Total, Total, Dambovita, Year 2023, Number of persons, 30464
65-69 years, Total, Total, Dambovita, Year 2024, Number of persons, 30453
65-69 years, Total, Total, Giurgiu, Year 2013, Number of persons, 14559
65-69 years, Total, Total, Giurgiu, Year 2014, Number of persons, 15000
65-69 years, Total, Total, Giurgiu, Year 2015, Number of persons, 16027
65-69 years, Total, Total, Giurgiu, Year 2016, Number of persons, 17062
65-69 years, Total, Total, Giurgiu, Year 2017, Number of persons, 17345
65-69 years, Total, Total, Giurgiu, Year 2018, Number of persons, 16810
65-69 years, Total, Total, Giurgiu, Year 2019, Number of persons, 16671
65-69 years, Total, Total, Giurgiu, Year 2020, Number of persons, 15993
65-69 years, Total, Total, Giurgiu, Year 2021, Number of persons, 16007
65-69 years, Total, Total, Giurgiu, Year 2022, Number of persons, 16727
65-69 years, Total, Total, Giurgiu, Year 2023, Number of persons, 16488
65-69 years, Total, Total, Giurgiu, Year 2024, Number of persons, 16471
65-69 years, Total, Total, Ialomita, Year 2013, Number of persons, 12575
65-69 years, Total, Total, Ialomita, Year 2014, Number of persons, 12607
65-69 years, Total, Total, Ialomita, Year 2015, Number of persons, 13466
65-69 years, Total, Total, Ialomita, Year 2016, Number of persons, 14454
65-69 years, Total, Total, Ialomita, Year 2017, Number of persons, 15059
65-69 years, Total, Total, Ialomita, Year 2018, Number of persons, 15881
65-69 years, Total, Total, Ialomita, Year 2019, Number of persons, 16270
65-69 years, Total, Total, Ialomita, Year 2020, Number of persons, 15979
65-69 years, Total, Total, Ialomita, Year 2021, Number of persons, 16064
65-69 years, Total, Total, Ialomita, Year 2022, Number of persons, 16655
65-69 years, Total, Total, Ialomita, Year 2023, Number of persons, 16541
65-69 years, Total, Total, Ialomita, Year 2024, Number of persons, 16321
65-69 years, Total, Total, Prahova, Year 2013, Number of persons, 35730
65-69 years, Total, Total, Prahova, Year 2014, Number of persons, 36592
65-69 years, Total, Total, Prahova, Year 2015, Number of persons, 39387
65-69 years, Total, Total, Prahova, Year 2016, Number of persons, 42080
65-69 years, Total, Total, Prahova, Year 2017, Number of persons, 43434
65-69 years, Total, Total, Prahova, Year 2018, Number of persons, 45674
65-69 years, Total, Total, Prahova, Year 2019, Number of persons, 47784
65-69 years, Total, Total, Prahova, Year 2020, Number of persons, 47022
65-69 years, Total, Total, Prahova, Year 2021, Number of persons, 47557
65-69 years, Total, Total, Prahova, Year 2022, Number of persons, 49166
65-69 years, Total, Total, Prahova, Year 2023, Number of persons, 48874
65-69 years, Total, Total, Prahova, Year 2024, Number of persons, 47987
65-69 years, Total, Total, Teleorman, Year 2013, Number of persons, 23812
65-69 years, Total, Total, Teleorman, Year 2014, Number of persons, 24594
65-69 years, Total, Total, Teleorman, Year 2015, Number of persons, 25545
65-69 years, Total, Total, Teleorman, Year 2016, Number of persons, 27218
65-69 years, Total, Total, Teleorman, Year 2017, Number of persons, 27318
65-69 years, Total, Total, Teleorman, Year 2018, Number of persons, 26545
65-69 years, Total, Total, Teleorman, Year 2019, Number of persons, 25663
65-69 years, Total, Total, Teleorman, Year 2020, Number of persons, 24563
65-69 years, Total, Total, Teleorman, Year 2021, Number of persons, 24074
65-69 years, Total, Total, Teleorman, Year 2022, Number of persons, 24073
65-69 years, Total, Total, Teleorman, Year 2023, Number of persons, 23021
65-69 years, Total, Total, Teleorman, Year 2024, Number of persons, 22718
65-69 years, Total, Total, Ilfov, Year 2013, Number of persons, 14820
65-69 years, Total, Total, Ilfov, Year 2014, Number of persons, 15700
65-69 years, Total, Total, Ilfov, Year 2015, Number of persons, 17557
65-69 years, Total, Total, Ilfov, Year 2016, Number of persons, 19410
65-69 years, Total, Total, Ilfov, Year 2017, Number of persons, 20888
65-69 years, Total, Total, Ilfov, Year 2018, Number of persons, 22241
65-69 years, Total, Total, Ilfov, Year 2019, Number of persons, 23548
65-69 years, Total, Total, Ilfov, Year 2020, Number of persons, 23897
65-69 years, Total, Total, Ilfov, Year 2021, Number of persons, 24805
65-69 years, Total, Total, Ilfov, Year 2022, Number of persons, 26191
65-69 years, Total, Total, Ilfov, Year 2023, Number of persons, 27092
65-69 years, Total, Total, Ilfov, Year 2024, Number of persons, 27656
65-69 years, Total, Total, Bucharest Municipality, Year 2013, Number of persons, 73374
65-69 years, Total, Total, Bucharest Municipality, Year 2014, Number of persons, 78209
65-69 years, Total, Total, Bucharest Municipality, Year 2015, Number of persons, 86690
65-69 years, Total, Total, Bucharest Municipality, Year 2016, Number of persons, 95369
65-69 years, Total, Total, Bucharest Municipality, Year 2017, Number of persons, 100591
65-69 years, Total, Total, Bucharest Municipality, Year 2018, Number of persons, 108078
65-69 years, Total, Total, Bucharest Municipality, Year 2019, Number of persons, 112175
65-69 years, Total, Total, Bucharest Municipality, Year 2020, Number of persons, 113417
65-69 years, Total, Total, Bucharest Municipality, Year 2021, Number of persons, 114694
65-69 years, Total, Total, Bucharest Municipality, Year 2022, Number of persons, 117335
65-69 years, Total, Total, Bucharest Municipality, Year 2023, Number of persons, 116020
65-69 years, Total, Total, Bucharest Municipality, Year 2024, Number of persons, 113486
65-69 years, Total, Total, Dolj, Year 2013, Number of persons, 32540
65-69 years, Total, Total, Dolj, Year 2014, Number of persons, 34661
65-69 years, Total, Total, Dolj, Year 2015, Number of persons, 35782
65-69 years, Total, Total, Dolj, Year 2016, Number of persons, 38625
65-69 years, Total, Total, Dolj, Year 2017, Number of persons, 38656
65-69 years, Total, Total, Dolj, Year 2018, Number of persons, 39104
65-69 years, Total, Total, Dolj, Year 2019, Number of persons, 38486
65-69 years, Total, Total, Dolj, Year 2020, Number of persons, 38322
65-69 years, Total, Total, Dolj, Year 2021, Number of persons, 38534
65-69 years, Total, Total, Dolj, Year 2022, Number of persons, 39875
65-69 years, Total, Total, Dolj, Year 2023, Number of persons, 40281
65-69 years, Total, Total, Dolj, Year 2024, Number of persons, 40271
65-69 years, Total, Total, Gorj, Year 2013, Number of persons, 14807
65-69 years, Total, Total, Gorj, Year 2014, Number of persons, 15838
65-69 years, Total, Total, Gorj, Year 2015, Number of persons, 16816
65-69 years, Total, Total, Gorj, Year 2016, Number of persons, 17897
65-69 years, Total, Total, Gorj, Year 2017, Number of persons, 17987
65-69 years, Total, Total, Gorj, Year 2018, Number of persons, 18218
65-69 years, Total, Total, Gorj, Year 2019, Number of persons, 18317
65-69 years, Total, Total, Gorj, Year 2020, Number of persons, 18238
65-69 years, Total, Total, Gorj, Year 2021, Number of persons, 18633
65-69 years, Total, Total, Gorj, Year 2022, Number of persons, 19898
65-69 years, Total, Total, Gorj, Year 2023, Number of persons, 20205
65-69 years, Total, Total, Gorj, Year 2024, Number of persons, 20551
65-69 years, Total, Total, Mehedinti, Year 2013, Number of persons, 13453
65-69 years, Total, Total, Mehedinti, Year 2014, Number of persons, 14466
65-69 years, Total, Total, Mehedinti, Year 2015, Number of persons, 15343
65-69 years, Total, Total, Mehedinti, Year 2016, Number of persons, 16358
65-69 years, Total, Total, Mehedinti, Year 2017, Number of persons, 16492
65-69 years, Total, Total, Mehedinti, Year 2018, Number of persons, 16129
65-69 years, Total, Total, Mehedinti, Year 2019, Number of persons, 15900
65-69 years, Total, Total, Mehedinti, Year 2020, Number of persons, 15601
65-69 years, Total, Total, Mehedinti, Year 2021, Number of persons, 15895
65-69 years, Total, Total, Mehedinti, Year 2022, Number of persons, 16602
65-69 years, Total, Total, Mehedinti, Year 2023, Number of persons, 17019
65-69 years, Total, Total, Mehedinti, Year 2024, Number of persons, 16976
65-69 years, Total, Total, Olt, Year 2013, Number of persons, 23176
65-69 years, Total, Total, Olt, Year 2014, Number of persons, 24465
65-69 years, Total, Total, Olt, Year 2015, Number of persons, 25279
65-69 years, Total, Total, Olt, Year 2016, Number of persons, 26847
65-69 years, Total, Total, Olt, Year 2017, Number of persons, 26830
65-69 years, Total, Total, Olt, Year 2018, Number of persons, 26654
65-69 years, Total, Total, Olt, Year 2019, Number of persons, 25865
65-69 years, Total, Total, Olt, Year 2020, Number of persons, 25450
65-69 years, Total, Total, Olt, Year 2021, Number of persons, 25858
65-69 years, Total, Total, Olt, Year 2022, Number of persons, 26303
65-69 years, Total, Total, Olt, Year 2023, Number of persons, 26146
65-69 years, Total, Total, Olt, Year 2024, Number of persons, 26383
65-69 years, Total, Total, Valcea, Year 2013, Number of persons, 19574
65-69 years, Total, Total, Valcea, Year 2014, Number of persons, 20306
65-69 years, Total, Total, Valcea, Year 2015, Number of persons, 21377
65-69 years, Total, Total, Valcea, Year 2016, Number of persons, 22944
65-69 years, Total, Total, Valcea, Year 2017, Number of persons, 23435
65-69 years, Total, Total, Valcea, Year 2018, Number of persons, 23424
65-69 years, Total, Total, Valcea, Year 2019, Number of persons, 23924
65-69 years, Total, Total, Valcea, Year 2020, Number of persons, 23586
65-69 years, Total, Total, Valcea, Year 2021, Number of persons, 23594
65-69 years, Total, Total, Valcea, Year 2022, Number of persons, 23670
65-69 years, Total, Total, Valcea, Year 2023, Number of persons, 23707
65-69 years, Total, Total, Valcea, Year 2024, Number of persons, 23615
65-69 years, Total, Total, Arad, Year 2013, Number of persons, 20170
65-69 years, Total, Total, Arad, Year 2014, Number of persons, 22262
65-69 years, Total, Total, Arad, Year 2015, Number of persons, 23744
65-69 years, Total, Total, Arad, Year 2016, Number of persons, 25623
65-69 years, Total, Total, Arad, Year 2017, Number of persons, 26078
65-69 years, Total, Total, Arad, Year 2018, Number of persons, 26130
65-69 years, Total, Total, Arad, Year 2019, Number of persons, 25986
65-69 years, Total, Total, Arad, Year 2020, Number of persons, 26484
65-69 years, Total, Total, Arad, Year 2021, Number of persons, 26785
65-69 years, Total, Total, Arad, Year 2022, Number of persons, 28372
65-69 years, Total, Total, Arad, Year 2023, Number of persons, 28565
65-69 years, Total, Total, Arad, Year 2024, Number of persons, 28542
65-69 years, Total, Total, Caras-Severin, Year 2013, Number of persons, 15193
65-69 years, Total, Total, Caras-Severin, Year 2014, Number of persons, 16247
65-69 years, Total, Total, Caras-Severin, Year 2015, Number of persons, 17317
65-69 years, Total, Total, Caras-Severin, Year 2016, Number of persons, 18411
65-69 years, Total, Total, Caras-Severin, Year 2017, Number of persons, 18710
65-69 years, Total, Total, Caras-Severin, Year 2018, Number of persons, 18777
65-69 years, Total, Total, Caras-Severin, Year 2019, Number of persons, 18782
65-69 years, Total, Total, Caras-Severin, Year 2020, Number of persons, 18796
65-69 years, Total, Total, Caras-Severin, Year 2021, Number of persons, 18973
65-69 years, Total, Total, Caras-Severin, Year 2022, Number of persons, 19722
65-69 years, Total, Total, Caras-Severin, Year 2023, Number of persons, 19903
65-69 years, Total, Total, Caras-Severin, Year 2024, Number of persons, 19755
65-69 years, Total, Total, Hunedoara, Year 2013, Number of persons, 21747
65-69 years, Total, Total, Hunedoara, Year 2014, Number of persons, 22716
65-69 years, Total, Total, Hunedoara, Year 2015, Number of persons, 23657
65-69 years, Total, Total, Hunedoara, Year 2016, Number of persons, 25165
65-69 years, Total, Total, Hunedoara, Year 2017, Number of persons, 25388
65-69 years, Total, Total, Hunedoara, Year 2018, Number of persons, 25939
65-69 years, Total, Total, Hunedoara, Year 2019, Number of persons, 26118
65-69 years, Total, Total, Hunedoara, Year 2020, Number of persons, 26379
65-69 years, Total, Total, Hunedoara, Year 2021, Number of persons, 26357
65-69 years, Total, Total, Hunedoara, Year 2022, Number of persons, 27500
65-69 years, Total, Total, Hunedoara, Year 2023, Number of persons, 27335
65-69 years, Total, Total, Hunedoara, Year 2024, Number of persons, 27306
65-69 years, Total, Total, Timis, Year 2013, Number of persons, 28419
65-69 years, Total, Total, Timis, Year 2014, Number of persons, 30821
65-69 years, Total, Total, Timis, Year 2015, Number of persons, 33553
65-69 years, Total, Total, Timis, Year 2016, Number of persons, 36586
65-69 years, Total, Total, Timis, Year 2017, Number of persons, 37872
65-69 years, Total, Total, Timis, Year 2018, Number of persons, 38856
65-69 years, Total, Total, Timis, Year 2019, Number of persons, 39484
65-69 years, Total, Total, Timis, Year 2020, Number of persons, 40397
65-69 years, Total, Total, Timis, Year 2021, Number of persons, 41335
65-69 years, Total, Total, Timis, Year 2022, Number of persons, 42744
65-69 years, Total, Total, Timis, Year 2023, Number of persons, 43419
65-69 years, Total, Total, Timis, Year 2024, Number of persons, 43831
70-74 years, Total, Total, Bihor, Year 2013, Number of persons, 23271
70-74 years, Total, Total, Bihor, Year 2014, Number of persons, 22075
70-74 years, Total, Total, Bihor, Year 2015, Number of persons, 21927
70-74 years, Total, Total, Bihor, Year 2016, Number of persons, 21705
70-74 years, Total, Total, Bihor, Year 2017, Number of persons, 22273
70-74 years, Total, Total, Bihor, Year 2018, Number of persons, 23187
70-74 years, Total, Total, Bihor, Year 2019, Number of persons, 24251
70-74 years, Total, Total, Bihor, Year 2020, Number of persons, 25012
70-74 years, Total, Total, Bihor, Year 2021, Number of persons, 26306
70-74 years, Total, Total, Bihor, Year 2022, Number of persons, 26994
70-74 years, Total, Total, Bihor, Year 2023, Number of persons, 27715
70-74 years, Total, Total, Bihor, Year 2024, Number of persons, 28506
70-74 years, Total, Total, Bistrita-Nasaud, Year 2013, Number of persons, 11276
70-74 years, Total, Total, Bistrita-Nasaud, Year 2014, Number of persons, 10911
70-74 years, Total, Total, Bistrita-Nasaud, Year 2015, Number of persons, 10855
70-74 years, Total, Total, Bistrita-Nasaud, Year 2016, Number of persons, 10847
70-74 years, Total, Total, Bistrita-Nasaud, Year 2017, Number of persons, 11066
70-74 years, Total, Total, Bistrita-Nasaud, Year 2018, Number of persons, 11235
70-74 years, Total, Total, Bistrita-Nasaud, Year 2019, Number of persons, 11882
70-74 years, Total, Total, Bistrita-Nasaud, Year 2020, Number of persons, 12440
70-74 years, Total, Total, Bistrita-Nasaud, Year 2021, Number of persons, 13100
70-74 years, Total, Total, Bistrita-Nasaud, Year 2022, Number of persons, 13483
70-74 years, Total, Total, Bistrita-Nasaud, Year 2023, Number of persons, 13995
70-74 years, Total, Total, Bistrita-Nasaud, Year 2024, Number of persons, 14273
70-74 years, Total, Total, Cluj, Year 2013, Number of persons, 30450
70-74 years, Total, Total, Cluj, Year 2014, Number of persons, 29358
70-74 years, Total, Total, Cluj, Year 2015, Number of persons, 28888
70-74 years, Total, Total, Cluj, Year 2016, Number of persons, 28110
70-74 years, Total, Total, Cluj, Year 2017, Number of persons, 28418
70-74 years, Total, Total, Cluj, Year 2018, Number of persons, 28823
70-74 years, Total, Total, Cluj, Year 2019, Number of persons, 30054
70-74 years, Total, Total, Cluj, Year 2020, Number of persons, 31320
70-74 years, Total, Total, Cluj, Year 2021, Number of persons, 33030
70-74 years, Total, Total, Cluj, Year 2022, Number of persons, 33612
70-74 years, Total, Total, Cluj, Year 2023, Number of persons, 34985
70-74 years, Total, Total, Cluj, Year 2024, Number of persons, 36066
70-74 years, Total, Total, Maramures, Year 2013, Number of persons, 19242
70-74 years, Total, Total, Maramures, Year 2014, Number of persons, 18907
70-74 years, Total, Total, Maramures, Year 2015, Number of persons, 19003
70-74 years, Total, Total, Maramures, Year 2016, Number of persons, 18900
70-74 years, Total, Total, Maramures, Year 2017, Number of persons, 19065
70-74 years, Total, Total, Maramures, Year 2018, Number of persons, 19394
70-74 years, Total, Total, Maramures, Year 2019, Number of persons, 19888
70-74 years, Total, Total, Maramures, Year 2020, Number of persons, 20296
70-74 years, Total, Total, Maramures, Year 2021, Number of persons, 21367
70-74 years, Total, Total, Maramures, Year 2022, Number of persons, 21944
70-74 years, Total, Total, Maramures, Year 2023, Number of persons, 22603
70-74 years, Total, Total, Maramures, Year 2024, Number of persons, 23219
70-74 years, Total, Total, Satu Mare, Year 2013, Number of persons, 12722
70-74 years, Total, Total, Satu Mare, Year 2014, Number of persons, 12507
70-74 years, Total, Total, Satu Mare, Year 2015, Number of persons, 12819
70-74 years, Total, Total, Satu Mare, Year 2016, Number of persons, 12823
70-74 years, Total, Total, Satu Mare, Year 2017, Number of persons, 12967
70-74 years, Total, Total, Satu Mare, Year 2018, Number of persons, 13090
70-74 years, Total, Total, Satu Mare, Year 2019, Number of persons, 13477
70-74 years, Total, Total, Satu Mare, Year 2020, Number of persons, 13923
70-74 years, Total, Total, Satu Mare, Year 2021, Number of persons, 14947
70-74 years, Total, Total, Satu Mare, Year 2022, Number of persons, 15569
70-74 years, Total, Total, Satu Mare, Year 2023, Number of persons, 16219
70-74 years, Total, Total, Satu Mare, Year 2024, Number of persons, 16766
70-74 years, Total, Total, Salaj, Year 2013, Number of persons, 10641
70-74 years, Total, Total, Salaj, Year 2014, Number of persons, 10135
70-74 years, Total, Total, Salaj, Year 2015, Number of persons, 10215
70-74 years, Total, Total, Salaj, Year 2016, Number of persons, 9915
70-74 years, Total, Total, Salaj, Year 2017, Number of persons, 10018
70-74 years, Total, Total, Salaj, Year 2018, Number of persons, 10260
70-74 years, Total, Total, Salaj, Year 2019, Number of persons, 10617
70-74 years, Total, Total, Salaj, Year 2020, Number of persons, 10633
70-74 years, Total, Total, Salaj, Year 2021, Number of persons, 11233
70-74 years, Total, Total, Salaj, Year 2022, Number of persons, 11207
70-74 years, Total, Total, Salaj, Year 2023, Number of persons, 11415
70-74 years, Total, Total, Salaj, Year 2024, Number of persons, 11638
70-74 years, Total, Total, Alba, Year 2013, Number of persons, 15436
70-74 years, Total, Total, Alba, Year 2014, Number of persons, 14500
70-74 years, Total, Total, Alba, Year 2015, Number of persons, 14151
70-74 years, Total, Total, Alba, Year 2016, Number of persons, 13829
70-74 years, Total, Total, Alba, Year 2017, Number of persons, 14389
70-74 years, Total, Total, Alba, Year 2018, Number of persons, 14902
70-74 years, Total, Total, Alba, Year 2019, Number of persons, 15742
70-74 years, Total, Total, Alba, Year 2020, Number of persons, 16398
70-74 years, Total, Total, Alba, Year 2021, Number of persons, 17242
70-74 years, Total, Total, Alba, Year 2022, Number of persons, 17726
70-74 years, Total, Total, Alba, Year 2023, Number of persons, 18363
70-74 years, Total, Total, Alba, Year 2024, Number of persons, 19315
70-74 years, Total, Total, Brasov, Year 2013, Number of persons, 21207
70-74 years, Total, Total, Brasov, Year 2014, Number of persons, 20246
70-74 years, Total, Total, Brasov, Year 2015, Number of persons, 19575
70-74 years, Total, Total, Brasov, Year 2016, Number of persons, 19127
70-74 years, Total, Total, Brasov, Year 2017, Number of persons, 19426
70-74 years, Total, Total, Brasov, Year 2018, Number of persons, 20176
70-74 years, Total, Total, Brasov, Year 2019, Number of persons, 21883
70-74 years, Total, Total, Brasov, Year 2020, Number of persons, 24036
70-74 years, Total, Total, Brasov, Year 2021, Number of persons, 26483
70-74 years, Total, Total, Brasov, Year 2022, Number of persons, 28593
70-74 years, Total, Total, Brasov, Year 2023, Number of persons, 30927
70-74 years, Total, Total, Brasov, Year 2024, Number of persons, 32967
70-74 years, Total, Total, Covasna, Year 2013, Number of persons, 8731
70-74 years, Total, Total, Covasna, Year 2014, Number of persons, 8943
70-74 years, Total, Total, Covasna, Year 2015, Number of persons, 9219
70-74 years, Total, Total, Covasna, Year 2016, Number of persons, 9080
70-74 years, Total, Total, Covasna, Year 2017, Number of persons, 8690
70-74 years, Total, Total, Covasna, Year 2018, Number of persons, 8255
70-74 years, Total, Total, Covasna, Year 2019, Number of persons, 8055
70-74 years, Total, Total, Covasna, Year 2020, Number of persons, 8299
70-74 years, Total, Total, Covasna, Year 2021, Number of persons, 8990
70-74 years, Total, Total, Covasna, Year 2022, Number of persons, 9562
70-74 years, Total, Total, Covasna, Year 2023, Number of persons, 10305
70-74 years, Total, Total, Covasna, Year 2024, Number of persons, 10774
70-74 years, Total, Total, Harghita, Year 2013, Number of persons, 12956
70-74 years, Total, Total, Harghita, Year 2014, Number of persons, 13208
70-74 years, Total, Total, Harghita, Year 2015, Number of persons, 13592
70-74 years, Total, Total, Harghita, Year 2016, Number of persons, 13526
70-74 years, Total, Total, Harghita, Year 2017, Number of persons, 13392
70-74 years, Total, Total, Harghita, Year 2018, Number of persons, 13107
70-74 years, Total, Total, Harghita, Year 2019, Number of persons, 12922
70-74 years, Total, Total, Harghita, Year 2020, Number of persons, 13274
70-74 years, Total, Total, Harghita, Year 2021, Number of persons, 14152
70-74 years, Total, Total, Harghita, Year 2022, Number of persons, 14566
70-74 years, Total, Total, Harghita, Year 2023, Number of persons, 15366
70-74 years, Total, Total, Harghita, Year 2024, Number of persons, 15930
70-74 years, Total, Total, Mures, Year 2013, Number of persons, 24349
70-74 years, Total, Total, Mures, Year 2014, Number of persons, 23921
70-74 years, Total, Total, Mures, Year 2015, Number of persons, 23919
70-74 years, Total, Total, Mures, Year 2016, Number of persons, 23399
70-74 years, Total, Total, Mures, Year 2017, Number of persons, 23221
70-74 years, Total, Total, Mures, Year 2018, Number of persons, 22848
70-74 years, Total, Total, Mures, Year 2019, Number of persons, 23336
70-74 years, Total, Total, Mures, Year 2020, Number of persons, 24361
70-74 years, Total, Total, Mures, Year 2021, Number of persons, 25661
70-74 years, Total, Total, Mures, Year 2022, Number of persons, 26036
70-74 years, Total, Total, Mures, Year 2023, Number of persons, 27036
70-74 years, Total, Total, Mures, Year 2024, Number of persons, 27951
70-74 years, Total, Total, Sibiu, Year 2013, Number of persons, 15192
70-74 years, Total, Total, Sibiu, Year 2014, Number of persons, 14453
70-74 years, Total, Total, Sibiu, Year 2015, Number of persons, 14121
70-74 years, Total, Total, Sibiu, Year 2016, Number of persons, 13683
70-74 years, Total, Total, Sibiu, Year 2017, Number of persons, 14113
70-74 years, Total, Total, Sibiu, Year 2018, Number of persons, 14962
70-74 years, Total, Total, Sibiu, Year 2019, Number of persons, 16062
70-74 years, Total, Total, Sibiu, Year 2020, Number of persons, 17028
70-74 years, Total, Total, Sibiu, Year 2021, Number of persons, 18422
70-74 years, Total, Total, Sibiu, Year 2022, Number of persons, 19651
70-74 years, Total, Total, Sibiu, Year 2023, Number of persons, 20377
70-74 years, Total, Total, Sibiu, Year 2024, Number of persons, 21525
70-74 years, Total, Total, Bacau, Year 2013, Number of persons, 27362
70-74 years, Total, Total, Bacau, Year 2014, Number of persons, 25705
70-74 years, Total, Total, Bacau, Year 2015, Number of persons, 24341
70-74 years, Total, Total, Bacau, Year 2016, Number of persons, 23282
70-74 years, Total, Total, Bacau, Year 2017, Number of persons, 23231
70-74 years, Total, Total, Bacau, Year 2018, Number of persons, 23138
70-74 years, Total, Total, Bacau, Year 2019, Number of persons, 24444
70-74 years, Total, Total, Bacau, Year 2020, Number of persons, 26604
70-74 years, Total, Total, Bacau, Year 2021, Number of persons, 28244
70-74 years, Total, Total, Bacau, Year 2022, Number of persons, 29489
70-74 years, Total, Total, Bacau, Year 2023, Number of persons, 31437
70-74 years, Total, Total, Bacau, Year 2024, Number of persons, 32347
70-74 years, Total, Total, Botosani, Year 2013, Number of persons, 19029
70-74 years, Total, Total, Botosani, Year 2014, Number of persons, 17788
70-74 years, Total, Total, Botosani, Year 2015, Number of persons, 16465
70-74 years, Total, Total, Botosani, Year 2016, Number of persons, 14533
70-74 years, Total, Total, Botosani, Year 2017, Number of persons, 14498
70-74 years, Total, Total, Botosani, Year 2018, Number of persons, 13738
70-74 years, Total, Total, Botosani, Year 2019, Number of persons, 14580
70-74 years, Total, Total, Botosani, Year 2020, Number of persons, 16055
70-74 years, Total, Total, Botosani, Year 2021, Number of persons, 17787
70-74 years, Total, Total, Botosani, Year 2022, Number of persons, 18021
70-74 years, Total, Total, Botosani, Year 2023, Number of persons, 19130
70-74 years, Total, Total, Botosani, Year 2024, Number of persons, 19159
70-74 years, Total, Total, Iasi, Year 2013, Number of persons, 28848
70-74 years, Total, Total, Iasi, Year 2014, Number of persons, 26742
70-74 years, Total, Total, Iasi, Year 2015, Number of persons, 25121
70-74 years, Total, Total, Iasi, Year 2016, Number of persons, 22801
70-74 years, Total, Total, Iasi, Year 2017, Number of persons, 23313
70-74 years, Total, Total, Iasi, Year 2018, Number of persons, 23268
70-74 years, Total, Total, Iasi, Year 2019, Number of persons, 25957
70-74 years, Total, Total, Iasi, Year 2020, Number of persons, 29717
70-74 years, Total, Total, Iasi, Year 2021, Number of persons, 33439
70-74 years, Total, Total, Iasi, Year 2022, Number of persons, 34780
70-74 years, Total, Total, Iasi, Year 2023, Number of persons, 37353
70-74 years, Total, Total, Iasi, Year 2024, Number of persons, 38263
70-74 years, Total, Total, Neamt, Year 2013, Number of persons, 23707
70-74 years, Total, Total, Neamt, Year 2014, Number of persons, 22147
70-74 years, Total, Total, Neamt, Year 2015, Number of persons, 20819
70-74 years, Total, Total, Neamt, Year 2016, Number of persons, 19694
70-74 years, Total, Total, Neamt, Year 2017, Number of persons, 19547
70-74 years, Total, Total, Neamt, Year 2018, Number of persons, 19285
70-74 years, Total, Total, Neamt, Year 2019, Number of persons, 20407
70-74 years, Total, Total, Neamt, Year 2020, Number of persons, 22184
70-74 years, Total, Total, Neamt, Year 2021, Number of persons, 23335
70-74 years, Total, Total, Neamt, Year 2022, Number of persons, 24410
70-74 years, Total, Total, Neamt, Year 2023, Number of persons, 25870
70-74 years, Total, Total, Neamt, Year 2024, Number of persons, 26453
70-74 years, Total, Total, Suceava, Year 2013, Number of persons, 26289
70-74 years, Total, Total, Suceava, Year 2014, Number of persons, 24535
70-74 years, Total, Total, Suceava, Year 2015, Number of persons, 22940
70-74 years, Total, Total, Suceava, Year 2016, Number of persons, 20413
70-74 years, Total, Total, Suceava, Year 2017, Number of persons, 21045
70-74 years, Total, Total, Suceava, Year 2018, Number of persons, 21356
70-74 years, Total, Total, Suceava, Year 2019, Number of persons, 22776
70-74 years, Total, Total, Suceava, Year 2020, Number of persons, 25149
70-74 years, Total, Total, Suceava, Year 2021, Number of persons, 28319
70-74 years, Total, Total, Suceava, Year 2022, Number of persons, 29007
70-74 years, Total, Total, Suceava, Year 2023, Number of persons, 30779
70-74 years, Total, Total, Suceava, Year 2024, Number of persons, 31629
70-74 years, Total, Total, Vaslui, Year 2013, Number of persons, 16913
70-74 years, Total, Total, Vaslui, Year 2014, Number of persons, 16269
70-74 years, Total, Total, Vaslui, Year 2015, Number of persons, 15508
70-74 years, Total, Total, Vaslui, Year 2016, Number of persons, 14697
70-74 years, Total, Total, Vaslui, Year 2017, Number of persons, 15088
70-74 years, Total, Total, Vaslui, Year 2018, Number of persons, 14585
70-74 years, Total, Total, Vaslui, Year 2019, Number of persons, 15209
70-74 years, Total, Total, Vaslui, Year 2020, Number of persons, 16847
70-74 years, Total, Total, Vaslui, Year 2021, Number of persons, 18115
70-74 years, Total, Total, Vaslui, Year 2022, Number of persons, 18550
70-74 years, Total, Total, Vaslui, Year 2023, Number of persons, 19518
70-74 years, Total, Total, Vaslui, Year 2024, Number of persons, 19653
70-74 years, Total, Total, Braila, Year 2013, Number of persons, 15969
70-74 years, Total, Total, Braila, Year 2014, Number of persons, 14862
70-74 years, Total, Total, Braila, Year 2015, Number of persons, 14019
70-74 years, Total, Total, Braila, Year 2016, Number of persons, 12944
70-74 years, Total, Total, Braila, Year 2017, Number of persons, 13071
70-74 years, Total, Total, Braila, Year 2018, Number of persons, 12842
70-74 years, Total, Total, Braila, Year 2019, Number of persons, 13531
70-74 years, Total, Total, Braila, Year 2020, Number of persons, 15135
70-74 years, Total, Total, Braila, Year 2021, Number of persons, 16248
70-74 years, Total, Total, Braila, Year 2022, Number of persons, 16805
70-74 years, Total, Total, Braila, Year 2023, Number of persons, 17665
70-74 years, Total, Total, Braila, Year 2024, Number of persons, 18157
70-74 years, Total, Total, Buzau, Year 2013, Number of persons, 22480
70-74 years, Total, Total, Buzau, Year 2014, Number of persons, 21253
70-74 years, Total, Total, Buzau, Year 2015, Number of persons, 20289
70-74 years, Total, Total, Buzau, Year 2016, Number of persons, 19118
70-74 years, Total, Total, Buzau, Year 2017, Number of persons, 19197
70-74 years, Total, Total, Buzau, Year 2018, Number of persons, 18480
70-74 years, Total, Total, Buzau, Year 2019, Number of persons, 18681
70-74 years, Total, Total, Buzau, Year 2020, Number of persons, 20552
70-74 years, Total, Total, Buzau, Year 2021, Number of persons, 21912
70-74 years, Total, Total, Buzau, Year 2022, Number of persons, 22606
70-74 years, Total, Total, Buzau, Year 2023, Number of persons, 24125
70-74 years, Total, Total, Buzau, Year 2024, Number of persons, 25294
70-74 years, Total, Total, Constanta, Year 2013, Number of persons, 25924
70-74 years, Total, Total, Constanta, Year 2014, Number of persons, 25251
70-74 years, Total, Total, Constanta, Year 2015, Number of persons, 24750
70-74 years, Total, Total, Constanta, Year 2016, Number of persons, 23661
70-74 years, Total, Total, Constanta, Year 2017, Number of persons, 24095
70-74 years, Total, Total, Constanta, Year 2018, Number of persons, 25012
70-74 years, Total, Total, Constanta, Year 2019, Number of persons, 26135
70-74 years, Total, Total, Constanta, Year 2020, Number of persons, 29792
70-74 years, Total, Total, Constanta, Year 2021, Number of persons, 32641
70-74 years, Total, Total, Constanta, Year 2022, Number of persons, 34484
70-74 years, Total, Total, Constanta, Year 2023, Number of persons, 36571
70-74 years, Total, Total, Constanta, Year 2024, Number of persons, 38464
70-74 years, Total, Total, Galati, Year 2013, Number of persons, 22437
70-74 years, Total, Total, Galati, Year 2014, Number of persons, 21922
70-74 years, Total, Total, Galati, Year 2015, Number of persons, 21312
70-74 years, Total, Total, Galati, Year 2016, Number of persons, 20289
70-74 years, Total, Total, Galati, Year 2017, Number of persons, 20729
70-74 years, Total, Total, Galati, Year 2018, Number of persons, 20218
70-74 years, Total, Total, Galati, Year 2019, Number of persons, 20773
70-74 years, Total, Total, Galati, Year 2020, Number of persons, 23397
70-74 years, Total, Total, Galati, Year 2021, Number of persons, 25182
70-74 years, Total, Total, Galati, Year 2022, Number of persons, 26755
70-74 years, Total, Total, Galati, Year 2023, Number of persons, 28538
70-74 years, Total, Total, Galati, Year 2024, Number of persons, 29814
70-74 years, Total, Total, Tulcea, Year 2013, Number of persons, 8852
70-74 years, Total, Total, Tulcea, Year 2014, Number of persons, 8666
70-74 years, Total, Total, Tulcea, Year 2015, Number of persons, 8600
70-74 years, Total, Total, Tulcea, Year 2016, Number of persons, 8435
70-74 years, Total, Total, Tulcea, Year 2017, Number of persons, 8525
70-74 years, Total, Total, Tulcea, Year 2018, Number of persons, 8269
70-74 years, Total, Total, Tulcea, Year 2019, Number of persons, 8500
70-74 years, Total, Total, Tulcea, Year 2020, Number of persons, 9803
70-74 years, Total, Total, Tulcea, Year 2021, Number of persons, 10701
70-74 years, Total, Total, Tulcea, Year 2022, Number of persons, 11170
70-74 years, Total, Total, Tulcea, Year 2023, Number of persons, 11996
70-74 years, Total, Total, Tulcea, Year 2024, Number of persons, 12435
70-74 years, Total, Total, Vrancea, Year 2013, Number of persons, 15777
70-74 years, Total, Total, Vrancea, Year 2014, Number of persons, 14899
70-74 years, Total, Total, Vrancea, Year 2015, Number of persons, 14118
70-74 years, Total, Total, Vrancea, Year 2016, Number of persons, 13413
70-74 years, Total, Total, Vrancea, Year 2017, Number of persons, 13796
70-74 years, Total, Total, Vrancea, Year 2018, Number of persons, 13389
70-74 years, Total, Total, Vrancea, Year 2019, Number of persons, 13974
70-74 years, Total, Total, Vrancea, Year 2020, Number of persons, 15543
70-74 years, Total, Total, Vrancea, Year 2021, Number of persons, 16861
70-74 years, Total, Total, Vrancea, Year 2022, Number of persons, 17430
70-74 years, Total, Total, Vrancea, Year 2023, Number of persons, 18510
70-74 years, Total, Total, Vrancea, Year 2024, Number of persons, 19229
70-74 years, Total, Total, Arges, Year 2013, Number of persons, 25954
70-74 years, Total, Total, Arges, Year 2014, Number of persons, 24712
70-74 years, Total, Total, Arges, Year 2015, Number of persons, 24533
70-74 years, Total, Total, Arges, Year 2016, Number of persons, 23909
70-74 years, Total, Total, Arges, Year 2017, Number of persons, 24775
70-74 years, Total, Total, Arges, Year 2018, Number of persons, 25873
70-74 years, Total, Total, Arges, Year 2019, Number of persons, 27002
70-74 years, Total, Total, Arges, Year 2020, Number of persons, 28995
70-74 years, Total, Total, Arges, Year 2021, Number of persons, 30721
70-74 years, Total, Total, Arges, Year 2022, Number of persons, 31367
70-74 years, Total, Total, Arges, Year 2023, Number of persons, 32100
70-74 years, Total, Total, Arges, Year 2024, Number of persons, 33066
70-74 years, Total, Total, Calarasi, Year 2013, Number of persons, 14642
70-74 years, Total, Total, Calarasi, Year 2014, Number of persons, 13838
70-74 years, Total, Total, Calarasi, Year 2015, Number of persons, 13370
70-74 years, Total, Total, Calarasi, Year 2016, Number of persons, 12490
70-74 years, Total, Total, Calarasi, Year 2017, Number of persons, 12642
70-74 years, Total, Total, Calarasi, Year 2018, Number of persons, 12588
70-74 years, Total, Total, Calarasi, Year 2019, Number of persons, 12582
70-74 years, Total, Total, Calarasi, Year 2020, Number of persons, 13826
70-74 years, Total, Total, Calarasi, Year 2021, Number of persons, 14748
70-74 years, Total, Total, Calarasi, Year 2022, Number of persons, 14734
70-74 years, Total, Total, Calarasi, Year 2023, Number of persons, 15246
70-74 years, Total, Total, Calarasi, Year 2024, Number of persons, 15691
70-74 years, Total, Total, Dambovita, Year 2013, Number of persons, 21179
70-74 years, Total, Total, Dambovita, Year 2014, Number of persons, 19909
70-74 years, Total, Total, Dambovita, Year 2015, Number of persons, 19264
70-74 years, Total, Total, Dambovita, Year 2016, Number of persons, 18769
70-74 years, Total, Total, Dambovita, Year 2017, Number of persons, 19279
70-74 years, Total, Total, Dambovita, Year 2018, Number of persons, 20335
70-74 years, Total, Total, Dambovita, Year 2019, Number of persons, 21221
70-74 years, Total, Total, Dambovita, Year 2020, Number of persons, 23162
70-74 years, Total, Total, Dambovita, Year 2021, Number of persons, 24678
70-74 years, Total, Total, Dambovita, Year 2022, Number of persons, 25089
70-74 years, Total, Total, Dambovita, Year 2023, Number of persons, 25945
70-74 years, Total, Total, Dambovita, Year 2024, Number of persons, 26971
70-74 years, Total, Total, Giurgiu, Year 2013, Number of persons, 13682
70-74 years, Total, Total, Giurgiu, Year 2014, Number of persons, 12679
70-74 years, Total, Total, Giurgiu, Year 2015, Number of persons, 12143
70-74 years, Total, Total, Giurgiu, Year 2016, Number of persons, 11523
70-74 years, Total, Total, Giurgiu, Year 2017, Number of persons, 12097
70-74 years, Total, Total, Giurgiu, Year 2018, Number of persons, 12651
70-74 years, Total, Total, Giurgiu, Year 2019, Number of persons, 13142
70-74 years, Total, Total, Giurgiu, Year 2020, Number of persons, 14149
70-74 years, Total, Total, Giurgiu, Year 2021, Number of persons, 15004
70-74 years, Total, Total, Giurgiu, Year 2022, Number of persons, 14690
70-74 years, Total, Total, Giurgiu, Year 2023, Number of persons, 14747
70-74 years, Total, Total, Giurgiu, Year 2024, Number of persons, 15100
70-74 years, Total, Total, Ialomita, Year 2013, Number of persons, 12525
70-74 years, Total, Total, Ialomita, Year 2014, Number of persons, 11920
70-74 years, Total, Total, Ialomita, Year 2015, Number of persons, 11693
70-74 years, Total, Total, Ialomita, Year 2016, Number of persons, 10959
70-74 years, Total, Total, Ialomita, Year 2017, Number of persons, 11004
70-74 years, Total, Total, Ialomita, Year 2018, Number of persons, 10879
70-74 years, Total, Total, Ialomita, Year 2019, Number of persons, 10950
70-74 years, Total, Total, Ialomita, Year 2020, Number of persons, 11749
70-74 years, Total, Total, Ialomita, Year 2021, Number of persons, 12537
70-74 years, Total, Total, Ialomita, Year 2022, Number of persons, 12903
70-74 years, Total, Total, Ialomita, Year 2023, Number of persons, 13784
70-74 years, Total, Total, Ialomita, Year 2024, Number of persons, 14344
70-74 years, Total, Total, Prahova, Year 2013, Number of persons, 35315
70-74 years, Total, Total, Prahova, Year 2014, Number of persons, 33083
70-74 years, Total, Total, Prahova, Year 2015, Number of persons, 31528
70-74 years, Total, Total, Prahova, Year 2016, Number of persons, 30395
70-74 years, Total, Total, Prahova, Year 2017, Number of persons, 30854
70-74 years, Total, Total, Prahova, Year 2018, Number of persons, 31156
70-74 years, Total, Total, Prahova, Year 2019, Number of persons, 31926
70-74 years, Total, Total, Prahova, Year 2020, Number of persons, 34620
70-74 years, Total, Total, Prahova, Year 2021, Number of persons, 36568
70-74 years, Total, Total, Prahova, Year 2022, Number of persons, 37620
70-74 years, Total, Total, Prahova, Year 2023, Number of persons, 39552
70-74 years, Total, Total, Prahova, Year 2024, Number of persons, 41925
70-74 years, Total, Total, Teleorman, Year 2013, Number of persons, 22563
70-74 years, Total, Total, Teleorman, Year 2014, Number of persons, 21311
70-74 years, Total, Total, Teleorman, Year 2015, Number of persons, 20766
70-74 years, Total, Total, Teleorman, Year 2016, Number of persons, 19234
70-74 years, Total, Total, Teleorman, Year 2017, Number of persons, 19689
70-74 years, Total, Total, Teleorman, Year 2018, Number of persons, 20783
70-74 years, Total, Total, Teleorman, Year 2019, Number of persons, 21366
70-74 years, Total, Total, Teleorman, Year 2020, Number of persons, 22266
70-74 years, Total, Total, Teleorman, Year 2021, Number of persons, 23834
70-74 years, Total, Total, Teleorman, Year 2022, Number of persons, 23016
70-74 years, Total, Total, Teleorman, Year 2023, Number of persons, 22929
70-74 years, Total, Total, Teleorman, Year 2024, Number of persons, 22587
70-74 years, Total, Total, Ilfov, Year 2013, Number of persons, 13208
70-74 years, Total, Total, Ilfov, Year 2014, Number of persons, 12702
70-74 years, Total, Total, Ilfov, Year 2015, Number of persons, 12545
70-74 years, Total, Total, Ilfov, Year 2016, Number of persons, 12393
70-74 years, Total, Total, Ilfov, Year 2017, Number of persons, 12898
70-74 years, Total, Total, Ilfov, Year 2018, Number of persons, 13626
70-74 years, Total, Total, Ilfov, Year 2019, Number of persons, 14463
70-74 years, Total, Total, Ilfov, Year 2020, Number of persons, 16253
70-74 years, Total, Total, Ilfov, Year 2021, Number of persons, 17999
70-74 years, Total, Total, Ilfov, Year 2022, Number of persons, 19201
70-74 years, Total, Total, Ilfov, Year 2023, Number of persons, 20826
70-74 years, Total, Total, Ilfov, Year 2024, Number of persons, 22548
70-74 years, Total, Total, Bucharest Municipality, Year 2013, Number of persons, 65242
70-74 years, Total, Total, Bucharest Municipality, Year 2014, Number of persons, 62574
70-74 years, Total, Total, Bucharest Municipality, Year 2015, Number of persons, 60725
70-74 years, Total, Total, Bucharest Municipality, Year 2016, Number of persons, 59550
70-74 years, Total, Total, Bucharest Municipality, Year 2017, Number of persons, 60811
70-74 years, Total, Total, Bucharest Municipality, Year 2018, Number of persons, 63858
70-74 years, Total, Total, Bucharest Municipality, Year 2019, Number of persons, 68057
70-74 years, Total, Total, Bucharest Municipality, Year 2020, Number of persons, 75447
70-74 years, Total, Total, Bucharest Municipality, Year 2021, Number of persons, 81330
70-74 years, Total, Total, Bucharest Municipality, Year 2022, Number of persons, 86723
70-74 years, Total, Total, Bucharest Municipality, Year 2023, Number of persons, 91490
70-74 years, Total, Total, Bucharest Municipality, Year 2024, Number of persons, 94662
70-74 years, Total, Total, Dolj, Year 2013, Number of persons, 30489
70-74 years, Total, Total, Dolj, Year 2014, Number of persons, 28274
70-74 years, Total, Total, Dolj, Year 2015, Number of persons, 27760
70-74 years, Total, Total, Dolj, Year 2016, Number of persons, 26244
70-74 years, Total, Total, Dolj, Year 2017, Number of persons, 26827
70-74 years, Total, Total, Dolj, Year 2018, Number of persons, 28088
70-74 years, Total, Total, Dolj, Year 2019, Number of persons, 29873
70-74 years, Total, Total, Dolj, Year 2020, Number of persons, 30816
70-74 years, Total, Total, Dolj, Year 2021, Number of persons, 33242
70-74 years, Total, Total, Dolj, Year 2022, Number of persons, 33224
70-74 years, Total, Total, Dolj, Year 2023, Number of persons, 33421
70-74 years, Total, Total, Dolj, Year 2024, Number of persons, 33158
70-74 years, Total, Total, Gorj, Year 2013, Number of persons, 13373
70-74 years, Total, Total, Gorj, Year 2014, Number of persons, 12275
70-74 years, Total, Total, Gorj, Year 2015, Number of persons, 12023
70-74 years, Total, Total, Gorj, Year 2016, Number of persons, 11553
70-74 years, Total, Total, Gorj, Year 2017, Number of persons, 12038
70-74 years, Total, Total, Gorj, Year 2018, Number of persons, 12857
70-74 years, Total, Total, Gorj, Year 2019, Number of persons, 13815
70-74 years, Total, Total, Gorj, Year 2020, Number of persons, 14776
70-74 years, Total, Total, Gorj, Year 2021, Number of persons, 15737
70-74 years, Total, Total, Gorj, Year 2022, Number of persons, 15826
70-74 years, Total, Total, Gorj, Year 2023, Number of persons, 16051
70-74 years, Total, Total, Gorj, Year 2024, Number of persons, 16252
70-74 years, Total, Total, Mehedinti, Year 2013, Number of persons, 12074
70-74 years, Total, Total, Mehedinti, Year 2014, Number of persons, 11166
70-74 years, Total, Total, Mehedinti, Year 2015, Number of persons, 11024
70-74 years, Total, Total, Mehedinti, Year 2016, Number of persons, 10578
70-74 years, Total, Total, Mehedinti, Year 2017, Number of persons, 11032
70-74 years, Total, Total, Mehedinti, Year 2018, Number of persons, 11610
70-74 years, Total, Total, Mehedinti, Year 2019, Number of persons, 12483
70-74 years, Total, Total, Mehedinti, Year 2020, Number of persons, 13355
70-74 years, Total, Total, Mehedinti, Year 2021, Number of persons, 14240
70-74 years, Total, Total, Mehedinti, Year 2022, Number of persons, 13996
70-74 years, Total, Total, Mehedinti, Year 2023, Number of persons, 13855
70-74 years, Total, Total, Mehedinti, Year 2024, Number of persons, 13839
70-74 years, Total, Total, Olt, Year 2013, Number of persons, 21712
70-74 years, Total, Total, Olt, Year 2014, Number of persons, 20136
70-74 years, Total, Total, Olt, Year 2015, Number of persons, 19794
70-74 years, Total, Total, Olt, Year 2016, Number of persons, 18843
70-74 years, Total, Total, Olt, Year 2017, Number of persons, 19291
70-74 years, Total, Total, Olt, Year 2018, Number of persons, 20013
70-74 years, Total, Total, Olt, Year 2019, Number of persons, 21260
70-74 years, Total, Total, Olt, Year 2020, Number of persons, 21951
70-74 years, Total, Total, Olt, Year 2021, Number of persons, 23350
70-74 years, Total, Total, Olt, Year 2022, Number of persons, 22267
70-74 years, Total, Total, Olt, Year 2023, Number of persons, 22484
70-74 years, Total, Total, Olt, Year 2024, Number of persons, 22254
70-74 years, Total, Total, Valcea, Year 2013, Number of persons, 17413
70-74 years, Total, Total, Valcea, Year 2014, Number of persons, 16477
70-74 years, Total, Total, Valcea, Year 2015, Number of persons, 16541
70-74 years, Total, Total, Valcea, Year 2016, Number of persons, 16114
70-74 years, Total, Total, Valcea, Year 2017, Number of persons, 16817
70-74 years, Total, Total, Valcea, Year 2018, Number of persons, 17829
70-74 years, Total, Total, Valcea, Year 2019, Number of persons, 18622
70-74 years, Total, Total, Valcea, Year 2020, Number of persons, 19695
70-74 years, Total, Total, Valcea, Year 2021, Number of persons, 21030
70-74 years, Total, Total, Valcea, Year 2022, Number of persons, 20114
70-74 years, Total, Total, Valcea, Year 2023, Number of persons, 20380
70-74 years, Total, Total, Valcea, Year 2024, Number of persons, 21066
70-74 years, Total, Total, Arad, Year 2013, Number of persons, 18583
70-74 years, Total, Total, Arad, Year 2014, Number of persons, 16998
70-74 years, Total, Total, Arad, Year 2015, Number of persons, 16089
70-74 years, Total, Total, Arad, Year 2016, Number of persons, 15455
70-74 years, Total, Total, Arad, Year 2017, Number of persons, 16108
70-74 years, Total, Total, Arad, Year 2018, Number of persons, 17492
70-74 years, Total, Total, Arad, Year 2019, Number of persons, 19331
70-74 years, Total, Total, Arad, Year 2020, Number of persons, 20540
70-74 years, Total, Total, Arad, Year 2021, Number of persons, 22051
70-74 years, Total, Total, Arad, Year 2022, Number of persons, 22449
70-74 years, Total, Total, Arad, Year 2023, Number of persons, 22629
70-74 years, Total, Total, Arad, Year 2024, Number of persons, 22835
70-74 years, Total, Total, Caras-Severin, Year 2013, Number of persons, 13772
70-74 years, Total, Total, Caras-Severin, Year 2014, Number of persons, 12833
70-74 years, Total, Total, Caras-Severin, Year 2015, Number of persons, 12474
70-74 years, Total, Total, Caras-Severin, Year 2016, Number of persons, 12004
70-74 years, Total, Total, Caras-Severin, Year 2017, Number of persons, 12297
70-74 years, Total, Total, Caras-Severin, Year 2018, Number of persons, 13054
70-74 years, Total, Total, Caras-Severin, Year 2019, Number of persons, 13932
70-74 years, Total, Total, Caras-Severin, Year 2020, Number of persons, 14841
70-74 years, Total, Total, Caras-Severin, Year 2021, Number of persons, 15692
70-74 years, Total, Total, Caras-Severin, Year 2022, Number of persons, 15823
70-74 years, Total, Total, Caras-Severin, Year 2023, Number of persons, 15940
70-74 years, Total, Total, Caras-Severin, Year 2024, Number of persons, 16274
70-74 years, Total, Total, Hunedoara, Year 2013, Number of persons, 20155
70-74 years, Total, Total, Hunedoara, Year 2014, Number of persons, 18988
70-74 years, Total, Total, Hunedoara, Year 2015, Number of persons, 18397
70-74 years, Total, Total, Hunedoara, Year 2016, Number of persons, 17597
70-74 years, Total, Total, Hunedoara, Year 2017, Number of persons, 17961
70-74 years, Total, Total, Hunedoara, Year 2018, Number of persons, 18559
70-74 years, Total, Total, Hunedoara, Year 2019, Number of persons, 19436
70-74 years, Total, Total, Hunedoara, Year 2020, Number of persons, 20309
70-74 years, Total, Total, Hunedoara, Year 2021, Number of persons, 21426
70-74 years, Total, Total, Hunedoara, Year 2022, Number of persons, 21982
70-74 years, Total, Total, Hunedoara, Year 2023, Number of persons, 22328
70-74 years, Total, Total, Hunedoara, Year 2024, Number of persons, 22692
70-74 years, Total, Total, Timis, Year 2013, Number of persons, 25026
70-74 years, Total, Total, Timis, Year 2014, Number of persons, 23787
70-74 years, Total, Total, Timis, Year 2015, Number of persons, 23089
70-74 years, Total, Total, Timis, Year 2016, Number of persons, 22376
70-74 years, Total, Total, Timis, Year 2017, Number of persons, 23007
70-74 years, Total, Total, Timis, Year 2018, Number of persons, 24890
70-74 years, Total, Total, Timis, Year 2019, Number of persons, 27014
70-74 years, Total, Total, Timis, Year 2020, Number of persons, 29480
70-74 years, Total, Total, Timis, Year 2021, Number of persons, 31947
70-74 years, Total, Total, Timis, Year 2022, Number of persons, 33239
70-74 years, Total, Total, Timis, Year 2023, Number of persons, 34321
70-74 years, Total, Total, Timis, Year 2024, Number of persons, 34798
75-79 years, Total, Total, Bihor, Year 2013, Number of persons, 18918
75-79 years, Total, Total, Bihor, Year 2014, Number of persons, 19375
75-79 years, Total, Total, Bihor, Year 2015, Number of persons, 19303
75-79 years, Total, Total, Bihor, Year 2016, Number of persons, 19100
75-79 years, Total, Total, Bihor, Year 2017, Number of persons, 18806
75-79 years, Total, Total, Bihor, Year 2018, Number of persons, 18241
75-79 years, Total, Total, Bihor, Year 2019, Number of persons, 17417
75-79 years, Total, Total, Bihor, Year 2020, Number of persons, 17412
75-79 years, Total, Total, Bihor, Year 2021, Number of persons, 17147
75-79 years, Total, Total, Bihor, Year 2022, Number of persons, 17376
75-79 years, Total, Total, Bihor, Year 2023, Number of persons, 18020
75-79 years, Total, Total, Bihor, Year 2024, Number of persons, 19074
75-79 years, Total, Total, Bistrita-Nasaud, Year 2013, Number of persons, 9143
75-79 years, Total, Total, Bistrita-Nasaud, Year 2014, Number of persons, 9130
75-79 years, Total, Total, Bistrita-Nasaud, Year 2015, Number of persons, 9221
75-79 years, Total, Total, Bistrita-Nasaud, Year 2016, Number of persons, 9104
75-79 years, Total, Total, Bistrita-Nasaud, Year 2017, Number of persons, 9238
75-79 years, Total, Total, Bistrita-Nasaud, Year 2018, Number of persons, 9094
75-79 years, Total, Total, Bistrita-Nasaud, Year 2019, Number of persons, 8857
75-79 years, Total, Total, Bistrita-Nasaud, Year 2020, Number of persons, 8845
75-79 years, Total, Total, Bistrita-Nasaud, Year 2021, Number of persons, 8763
75-79 years, Total, Total, Bistrita-Nasaud, Year 2022, Number of persons, 8759
75-79 years, Total, Total, Bistrita-Nasaud, Year 2023, Number of persons, 8981
75-79 years, Total, Total, Bistrita-Nasaud, Year 2024, Number of persons, 9617
75-79 years, Total, Total, Cluj, Year 2013, Number of persons, 23782
75-79 years, Total, Total, Cluj, Year 2014, Number of persons, 24275
75-79 years, Total, Total, Cluj, Year 2015, Number of persons, 24979
75-79 years, Total, Total, Cluj, Year 2016, Number of persons, 25217
75-79 years, Total, Total, Cluj, Year 2017, Number of persons, 25569
75-79 years, Total, Total, Cluj, Year 2018, Number of persons, 25308
75-79 years, Total, Total, Cluj, Year 2019, Number of persons, 24460
75-79 years, Total, Total, Cluj, Year 2020, Number of persons, 24066
75-79 years, Total, Total, Cluj, Year 2021, Number of persons, 23299
75-79 years, Total, Total, Cluj, Year 2022, Number of persons, 23264
75-79 years, Total, Total, Cluj, Year 2023, Number of persons, 23526
75-79 years, Total, Total, Cluj, Year 2024, Number of persons, 24611
75-79 years, Total, Total, Maramures, Year 2013, Number of persons, 13989
75-79 years, Total, Total, Maramures, Year 2014, Number of persons, 14469
75-79 years, Total, Total, Maramures, Year 2015, Number of persons, 14980
75-79 years, Total, Total, Maramures, Year 2016, Number of persons, 14961
75-79 years, Total, Total, Maramures, Year 2017, Number of persons, 15325
75-79 years, Total, Total, Maramures, Year 2018, Number of persons, 15294
75-79 years, Total, Total, Maramures, Year 2019, Number of persons, 15167
75-79 years, Total, Total, Maramures, Year 2020, Number of persons, 15345
75-79 years, Total, Total, Maramures, Year 2021, Number of persons, 14943
75-79 years, Total, Total, Maramures, Year 2022, Number of persons, 15047
75-79 years, Total, Total, Maramures, Year 2023, Number of persons, 15230
75-79 years, Total, Total, Maramures, Year 2024, Number of persons, 15839
75-79 years, Total, Total, Satu Mare, Year 2013, Number of persons, 9435
75-79 years, Total, Total, Satu Mare, Year 2014, Number of persons, 9766
75-79 years, Total, Total, Satu Mare, Year 2015, Number of persons, 9973
75-79 years, Total, Total, Satu Mare, Year 2016, Number of persons, 9770
75-79 years, Total, Total, Satu Mare, Year 2017, Number of persons, 9844
75-79 years, Total, Total, Satu Mare, Year 2018, Number of persons, 9781
75-79 years, Total, Total, Satu Mare, Year 2019, Number of persons, 9776
75-79 years, Total, Total, Satu Mare, Year 2020, Number of persons, 10006
75-79 years, Total, Total, Satu Mare, Year 2021, Number of persons, 9898
75-79 years, Total, Total, Satu Mare, Year 2022, Number of persons, 9863
75-79 years, Total, Total, Satu Mare, Year 2023, Number of persons, 10005
75-79 years, Total, Total, Satu Mare, Year 2024, Number of persons, 10506
75-79 years, Total, Total, Salaj, Year 2013, Number of persons, 8448
75-79 years, Total, Total, Salaj, Year 2014, Number of persons, 8609
75-79 years, Total, Total, Salaj, Year 2015, Number of persons, 8625
75-79 years, Total, Total, Salaj, Year 2016, Number of persons, 8681
75-79 years, Total, Total, Salaj, Year 2017, Number of persons, 8731
75-79 years, Total, Total, Salaj, Year 2018, Number of persons, 8567
75-79 years, Total, Total, Salaj, Year 2019, Number of persons, 8137
75-79 years, Total, Total, Salaj, Year 2020, Number of persons, 8238
75-79 years, Total, Total, Salaj, Year 2021, Number of persons, 7934
75-79 years, Total, Total, Salaj, Year 2022, Number of persons, 7728
75-79 years, Total, Total, Salaj, Year 2023, Number of persons, 7956
75-79 years, Total, Total, Salaj, Year 2024, Number of persons, 8265
75-79 years, Total, Total, Alba, Year 2013, Number of persons, 13011
75-79 years, Total, Total, Alba, Year 2014, Number of persons, 13291
75-79 years, Total, Total, Alba, Year 2015, Number of persons, 13410
75-79 years, Total, Total, Alba, Year 2016, Number of persons, 13261
75-79 years, Total, Total, Alba, Year 2017, Number of persons, 12879
75-79 years, Total, Total, Alba, Year 2018, Number of persons, 12415
75-79 years, Total, Total, Alba, Year 2019, Number of persons, 11750
75-79 years, Total, Total, Alba, Year 2020, Number of persons, 11596
75-79 years, Total, Total, Alba, Year 2021, Number of persons, 11251
75-79 years, Total, Total, Alba, Year 2022, Number of persons, 11351
75-79 years, Total, Total, Alba, Year 2023, Number of persons, 11901
75-79 years, Total, Total, Alba, Year 2024, Number of persons, 12663
75-79 years, Total, Total, Brasov, Year 2013, Number of persons, 17507
75-79 years, Total, Total, Brasov, Year 2014, Number of persons, 17990
75-79 years, Total, Total, Brasov, Year 2015, Number of persons, 18416
75-79 years, Total, Total, Brasov, Year 2016, Number of persons, 18333
75-79 years, Total, Total, Brasov, Year 2017, Number of persons, 18198
75-79 years, Total, Total, Brasov, Year 2018, Number of persons, 17483
75-79 years, Total, Total, Brasov, Year 2019, Number of persons, 16753
75-79 years, Total, Total, Brasov, Year 2020, Number of persons, 16186
75-79 years, Total, Total, Brasov, Year 2021, Number of persons, 15595
75-79 years, Total, Total, Brasov, Year 2022, Number of persons, 16044
75-79 years, Total, Total, Brasov, Year 2023, Number of persons, 16646
75-79 years, Total, Total, Brasov, Year 2024, Number of persons, 18099
75-79 years, Total, Total, Covasna, Year 2013, Number of persons, 6435
75-79 years, Total, Total, Covasna, Year 2014, Number of persons, 6627
75-79 years, Total, Total, Covasna, Year 2015, Number of persons, 6594
75-79 years, Total, Total, Covasna, Year 2016, Number of persons, 6687
75-79 years, Total, Total, Covasna, Year 2017, Number of persons, 6990
75-79 years, Total, Total, Covasna, Year 2018, Number of persons, 7104
75-79 years, Total, Total, Covasna, Year 2019, Number of persons, 7304
75-79 years, Total, Total, Covasna, Year 2020, Number of persons, 7513
75-79 years, Total, Total, Covasna, Year 2021, Number of persons, 7174
75-79 years, Total, Total, Covasna, Year 2022, Number of persons, 6881
75-79 years, Total, Total, Covasna, Year 2023, Number of persons, 6565
75-79 years, Total, Total, Covasna, Year 2024, Number of persons, 6504
75-79 years, Total, Total, Harghita, Year 2013, Number of persons, 9740
75-79 years, Total, Total, Harghita, Year 2014, Number of persons, 9953
75-79 years, Total, Total, Harghita, Year 2015, Number of persons, 10139
75-79 years, Total, Total, Harghita, Year 2016, Number of persons, 10063
75-79 years, Total, Total, Harghita, Year 2017, Number of persons, 10384
75-79 years, Total, Total, Harghita, Year 2018, Number of persons, 10670
75-79 years, Total, Total, Harghita, Year 2019, Number of persons, 10906
75-79 years, Total, Total, Harghita, Year 2020, Number of persons, 11286
75-79 years, Total, Total, Harghita, Year 2021, Number of persons, 11100
75-79 years, Total, Total, Harghita, Year 2022, Number of persons, 10762
75-79 years, Total, Total, Harghita, Year 2023, Number of persons, 10494
75-79 years, Total, Total, Harghita, Year 2024, Number of persons, 10381
75-79 years, Total, Total, Mures, Year 2013, Number of persons, 19127
75-79 years, Total, Total, Mures, Year 2014, Number of persons, 19380
75-79 years, Total, Total, Mures, Year 2015, Number of persons, 19670
75-79 years, Total, Total, Mures, Year 2016, Number of persons, 19535
75-79 years, Total, Total, Mures, Year 2017, Number of persons, 19898
75-79 years, Total, Total, Mures, Year 2018, Number of persons, 19970
75-79 years, Total, Total, Mures, Year 2019, Number of persons, 19667
75-79 years, Total, Total, Mures, Year 2020, Number of persons, 19585
75-79 years, Total, Total, Mures, Year 2021, Number of persons, 18844
75-79 years, Total, Total, Mures, Year 2022, Number of persons, 18550
75-79 years, Total, Total, Mures, Year 2023, Number of persons, 18311
75-79 years, Total, Total, Mures, Year 2024, Number of persons, 18740
75-79 years, Total, Total, Sibiu, Year 2013, Number of persons, 12282
75-79 years, Total, Total, Sibiu, Year 2014, Number of persons, 12547
75-79 years, Total, Total, Sibiu, Year 2015, Number of persons, 13043
75-79 years, Total, Total, Sibiu, Year 2016, Number of persons, 12913
75-79 years, Total, Total, Sibiu, Year 2017, Number of persons, 12676
75-79 years, Total, Total, Sibiu, Year 2018, Number of persons, 12248
75-79 years, Total, Total, Sibiu, Year 2019, Number of persons, 11720
75-79 years, Total, Total, Sibiu, Year 2020, Number of persons, 11533
75-79 years, Total, Total, Sibiu, Year 2021, Number of persons, 10983
75-79 years, Total, Total, Sibiu, Year 2022, Number of persons, 11307
75-79 years, Total, Total, Sibiu, Year 2023, Number of persons, 11949
75-79 years, Total, Total, Sibiu, Year 2024, Number of persons, 12944
75-79 years, Total, Total, Bacau, Year 2013, Number of persons, 23795
75-79 years, Total, Total, Bacau, Year 2014, Number of persons, 24178
75-79 years, Total, Total, Bacau, Year 2015, Number of persons, 24351
75-79 years, Total, Total, Bacau, Year 2016, Number of persons, 24072
75-79 years, Total, Total, Bacau, Year 2017, Number of persons, 23076
75-79 years, Total, Total, Bacau, Year 2018, Number of persons, 21637
75-79 years, Total, Total, Bacau, Year 2019, Number of persons, 20421
75-79 years, Total, Total, Bacau, Year 2020, Number of persons, 19263
75-79 years, Total, Total, Bacau, Year 2021, Number of persons, 18437
75-79 years, Total, Total, Bacau, Year 2022, Number of persons, 18431
75-79 years, Total, Total, Bacau, Year 2023, Number of persons, 18225
75-79 years, Total, Total, Bacau, Year 2024, Number of persons, 19353
75-79 years, Total, Total, Botosani, Year 2013, Number of persons, 17342
75-79 years, Total, Total, Botosani, Year 2014, Number of persons, 17346
75-79 years, Total, Total, Botosani, Year 2015, Number of persons, 17006
75-79 years, Total, Total, Botosani, Year 2016, Number of persons, 16961
75-79 years, Total, Total, Botosani, Year 2017, Number of persons, 16275
75-79 years, Total, Total, Botosani, Year 2018, Number of persons, 15292
75-79 years, Total, Total, Botosani, Year 2019, Number of persons, 14291
75-79 years, Total, Total, Botosani, Year 2020, Number of persons, 13117
75-79 years, Total, Total, Botosani, Year 2021, Number of persons, 11431
75-79 years, Total, Total, Botosani, Year 2022, Number of persons, 11287
75-79 years, Total, Total, Botosani, Year 2023, Number of persons, 10788
75-79 years, Total, Total, Botosani, Year 2024, Number of persons, 11405
75-79 years, Total, Total, Iasi, Year 2013, Number of persons, 24815
75-79 years, Total, Total, Iasi, Year 2014, Number of persons, 25382
75-79 years, Total, Total, Iasi, Year 2015, Number of persons, 25462
75-79 years, Total, Total, Iasi, Year 2016, Number of persons, 25440
75-79 years, Total, Total, Iasi, Year 2017, Number of persons, 24818
75-79 years, Total, Total, Iasi, Year 2018, Number of persons, 23280
75-79 years, Total, Total, Iasi, Year 2019, Number of persons, 21557
75-79 years, Total, Total, Iasi, Year 2020, Number of persons, 20305
75-79 years, Total, Total, Iasi, Year 2021, Number of persons, 18361
75-79 years, Total, Total, Iasi, Year 2022, Number of persons, 18755
75-79 years, Total, Total, Iasi, Year 2023, Number of persons, 18814
75-79 years, Total, Total, Iasi, Year 2024, Number of persons, 20895
75-79 years, Total, Total, Neamt, Year 2013, Number of persons, 20834
75-79 years, Total, Total, Neamt, Year 2014, Number of persons, 21303
75-79 years, Total, Total, Neamt, Year 2015, Number of persons, 21401
75-79 years, Total, Total, Neamt, Year 2016, Number of persons, 21235
75-79 years, Total, Total, Neamt, Year 2017, Number of persons, 20538
75-79 years, Total, Total, Neamt, Year 2018, Number of persons, 19255
75-79 years, Total, Total, Neamt, Year 2019, Number of persons, 17941
75-79 years, Total, Total, Neamt, Year 2020, Number of persons, 16795
75-79 years, Total, Total, Neamt, Year 2021, Number of persons, 15778
75-79 years, Total, Total, Neamt, Year 2022, Number of persons, 15814
75-79 years, Total, Total, Neamt, Year 2023, Number of persons, 15710
75-79 years, Total, Total, Neamt, Year 2024, Number of persons, 16622
75-79 years, Total, Total, Suceava, Year 2013, Number of persons, 24393
75-79 years, Total, Total, Suceava, Year 2014, Number of persons, 24505
75-79 years, Total, Total, Suceava, Year 2015, Number of persons, 24494
75-79 years, Total, Total, Suceava, Year 2016, Number of persons, 23902
75-79 years, Total, Total, Suceava, Year 2017, Number of persons, 22965
75-79 years, Total, Total, Suceava, Year 2018, Number of persons, 21406
75-79 years, Total, Total, Suceava, Year 2019, Number of persons, 20046
75-79 years, Total, Total, Suceava, Year 2020, Number of persons, 18647
75-79 years, Total, Total, Suceava, Year 2021, Number of persons, 16430
75-79 years, Total, Total, Suceava, Year 2022, Number of persons, 17164
75-79 years, Total, Total, Suceava, Year 2023, Number of persons, 17422
75-79 years, Total, Total, Suceava, Year 2024, Number of persons, 18598
75-79 years, Total, Total, Vaslui, Year 2013, Number of persons, 15420
75-79 years, Total, Total, Vaslui, Year 2014, Number of persons, 15396
75-79 years, Total, Total, Vaslui, Year 2015, Number of persons, 15301
75-79 years, Total, Total, Vaslui, Year 2016, Number of persons, 15015
75-79 years, Total, Total, Vaslui, Year 2017, Number of persons, 14339
75-79 years, Total, Total, Vaslui, Year 2018, Number of persons, 13558
75-79 years, Total, Total, Vaslui, Year 2019, Number of persons, 13109
75-79 years, Total, Total, Vaslui, Year 2020, Number of persons, 12423
75-79 years, Total, Total, Vaslui, Year 2021, Number of persons, 11713
75-79 years, Total, Total, Vaslui, Year 2022, Number of persons, 11764
75-79 years, Total, Total, Vaslui, Year 2023, Number of persons, 11397
75-79 years, Total, Total, Vaslui, Year 2024, Number of persons, 11965
75-79 years, Total, Total, Braila, Year 2013, Number of persons, 14058
75-79 years, Total, Total, Braila, Year 2014, Number of persons, 13873
75-79 years, Total, Total, Braila, Year 2015, Number of persons, 13919
75-79 years, Total, Total, Braila, Year 2016, Number of persons, 13936
75-79 years, Total, Total, Braila, Year 2017, Number of persons, 13377
75-79 years, Total, Total, Braila, Year 2018, Number of persons, 12706
75-79 years, Total, Total, Braila, Year 2019, Number of persons, 11858
75-79 years, Total, Total, Braila, Year 2020, Number of persons, 11143
75-79 years, Total, Total, Braila, Year 2021, Number of persons, 10168
75-79 years, Total, Total, Braila, Year 2022, Number of persons, 10355
75-79 years, Total, Total, Braila, Year 2023, Number of persons, 10220
75-79 years, Total, Total, Braila, Year 2024, Number of persons, 10667
75-79 years, Total, Total, Buzau, Year 2013, Number of persons, 20546
75-79 years, Total, Total, Buzau, Year 2014, Number of persons, 20274
75-79 years, Total, Total, Buzau, Year 2015, Number of persons, 19922
75-79 years, Total, Total, Buzau, Year 2016, Number of persons, 19709
75-79 years, Total, Total, Buzau, Year 2017, Number of persons, 19135
75-79 years, Total, Total, Buzau, Year 2018, Number of persons, 18092
75-79 years, Total, Total, Buzau, Year 2019, Number of persons, 17194
75-79 years, Total, Total, Buzau, Year 2020, Number of persons, 16400
75-79 years, Total, Total, Buzau, Year 2021, Number of persons, 15355
75-79 years, Total, Total, Buzau, Year 2022, Number of persons, 15191
75-79 years, Total, Total, Buzau, Year 2023, Number of persons, 14692
75-79 years, Total, Total, Buzau, Year 2024, Number of persons, 14885
75-79 years, Total, Total, Constanta, Year 2013, Number of persons, 20610
75-79 years, Total, Total, Constanta, Year 2014, Number of persons, 21147
75-79 years, Total, Total, Constanta, Year 2015, Number of persons, 21484
75-79 years, Total, Total, Constanta, Year 2016, Number of persons, 21545
75-79 years, Total, Total, Constanta, Year 2017, Number of persons, 21432
75-79 years, Total, Total, Constanta, Year 2018, Number of persons, 20842
75-79 years, Total, Total, Constanta, Year 2019, Number of persons, 20381
75-79 years, Total, Total, Constanta, Year 2020, Number of persons, 19996
75-79 years, Total, Total, Constanta, Year 2021, Number of persons, 18864
75-79 years, Total, Total, Constanta, Year 2022, Number of persons, 19365
75-79 years, Total, Total, Constanta, Year 2023, Number of persons, 19939
75-79 years, Total, Total, Constanta, Year 2024, Number of persons, 21076
75-79 years, Total, Total, Galati, Year 2013, Number of persons, 19219
75-79 years, Total, Total, Galati, Year 2014, Number of persons, 19254
75-79 years, Total, Total, Galati, Year 2015, Number of persons, 18997
75-79 years, Total, Total, Galati, Year 2016, Number of persons, 18946
75-79 years, Total, Total, Galati, Year 2017, Number of persons, 18641
75-79 years, Total, Total, Galati, Year 2018, Number of persons, 17929
75-79 years, Total, Total, Galati, Year 2019, Number of persons, 17553
75-79 years, Total, Total, Galati, Year 2020, Number of persons, 16970
75-79 years, Total, Total, Galati, Year 2021, Number of persons, 16001
75-79 years, Total, Total, Galati, Year 2022, Number of persons, 16605
75-79 years, Total, Total, Galati, Year 2023, Number of persons, 16278
75-79 years, Total, Total, Galati, Year 2024, Number of persons, 16762
75-79 years, Total, Total, Tulcea, Year 2013, Number of persons, 7584
75-79 years, Total, Total, Tulcea, Year 2014, Number of persons, 7512
75-79 years, Total, Total, Tulcea, Year 2015, Number of persons, 7277
75-79 years, Total, Total, Tulcea, Year 2016, Number of persons, 7070
75-79 years, Total, Total, Tulcea, Year 2017, Number of persons, 6981
75-79 years, Total, Total, Tulcea, Year 2018, Number of persons, 6839
75-79 years, Total, Total, Tulcea, Year 2019, Number of persons, 6718
75-79 years, Total, Total, Tulcea, Year 2020, Number of persons, 6638
75-79 years, Total, Total, Tulcea, Year 2021, Number of persons, 6504
75-79 years, Total, Total, Tulcea, Year 2022, Number of persons, 6426
75-79 years, Total, Total, Tulcea, Year 2023, Number of persons, 6215
75-79 years, Total, Total, Tulcea, Year 2024, Number of persons, 6509
75-79 years, Total, Total, Vrancea, Year 2013, Number of persons, 14366
75-79 years, Total, Total, Vrancea, Year 2014, Number of persons, 14346
75-79 years, Total, Total, Vrancea, Year 2015, Number of persons, 14288
75-79 years, Total, Total, Vrancea, Year 2016, Number of persons, 14111
75-79 years, Total, Total, Vrancea, Year 2017, Number of persons, 13345
75-79 years, Total, Total, Vrancea, Year 2018, Number of persons, 12816
75-79 years, Total, Total, Vrancea, Year 2019, Number of persons, 12065
75-79 years, Total, Total, Vrancea, Year 2020, Number of persons, 11569
75-79 years, Total, Total, Vrancea, Year 2021, Number of persons, 10947
75-79 years, Total, Total, Vrancea, Year 2022, Number of persons, 10894
75-79 years, Total, Total, Vrancea, Year 2023, Number of persons, 10745
75-79 years, Total, Total, Vrancea, Year 2024, Number of persons, 11173
75-79 years, Total, Total, Arges, Year 2013, Number of persons, 22235
75-79 years, Total, Total, Arges, Year 2014, Number of persons, 23064
75-79 years, Total, Total, Arges, Year 2015, Number of persons, 23238
75-79 years, Total, Total, Arges, Year 2016, Number of persons, 22817
75-79 years, Total, Total, Arges, Year 2017, Number of persons, 22014
75-79 years, Total, Total, Arges, Year 2018, Number of persons, 21175
75-79 years, Total, Total, Arges, Year 2019, Number of persons, 20165
75-79 years, Total, Total, Arges, Year 2020, Number of persons, 20046
75-79 years, Total, Total, Arges, Year 2021, Number of persons, 19298
75-79 years, Total, Total, Arges, Year 2022, Number of persons, 19784
75-79 years, Total, Total, Arges, Year 2023, Number of persons, 20605
75-79 years, Total, Total, Arges, Year 2024, Number of persons, 21693
75-79 years, Total, Total, Calarasi, Year 2013, Number of persons, 13162
75-79 years, Total, Total, Calarasi, Year 2014, Number of persons, 13107
75-79 years, Total, Total, Calarasi, Year 2015, Number of persons, 12969
75-79 years, Total, Total, Calarasi, Year 2016, Number of persons, 12914
75-79 years, Total, Total, Calarasi, Year 2017, Number of persons, 12401
75-79 years, Total, Total, Calarasi, Year 2018, Number of persons, 11729
75-79 years, Total, Total, Calarasi, Year 2019, Number of persons, 11105
75-79 years, Total, Total, Calarasi, Year 2020, Number of persons, 10830
75-79 years, Total, Total, Calarasi, Year 2021, Number of persons, 10071
75-79 years, Total, Total, Calarasi, Year 2022, Number of persons, 9650
75-79 years, Total, Total, Calarasi, Year 2023, Number of persons, 9597
75-79 years, Total, Total, Calarasi, Year 2024, Number of persons, 9726
75-79 years, Total, Total, Dambovita, Year 2013, Number of persons, 18478
75-79 years, Total, Total, Dambovita, Year 2014, Number of persons, 18838
75-79 years, Total, Total, Dambovita, Year 2015, Number of persons, 19058
75-79 years, Total, Total, Dambovita, Year 2016, Number of persons, 18747
75-79 years, Total, Total, Dambovita, Year 2017, Number of persons, 18021
75-79 years, Total, Total, Dambovita, Year 2018, Number of persons, 17056
75-79 years, Total, Total, Dambovita, Year 2019, Number of persons, 16005
75-79 years, Total, Total, Dambovita, Year 2020, Number of persons, 15619
75-79 years, Total, Total, Dambovita, Year 2021, Number of persons, 15031
75-79 years, Total, Total, Dambovita, Year 2022, Number of persons, 14965
75-79 years, Total, Total, Dambovita, Year 2023, Number of persons, 15767
75-79 years, Total, Total, Dambovita, Year 2024, Number of persons, 16695
75-79 years, Total, Total, Giurgiu, Year 2013, Number of persons, 12723
75-79 years, Total, Total, Giurgiu, Year 2014, Number of persons, 12758
75-79 years, Total, Total, Giurgiu, Year 2015, Number of persons, 12838
75-79 years, Total, Total, Giurgiu, Year 2016, Number of persons, 12525
75-79 years, Total, Total, Giurgiu, Year 2017, Number of persons, 11755
75-79 years, Total, Total, Giurgiu, Year 2018, Number of persons, 10865
75-79 years, Total, Total, Giurgiu, Year 2019, Number of persons, 10157
75-79 years, Total, Total, Giurgiu, Year 2020, Number of persons, 9771
75-79 years, Total, Total, Giurgiu, Year 2021, Number of persons, 9286
75-79 years, Total, Total, Giurgiu, Year 2022, Number of persons, 9107
75-79 years, Total, Total, Giurgiu, Year 2023, Number of persons, 9669
75-79 years, Total, Total, Giurgiu, Year 2024, Number of persons, 10202
75-79 years, Total, Total, Ialomita, Year 2013, Number of persons, 11179
75-79 years, Total, Total, Ialomita, Year 2014, Number of persons, 11211
75-79 years, Total, Total, Ialomita, Year 2015, Number of persons, 10950
75-79 years, Total, Total, Ialomita, Year 2016, Number of persons, 10861
75-79 years, Total, Total, Ialomita, Year 2017, Number of persons, 10441
75-79 years, Total, Total, Ialomita, Year 2018, Number of persons, 9937
75-79 years, Total, Total, Ialomita, Year 2019, Number of persons, 9510
75-79 years, Total, Total, Ialomita, Year 2020, Number of persons, 9384
75-79 years, Total, Total, Ialomita, Year 2021, Number of persons, 8717
75-79 years, Total, Total, Ialomita, Year 2022, Number of persons, 8479
75-79 years, Total, Total, Ialomita, Year 2023, Number of persons, 8417
75-79 years, Total, Total, Ialomita, Year 2024, Number of persons, 8563
75-79 years, Total, Total, Prahova, Year 2013, Number of persons, 31107
75-79 years, Total, Total, Prahova, Year 2014, Number of persons, 31509
75-79 years, Total, Total, Prahova, Year 2015, Number of persons, 31932
75-79 years, Total, Total, Prahova, Year 2016, Number of persons, 31238
75-79 years, Total, Total, Prahova, Year 2017, Number of persons, 30221
75-79 years, Total, Total, Prahova, Year 2018, Number of persons, 28693
75-79 years, Total, Total, Prahova, Year 2019, Number of persons, 26842
75-79 years, Total, Total, Prahova, Year 2020, Number of persons, 25605
75-79 years, Total, Total, Prahova, Year 2021, Number of persons, 24472
75-79 years, Total, Total, Prahova, Year 2022, Number of persons, 24544
75-79 years, Total, Total, Prahova, Year 2023, Number of persons, 24745
75-79 years, Total, Total, Prahova, Year 2024, Number of persons, 25470
75-79 years, Total, Total, Teleorman, Year 2013, Number of persons, 20080
75-79 years, Total, Total, Teleorman, Year 2014, Number of persons, 20505
75-79 years, Total, Total, Teleorman, Year 2015, Number of persons, 20401
75-79 years, Total, Total, Teleorman, Year 2016, Number of persons, 20413
75-79 years, Total, Total, Teleorman, Year 2017, Number of persons, 19219
75-79 years, Total, Total, Teleorman, Year 2018, Number of persons, 18002
75-79 years, Total, Total, Teleorman, Year 2019, Number of persons, 17173
75-79 years, Total, Total, Teleorman, Year 2020, Number of persons, 16862
75-79 years, Total, Total, Teleorman, Year 2021, Number of persons, 15537
75-79 years, Total, Total, Teleorman, Year 2022, Number of persons, 14838
75-79 years, Total, Total, Teleorman, Year 2023, Number of persons, 15657
75-79 years, Total, Total, Teleorman, Year 2024, Number of persons, 16598
75-79 years, Total, Total, Ilfov, Year 2013, Number of persons, 11178
75-79 years, Total, Total, Ilfov, Year 2014, Number of persons, 11523
75-79 years, Total, Total, Ilfov, Year 2015, Number of persons, 11827
75-79 years, Total, Total, Ilfov, Year 2016, Number of persons, 11900
75-79 years, Total, Total, Ilfov, Year 2017, Number of persons, 11646
75-79 years, Total, Total, Ilfov, Year 2018, Number of persons, 11279
75-79 years, Total, Total, Ilfov, Year 2019, Number of persons, 10861
75-79 years, Total, Total, Ilfov, Year 2020, Number of persons, 10708
75-79 years, Total, Total, Ilfov, Year 2021, Number of persons, 10588
75-79 years, Total, Total, Ilfov, Year 2022, Number of persons, 10753
75-79 years, Total, Total, Ilfov, Year 2023, Number of persons, 11465
75-79 years, Total, Total, Ilfov, Year 2024, Number of persons, 12441
75-79 years, Total, Total, Bucharest Municipality, Year 2013, Number of persons, 58273
75-79 years, Total, Total, Bucharest Municipality, Year 2014, Number of persons, 59033
75-79 years, Total, Total, Bucharest Municipality, Year 2015, Number of persons, 59378
75-79 years, Total, Total, Bucharest Municipality, Year 2016, Number of persons, 57684
75-79 years, Total, Total, Bucharest Municipality, Year 2017, Number of persons, 55298
75-79 years, Total, Total, Bucharest Municipality, Year 2018, Number of persons, 52786
75-79 years, Total, Total, Bucharest Municipality, Year 2019, Number of persons, 50710
75-79 years, Total, Total, Bucharest Municipality, Year 2020, Number of persons, 49017
75-79 years, Total, Total, Bucharest Municipality, Year 2021, Number of persons, 47282
75-79 years, Total, Total, Bucharest Municipality, Year 2022, Number of persons, 49933
75-79 years, Total, Total, Bucharest Municipality, Year 2023, Number of persons, 51576
75-79 years, Total, Total, Bucharest Municipality, Year 2024, Number of persons, 54648
75-79 years, Total, Total, Dolj, Year 2013, Number of persons, 27511
75-79 years, Total, Total, Dolj, Year 2014, Number of persons, 28109
75-79 years, Total, Total, Dolj, Year 2015, Number of persons, 28129
75-79 years, Total, Total, Dolj, Year 2016, Number of persons, 27141
75-79 years, Total, Total, Dolj, Year 2017, Number of persons, 25322
75-79 years, Total, Total, Dolj, Year 2018, Number of persons, 23686
75-79 years, Total, Total, Dolj, Year 2019, Number of persons, 22011
75-79 years, Total, Total, Dolj, Year 2020, Number of persons, 21807
75-79 years, Total, Total, Dolj, Year 2021, Number of persons, 20454
75-79 years, Total, Total, Dolj, Year 2022, Number of persons, 21192
75-79 years, Total, Total, Dolj, Year 2023, Number of persons, 22106
75-79 years, Total, Total, Dolj, Year 2024, Number of persons, 23775
75-79 years, Total, Total, Gorj, Year 2013, Number of persons, 12548
75-79 years, Total, Total, Gorj, Year 2014, Number of persons, 12714
75-79 years, Total, Total, Gorj, Year 2015, Number of persons, 12518
75-79 years, Total, Total, Gorj, Year 2016, Number of persons, 12203
75-79 years, Total, Total, Gorj, Year 2017, Number of persons, 11340
75-79 years, Total, Total, Gorj, Year 2018, Number of persons, 10676
75-79 years, Total, Total, Gorj, Year 2019, Number of persons, 9805
75-79 years, Total, Total, Gorj, Year 2020, Number of persons, 9732
75-79 years, Total, Total, Gorj, Year 2021, Number of persons, 9196
75-79 years, Total, Total, Gorj, Year 2022, Number of persons, 9416
75-79 years, Total, Total, Gorj, Year 2023, Number of persons, 10149
75-79 years, Total, Total, Gorj, Year 2024, Number of persons, 11024
75-79 years, Total, Total, Mehedinti, Year 2013, Number of persons, 11060
75-79 years, Total, Total, Mehedinti, Year 2014, Number of persons, 11176
75-79 years, Total, Total, Mehedinti, Year 2015, Number of persons, 11011
75-79 years, Total, Total, Mehedinti, Year 2016, Number of persons, 10671
75-79 years, Total, Total, Mehedinti, Year 2017, Number of persons, 9989
75-79 years, Total, Total, Mehedinti, Year 2018, Number of persons, 9332
75-79 years, Total, Total, Mehedinti, Year 2019, Number of persons, 8657
75-79 years, Total, Total, Mehedinti, Year 2020, Number of persons, 8661
75-79 years, Total, Total, Mehedinti, Year 2021, Number of persons, 8311
75-79 years, Total, Total, Mehedinti, Year 2022, Number of persons, 8450
75-79 years, Total, Total, Mehedinti, Year 2023, Number of persons, 8844
75-79 years, Total, Total, Mehedinti, Year 2024, Number of persons, 9710
75-79 years, Total, Total, Olt, Year 2013, Number of persons, 18631
75-79 years, Total, Total, Olt, Year 2014, Number of persons, 19291
75-79 years, Total, Total, Olt, Year 2015, Number of persons, 19244
75-79 years, Total, Total, Olt, Year 2016, Number of persons, 18886
75-79 years, Total, Total, Olt, Year 2017, Number of persons, 17963
75-79 years, Total, Total, Olt, Year 2018, Number of persons, 17014
75-79 years, Total, Total, Olt, Year 2019, Number of persons, 15701
75-79 years, Total, Total, Olt, Year 2020, Number of persons, 15634
75-79 years, Total, Total, Olt, Year 2021, Number of persons, 14917
75-79 years, Total, Total, Olt, Year 2022, Number of persons, 14640
75-79 years, Total, Total, Olt, Year 2023, Number of persons, 15178
75-79 years, Total, Total, Olt, Year 2024, Number of persons, 16367
75-79 years, Total, Total, Valcea, Year 2013, Number of persons, 17221
75-79 years, Total, Total, Valcea, Year 2014, Number of persons, 17526
75-79 years, Total, Total, Valcea, Year 2015, Number of persons, 17345
75-79 years, Total, Total, Valcea, Year 2016, Number of persons, 16724
75-79 years, Total, Total, Valcea, Year 2017, Number of persons, 15789
75-79 years, Total, Total, Valcea, Year 2018, Number of persons, 14862
75-79 years, Total, Total, Valcea, Year 2019, Number of persons, 14306
75-79 years, Total, Total, Valcea, Year 2020, Number of persons, 14486
75-79 years, Total, Total, Valcea, Year 2021, Number of persons, 14170
75-79 years, Total, Total, Valcea, Year 2022, Number of persons, 13088
75-79 years, Total, Total, Valcea, Year 2023, Number of persons, 14060
75-79 years, Total, Total, Valcea, Year 2024, Number of persons, 14939
75-79 years, Total, Total, Arad, Year 2013, Number of persons, 15370
75-79 years, Total, Total, Arad, Year 2014, Number of persons, 15745
75-79 years, Total, Total, Arad, Year 2015, Number of persons, 16077
75-79 years, Total, Total, Arad, Year 2016, Number of persons, 15983
75-79 years, Total, Total, Arad, Year 2017, Number of persons, 15595
75-79 years, Total, Total, Arad, Year 2018, Number of persons, 14479
75-79 years, Total, Total, Arad, Year 2019, Number of persons, 13259
75-79 years, Total, Total, Arad, Year 2020, Number of persons, 12669
75-79 years, Total, Total, Arad, Year 2021, Number of persons, 12050
75-79 years, Total, Total, Arad, Year 2022, Number of persons, 12496
75-79 years, Total, Total, Arad, Year 2023, Number of persons, 13680
75-79 years, Total, Total, Arad, Year 2024, Number of persons, 15239
75-79 years, Total, Total, Caras-Severin, Year 2013, Number of persons, 10745
75-79 years, Total, Total, Caras-Severin, Year 2014, Number of persons, 11105
75-79 years, Total, Total, Caras-Severin, Year 2015, Number of persons, 11302
75-79 years, Total, Total, Caras-Severin, Year 2016, Number of persons, 11416
75-79 years, Total, Total, Caras-Severin, Year 2017, Number of persons, 11186
75-79 years, Total, Total, Caras-Severin, Year 2018, Number of persons, 10619
75-79 years, Total, Total, Caras-Severin, Year 2019, Number of persons, 9912
75-79 years, Total, Total, Caras-Severin, Year 2020, Number of persons, 9706
75-79 years, Total, Total, Caras-Severin, Year 2021, Number of persons, 9248
75-79 years, Total, Total, Caras-Severin, Year 2022, Number of persons, 9391
75-79 years, Total, Total, Caras-Severin, Year 2023, Number of persons, 10035
75-79 years, Total, Total, Caras-Severin, Year 2024, Number of persons, 10884
75-79 years, Total, Total, Hunedoara, Year 2013, Number of persons, 15424
75-79 years, Total, Total, Hunedoara, Year 2014, Number of persons, 16139
75-79 years, Total, Total, Hunedoara, Year 2015, Number of persons, 16578
75-79 years, Total, Total, Hunedoara, Year 2016, Number of persons, 16696
75-79 years, Total, Total, Hunedoara, Year 2017, Number of persons, 16295
75-79 years, Total, Total, Hunedoara, Year 2018, Number of persons, 15802
75-79 years, Total, Total, Hunedoara, Year 2019, Number of persons, 14947
75-79 years, Total, Total, Hunedoara, Year 2020, Number of persons, 14477
75-79 years, Total, Total, Hunedoara, Year 2021, Number of persons, 13652
75-79 years, Total, Total, Hunedoara, Year 2022, Number of persons, 14161
75-79 years, Total, Total, Hunedoara, Year 2023, Number of persons, 14704
75-79 years, Total, Total, Hunedoara, Year 2024, Number of persons, 15501
75-79 years, Total, Total, Timis, Year 2013, Number of persons, 19455
75-79 years, Total, Total, Timis, Year 2014, Number of persons, 20102
75-79 years, Total, Total, Timis, Year 2015, Number of persons, 20673
75-79 years, Total, Total, Timis, Year 2016, Number of persons, 20939
75-79 years, Total, Total, Timis, Year 2017, Number of persons, 20983
75-79 years, Total, Total, Timis, Year 2018, Number of persons, 20144
75-79 years, Total, Total, Timis, Year 2019, Number of persons, 19238
75-79 years, Total, Total, Timis, Year 2020, Number of persons, 18654
75-79 years, Total, Total, Timis, Year 2021, Number of persons, 17941
75-79 years, Total, Total, Timis, Year 2022, Number of persons, 18536
75-79 years, Total, Total, Timis, Year 2023, Number of persons, 19832
75-79 years, Total, Total, Timis, Year 2024, Number of persons, 21835
80-84 years, Total, Total, Bihor, Year 2013, Number of persons, 12422
80-84 years, Total, Total, Bihor, Year 2014, Number of persons, 12263
80-84 years, Total, Total, Bihor, Year 2015, Number of persons, 12403
80-84 years, Total, Total, Bihor, Year 2016, Number of persons, 12304
80-84 years, Total, Total, Bihor, Year 2017, Number of persons, 12614
80-84 years, Total, Total, Bihor, Year 2018, Number of persons, 12693
80-84 years, Total, Total, Bihor, Year 2019, Number of persons, 13072
80-84 years, Total, Total, Bihor, Year 2020, Number of persons, 13027
80-84 years, Total, Total, Bihor, Year 2021, Number of persons, 12842
80-84 years, Total, Total, Bihor, Year 2022, Number of persons, 12173
80-84 years, Total, Total, Bihor, Year 2023, Number of persons, 11907
80-84 years, Total, Total, Bihor, Year 2024, Number of persons, 11371
80-84 years, Total, Total, Bistrita-Nasaud, Year 2013, Number of persons, 6203
80-84 years, Total, Total, Bistrita-Nasaud, Year 2014, Number of persons, 6278
80-84 years, Total, Total, Bistrita-Nasaud, Year 2015, Number of persons, 6232
80-84 years, Total, Total, Bistrita-Nasaud, Year 2016, Number of persons, 6188
80-84 years, Total, Total, Bistrita-Nasaud, Year 2017, Number of persons, 6327
80-84 years, Total, Total, Bistrita-Nasaud, Year 2018, Number of persons, 6263
80-84 years, Total, Total, Bistrita-Nasaud, Year 2019, Number of persons, 6232
80-84 years, Total, Total, Bistrita-Nasaud, Year 2020, Number of persons, 6415
80-84 years, Total, Total, Bistrita-Nasaud, Year 2021, Number of persons, 6242
80-84 years, Total, Total, Bistrita-Nasaud, Year 2022, Number of persons, 6198
80-84 years, Total, Total, Bistrita-Nasaud, Year 2023, Number of persons, 6187
80-84 years, Total, Total, Bistrita-Nasaud, Year 2024, Number of persons, 6054
80-84 years, Total, Total, Cluj, Year 2013, Number of persons, 15913
80-84 years, Total, Total, Cluj, Year 2014, Number of persons, 16119
80-84 years, Total, Total, Cluj, Year 2015, Number of persons, 16334
80-84 years, Total, Total, Cluj, Year 2016, Number of persons, 16250
80-84 years, Total, Total, Cluj, Year 2017, Number of persons, 16683
80-84 years, Total, Total, Cluj, Year 2018, Number of persons, 16935
80-84 years, Total, Total, Cluj, Year 2019, Number of persons, 17500
80-84 years, Total, Total, Cluj, Year 2020, Number of persons, 18300
80-84 years, Total, Total, Cluj, Year 2021, Number of persons, 18400
80-84 years, Total, Total, Cluj, Year 2022, Number of persons, 17960
80-84 years, Total, Total, Cluj, Year 2023, Number of persons, 17959
80-84 years, Total, Total, Cluj, Year 2024, Number of persons, 17370
80-84 years, Total, Total, Maramures, Year 2013, Number of persons, 8849
80-84 years, Total, Total, Maramures, Year 2014, Number of persons, 8991
80-84 years, Total, Total, Maramures, Year 2015, Number of persons, 9180
80-84 years, Total, Total, Maramures, Year 2016, Number of persons, 9299
80-84 years, Total, Total, Maramures, Year 2017, Number of persons, 9392
80-84 years, Total, Total, Maramures, Year 2018, Number of persons, 9535
80-84 years, Total, Total, Maramures, Year 2019, Number of persons, 9864
80-84 years, Total, Total, Maramures, Year 2020, Number of persons, 10277
80-84 years, Total, Total, Maramures, Year 2021, Number of persons, 10131
80-84 years, Total, Total, Maramures, Year 2022, Number of persons, 10178
80-84 years, Total, Total, Maramures, Year 2023, Number of persons, 10202
80-84 years, Total, Total, Maramures, Year 2024, Number of persons, 10146
80-84 years, Total, Total, Satu Mare, Year 2013, Number of persons, 5812
80-84 years, Total, Total, Satu Mare, Year 2014, Number of persons, 5820
80-84 years, Total, Total, Satu Mare, Year 2015, Number of persons, 5860
80-84 years, Total, Total, Satu Mare, Year 2016, Number of persons, 5936
80-84 years, Total, Total, Satu Mare, Year 2017, Number of persons, 6041
80-84 years, Total, Total, Satu Mare, Year 2018, Number of persons, 6187
80-84 years, Total, Total, Satu Mare, Year 2019, Number of persons, 6442
80-84 years, Total, Total, Satu Mare, Year 2020, Number of persons, 6556
80-84 years, Total, Total, Satu Mare, Year 2021, Number of persons, 6344
80-84 years, Total, Total, Satu Mare, Year 2022, Number of persons, 6108
80-84 years, Total, Total, Satu Mare, Year 2023, Number of persons, 6161
80-84 years, Total, Total, Satu Mare, Year 2024, Number of persons, 6125
80-84 years, Total, Total, Salaj, Year 2013, Number of persons, 5479
80-84 years, Total, Total, Salaj, Year 2014, Number of persons, 5502
80-84 years, Total, Total, Salaj, Year 2015, Number of persons, 5621
80-84 years, Total, Total, Salaj, Year 2016, Number of persons, 5506
80-84 years, Total, Total, Salaj, Year 2017, Number of persons, 5789
80-84 years, Total, Total, Salaj, Year 2018, Number of persons, 5827
80-84 years, Total, Total, Salaj, Year 2019, Number of persons, 5957
80-84 years, Total, Total, Salaj, Year 2020, Number of persons, 5975
80-84 years, Total, Total, Salaj, Year 2021, Number of persons, 6034
80-84 years, Total, Total, Salaj, Year 2022, Number of persons, 5548
80-84 years, Total, Total, Salaj, Year 2023, Number of persons, 5399
80-84 years, Total, Total, Salaj, Year 2024, Number of persons, 5222
80-84 years, Total, Total, Alba, Year 2013, Number of persons, 8513
80-84 years, Total, Total, Alba, Year 2014, Number of persons, 8518
80-84 years, Total, Total, Alba, Year 2015, Number of persons, 8597
80-84 years, Total, Total, Alba, Year 2016, Number of persons, 8638
80-84 years, Total, Total, Alba, Year 2017, Number of persons, 8987
80-84 years, Total, Total, Alba, Year 2018, Number of persons, 9189
80-84 years, Total, Total, Alba, Year 2019, Number of persons, 9362
80-84 years, Total, Total, Alba, Year 2020, Number of persons, 9589
80-84 years, Total, Total, Alba, Year 2021, Number of persons, 9447
80-84 years, Total, Total, Alba, Year 2022, Number of persons, 8678
80-84 years, Total, Total, Alba, Year 2023, Number of persons, 8469
80-84 years, Total, Total, Alba, Year 2024, Number of persons, 8085
80-84 years, Total, Total, Brasov, Year 2013, Number of persons, 11625
80-84 years, Total, Total, Brasov, Year 2014, Number of persons, 11740
80-84 years, Total, Total, Brasov, Year 2015, Number of persons, 12033
80-84 years, Total, Total, Brasov, Year 2016, Number of persons, 12068
80-84 years, Total, Total, Brasov, Year 2017, Number of persons, 12467
80-84 years, Total, Total, Brasov, Year 2018, Number of persons, 12725
80-84 years, Total, Total, Brasov, Year 2019, Number of persons, 13111
80-84 years, Total, Total, Brasov, Year 2020, Number of persons, 13505
80-84 years, Total, Total, Brasov, Year 2021, Number of persons, 13341
80-84 years, Total, Total, Brasov, Year 2022, Number of persons, 13017
80-84 years, Total, Total, Brasov, Year 2023, Number of persons, 12480
80-84 years, Total, Total, Brasov, Year 2024, Number of persons, 12126
80-84 years, Total, Total, Covasna, Year 2013, Number of persons, 4216
80-84 years, Total, Total, Covasna, Year 2014, Number of persons, 4209
80-84 years, Total, Total, Covasna, Year 2015, Number of persons, 4230
80-84 years, Total, Total, Covasna, Year 2016, Number of persons, 4193
80-84 years, Total, Total, Covasna, Year 2017, Number of persons, 4360
80-84 years, Total, Total, Covasna, Year 2018, Number of persons, 4519
80-84 years, Total, Total, Covasna, Year 2019, Number of persons, 4665
80-84 years, Total, Total, Covasna, Year 2020, Number of persons, 4699
80-84 years, Total, Total, Covasna, Year 2021, Number of persons, 4777
80-84 years, Total, Total, Covasna, Year 2022, Number of persons, 4711
80-84 years, Total, Total, Covasna, Year 2023, Number of persons, 4767
80-84 years, Total, Total, Covasna, Year 2024, Number of persons, 4904
80-84 years, Total, Total, Harghita, Year 2013, Number of persons, 6748
80-84 years, Total, Total, Harghita, Year 2014, Number of persons, 6773
80-84 years, Total, Total, Harghita, Year 2015, Number of persons, 6788
80-84 years, Total, Total, Harghita, Year 2016, Number of persons, 6660
80-84 years, Total, Total, Harghita, Year 2017, Number of persons, 6736
80-84 years, Total, Total, Harghita, Year 2018, Number of persons, 6931
80-84 years, Total, Total, Harghita, Year 2019, Number of persons, 7004
80-84 years, Total, Total, Harghita, Year 2020, Number of persons, 7191
80-84 years, Total, Total, Harghita, Year 2021, Number of persons, 7116
80-84 years, Total, Total, Harghita, Year 2022, Number of persons, 7028
80-84 years, Total, Total, Harghita, Year 2023, Number of persons, 7199
80-84 years, Total, Total, Harghita, Year 2024, Number of persons, 7430
80-84 years, Total, Total, Mures, Year 2013, Number of persons, 13433
80-84 years, Total, Total, Mures, Year 2014, Number of persons, 13466
80-84 years, Total, Total, Mures, Year 2015, Number of persons, 13385
80-84 years, Total, Total, Mures, Year 2016, Number of persons, 13123
80-84 years, Total, Total, Mures, Year 2017, Number of persons, 13306
80-84 years, Total, Total, Mures, Year 2018, Number of persons, 13503
80-84 years, Total, Total, Mures, Year 2019, Number of persons, 13651
80-84 years, Total, Total, Mures, Year 2020, Number of persons, 13945
80-84 years, Total, Total, Mures, Year 2021, Number of persons, 13692
80-84 years, Total, Total, Mures, Year 2022, Number of persons, 13518
80-84 years, Total, Total, Mures, Year 2023, Number of persons, 13426
80-84 years, Total, Total, Mures, Year 2024, Number of persons, 13292
80-84 years, Total, Total, Sibiu, Year 2013, Number of persons, 8002
80-84 years, Total, Total, Sibiu, Year 2014, Number of persons, 8173
80-84 years, Total, Total, Sibiu, Year 2015, Number of persons, 8047
80-84 years, Total, Total, Sibiu, Year 2016, Number of persons, 8205
80-84 years, Total, Total, Sibiu, Year 2017, Number of persons, 8376
80-84 years, Total, Total, Sibiu, Year 2018, Number of persons, 8568
80-84 years, Total, Total, Sibiu, Year 2019, Number of persons, 8776
80-84 years, Total, Total, Sibiu, Year 2020, Number of persons, 9312
80-84 years, Total, Total, Sibiu, Year 2021, Number of persons, 8962
80-84 years, Total, Total, Sibiu, Year 2022, Number of persons, 8830
80-84 years, Total, Total, Sibiu, Year 2023, Number of persons, 8629
80-84 years, Total, Total, Sibiu, Year 2024, Number of persons, 8286
80-84 years, Total, Total, Bacau, Year 2013, Number of persons, 14695
80-84 years, Total, Total, Bacau, Year 2014, Number of persons, 14801
80-84 years, Total, Total, Bacau, Year 2015, Number of persons, 15257
80-84 years, Total, Total, Bacau, Year 2016, Number of persons, 15407
80-84 years, Total, Total, Bacau, Year 2017, Number of persons, 16251
80-84 years, Total, Total, Bacau, Year 2018, Number of persons, 16324
80-84 years, Total, Total, Bacau, Year 2019, Number of persons, 16562
80-84 years, Total, Total, Bacau, Year 2020, Number of persons, 16878
80-84 years, Total, Total, Bacau, Year 2021, Number of persons, 16439
80-84 years, Total, Total, Bacau, Year 2022, Number of persons, 15384
80-84 years, Total, Total, Bacau, Year 2023, Number of persons, 14587
80-84 years, Total, Total, Bacau, Year 2024, Number of persons, 13810
80-84 years, Total, Total, Botosani, Year 2013, Number of persons, 11420
80-84 years, Total, Total, Botosani, Year 2014, Number of persons, 11408
80-84 years, Total, Total, Botosani, Year 2015, Number of persons, 11727
80-84 years, Total, Total, Botosani, Year 2016, Number of persons, 11776
80-84 years, Total, Total, Botosani, Year 2017, Number of persons, 12079
80-84 years, Total, Total, Botosani, Year 2018, Number of persons, 12167
80-84 years, Total, Total, Botosani, Year 2019, Number of persons, 12072
80-84 years, Total, Total, Botosani, Year 2020, Number of persons, 11911
80-84 years, Total, Total, Botosani, Year 2021, Number of persons, 11825
80-84 years, Total, Total, Botosani, Year 2022, Number of persons, 10934
80-84 years, Total, Total, Botosani, Year 2023, Number of persons, 10321
80-84 years, Total, Total, Botosani, Year 2024, Number of persons, 9562
80-84 years, Total, Total, Iasi, Year 2013, Number of persons, 16764
80-84 years, Total, Total, Iasi, Year 2014, Number of persons, 16723
80-84 years, Total, Total, Iasi, Year 2015, Number of persons, 17027
80-84 years, Total, Total, Iasi, Year 2016, Number of persons, 17051
80-84 years, Total, Total, Iasi, Year 2017, Number of persons, 17285
80-84 years, Total, Total, Iasi, Year 2018, Number of persons, 17626
80-84 years, Total, Total, Iasi, Year 2019, Number of persons, 17997
80-84 years, Total, Total, Iasi, Year 2020, Number of persons, 18044
80-84 years, Total, Total, Iasi, Year 2021, Number of persons, 18009
80-84 years, Total, Total, Iasi, Year 2022, Number of persons, 17055
80-84 years, Total, Total, Iasi, Year 2023, Number of persons, 16100
80-84 years, Total, Total, Iasi, Year 2024, Number of persons, 15037
80-84 years, Total, Total, Neamt, Year 2013, Number of persons, 13084
80-84 years, Total, Total, Neamt, Year 2014, Number of persons, 13235
80-84 years, Total, Total, Neamt, Year 2015, Number of persons, 13655
80-84 years, Total, Total, Neamt, Year 2016, Number of persons, 13849
80-84 years, Total, Total, Neamt, Year 2017, Number of persons, 14551
80-84 years, Total, Total, Neamt, Year 2018, Number of persons, 14821
80-84 years, Total, Total, Neamt, Year 2019, Number of persons, 15115
80-84 years, Total, Total, Neamt, Year 2020, Number of persons, 15235
80-84 years, Total, Total, Neamt, Year 2021, Number of persons, 14972
80-84 years, Total, Total, Neamt, Year 2022, Number of persons, 14177
80-84 years, Total, Total, Neamt, Year 2023, Number of persons, 13313
80-84 years, Total, Total, Neamt, Year 2024, Number of persons, 12504
80-84 years, Total, Total, Suceava, Year 2013, Number of persons, 16146
80-84 years, Total, Total, Suceava, Year 2014, Number of persons, 16476
80-84 years, Total, Total, Suceava, Year 2015, Number of persons, 16640
80-84 years, Total, Total, Suceava, Year 2016, Number of persons, 16720
80-84 years, Total, Total, Suceava, Year 2017, Number of persons, 17214
80-84 years, Total, Total, Suceava, Year 2018, Number of persons, 17328
80-84 years, Total, Total, Suceava, Year 2019, Number of persons, 17500
80-84 years, Total, Total, Suceava, Year 2020, Number of persons, 17565
80-84 years, Total, Total, Suceava, Year 2021, Number of persons, 16757
80-84 years, Total, Total, Suceava, Year 2022, Number of persons, 15871
80-84 years, Total, Total, Suceava, Year 2023, Number of persons, 14868
80-84 years, Total, Total, Suceava, Year 2024, Number of persons, 14059
80-84 years, Total, Total, Vaslui, Year 2013, Number of persons, 10316
80-84 years, Total, Total, Vaslui, Year 2014, Number of persons, 10363
80-84 years, Total, Total, Vaslui, Year 2015, Number of persons, 10559
80-84 years, Total, Total, Vaslui, Year 2016, Number of persons, 10589
80-84 years, Total, Total, Vaslui, Year 2017, Number of persons, 10687
80-84 years, Total, Total, Vaslui, Year 2018, Number of persons, 10744
80-84 years, Total, Total, Vaslui, Year 2019, Number of persons, 10614
80-84 years, Total, Total, Vaslui, Year 2020, Number of persons, 10493
80-84 years, Total, Total, Vaslui, Year 2021, Number of persons, 10352
80-84 years, Total, Total, Vaslui, Year 2022, Number of persons, 9557
80-84 years, Total, Total, Vaslui, Year 2023, Number of persons, 9144
80-84 years, Total, Total, Vaslui, Year 2024, Number of persons, 8782
80-84 years, Total, Total, Braila, Year 2013, Number of persons, 9453
80-84 years, Total, Total, Braila, Year 2014, Number of persons, 9719
80-84 years, Total, Total, Braila, Year 2015, Number of persons, 9948
80-84 years, Total, Total, Braila, Year 2016, Number of persons, 9844
80-84 years, Total, Total, Braila, Year 2017, Number of persons, 9900
80-84 years, Total, Total, Braila, Year 2018, Number of persons, 9659
80-84 years, Total, Total, Braila, Year 2019, Number of persons, 9518
80-84 years, Total, Total, Braila, Year 2020, Number of persons, 9665
80-84 years, Total, Total, Braila, Year 2021, Number of persons, 9631
80-84 years, Total, Total, Braila, Year 2022, Number of persons, 9032
80-84 years, Total, Total, Braila, Year 2023, Number of persons, 8596
80-84 years, Total, Total, Braila, Year 2024, Number of persons, 7957
80-84 years, Total, Total, Buzau, Year 2013, Number of persons, 14085
80-84 years, Total, Total, Buzau, Year 2014, Number of persons, 14370
80-84 years, Total, Total, Buzau, Year 2015, Number of persons, 14706
80-84 years, Total, Total, Buzau, Year 2016, Number of persons, 14637
80-84 years, Total, Total, Buzau, Year 2017, Number of persons, 14640
80-84 years, Total, Total, Buzau, Year 2018, Number of persons, 14357
80-84 years, Total, Total, Buzau, Year 2019, Number of persons, 14140
80-84 years, Total, Total, Buzau, Year 2020, Number of persons, 13934
80-84 years, Total, Total, Buzau, Year 2021, Number of persons, 13809
80-84 years, Total, Total, Buzau, Year 2022, Number of persons, 12722
80-84 years, Total, Total, Buzau, Year 2023, Number of persons, 12166
80-84 years, Total, Total, Buzau, Year 2024, Number of persons, 11580
80-84 years, Total, Total, Constanta, Year 2013, Number of persons, 12810
80-84 years, Total, Total, Constanta, Year 2014, Number of persons, 13267
80-84 years, Total, Total, Constanta, Year 2015, Number of persons, 13643
80-84 years, Total, Total, Constanta, Year 2016, Number of persons, 13818
80-84 years, Total, Total, Constanta, Year 2017, Number of persons, 14440
80-84 years, Total, Total, Constanta, Year 2018, Number of persons, 14458
80-84 years, Total, Total, Constanta, Year 2019, Number of persons, 14832
80-84 years, Total, Total, Constanta, Year 2020, Number of persons, 15135
80-84 years, Total, Total, Constanta, Year 2021, Number of persons, 15119
80-84 years, Total, Total, Constanta, Year 2022, Number of persons, 14722
80-84 years, Total, Total, Constanta, Year 2023, Number of persons, 14277
80-84 years, Total, Total, Constanta, Year 2024, Number of persons, 13891
80-84 years, Total, Total, Galati, Year 2013, Number of persons, 11813
80-84 years, Total, Total, Galati, Year 2014, Number of persons, 12214
80-84 years, Total, Total, Galati, Year 2015, Number of persons, 12859
80-84 years, Total, Total, Galati, Year 2016, Number of persons, 13014
80-84 years, Total, Total, Galati, Year 2017, Number of persons, 13156
80-84 years, Total, Total, Galati, Year 2018, Number of persons, 13264
80-84 years, Total, Total, Galati, Year 2019, Number of persons, 13174
80-84 years, Total, Total, Galati, Year 2020, Number of persons, 13200
80-84 years, Total, Total, Galati, Year 2021, Number of persons, 13150
80-84 years, Total, Total, Galati, Year 2022, Number of persons, 12674
80-84 years, Total, Total, Galati, Year 2023, Number of persons, 12252
80-84 years, Total, Total, Galati, Year 2024, Number of persons, 11951
80-84 years, Total, Total, Tulcea, Year 2013, Number of persons, 4667
80-84 years, Total, Total, Tulcea, Year 2014, Number of persons, 4872
80-84 years, Total, Total, Tulcea, Year 2015, Number of persons, 5075
80-84 years, Total, Total, Tulcea, Year 2016, Number of persons, 5044
80-84 years, Total, Total, Tulcea, Year 2017, Number of persons, 5061
80-84 years, Total, Total, Tulcea, Year 2018, Number of persons, 4993
80-84 years, Total, Total, Tulcea, Year 2019, Number of persons, 4879
80-84 years, Total, Total, Tulcea, Year 2020, Number of persons, 4803
80-84 years, Total, Total, Tulcea, Year 2021, Number of persons, 4589
80-84 years, Total, Total, Tulcea, Year 2022, Number of persons, 4396
80-84 years, Total, Total, Tulcea, Year 2023, Number of persons, 4329
80-84 years, Total, Total, Tulcea, Year 2024, Number of persons, 4278
80-84 years, Total, Total, Vrancea, Year 2013, Number of persons, 10074
80-84 years, Total, Total, Vrancea, Year 2014, Number of persons, 10121
80-84 years, Total, Total, Vrancea, Year 2015, Number of persons, 10168
80-84 years, Total, Total, Vrancea, Year 2016, Number of persons, 10100
80-84 years, Total, Total, Vrancea, Year 2017, Number of persons, 10296
80-84 years, Total, Total, Vrancea, Year 2018, Number of persons, 10104
80-84 years, Total, Total, Vrancea, Year 2019, Number of persons, 10120
80-84 years, Total, Total, Vrancea, Year 2020, Number of persons, 10048
80-84 years, Total, Total, Vrancea, Year 2021, Number of persons, 9966
80-84 years, Total, Total, Vrancea, Year 2022, Number of persons, 9092
80-84 years, Total, Total, Vrancea, Year 2023, Number of persons, 8784
80-84 years, Total, Total, Vrancea, Year 2024, Number of persons, 8408
80-84 years, Total, Total, Arges, Year 2013, Number of persons, 13918
80-84 years, Total, Total, Arges, Year 2014, Number of persons, 14144
80-84 years, Total, Total, Arges, Year 2015, Number of persons, 14669
80-84 years, Total, Total, Arges, Year 2016, Number of persons, 15230
80-84 years, Total, Total, Arges, Year 2017, Number of persons, 15614
80-84 years, Total, Total, Arges, Year 2018, Number of persons, 15603
80-84 years, Total, Total, Arges, Year 2019, Number of persons, 16375
80-84 years, Total, Total, Arges, Year 2020, Number of persons, 16533
80-84 years, Total, Total, Arges, Year 2021, Number of persons, 15949
80-84 years, Total, Total, Arges, Year 2022, Number of persons, 15019
80-84 years, Total, Total, Arges, Year 2023, Number of persons, 14492
80-84 years, Total, Total, Arges, Year 2024, Number of persons, 13884
80-84 years, Total, Total, Calarasi, Year 2013, Number of persons, 8493
80-84 years, Total, Total, Calarasi, Year 2014, Number of persons, 8713
80-84 years, Total, Total, Calarasi, Year 2015, Number of persons, 9005
80-84 years, Total, Total, Calarasi, Year 2016, Number of persons, 8876
80-84 years, Total, Total, Calarasi, Year 2017, Number of persons, 9233
80-84 years, Total, Total, Calarasi, Year 2018, Number of persons, 9111
80-84 years, Total, Total, Calarasi, Year 2019, Number of persons, 9079
80-84 years, Total, Total, Calarasi, Year 2020, Number of persons, 8973
80-84 years, Total, Total, Calarasi, Year 2021, Number of persons, 8935
80-84 years, Total, Total, Calarasi, Year 2022, Number of persons, 7954
80-84 years, Total, Total, Calarasi, Year 2023, Number of persons, 7561
80-84 years, Total, Total, Calarasi, Year 2024, Number of persons, 7119
80-84 years, Total, Total, Dambovita, Year 2013, Number of persons, 12496
80-84 years, Total, Total, Dambovita, Year 2014, Number of persons, 12397
80-84 years, Total, Total, Dambovita, Year 2015, Number of persons, 12653
80-84 years, Total, Total, Dambovita, Year 2016, Number of persons, 12650
80-84 years, Total, Total, Dambovita, Year 2017, Number of persons, 12953
80-84 years, Total, Total, Dambovita, Year 2018, Number of persons, 12910
80-84 years, Total, Total, Dambovita, Year 2019, Number of persons, 13301
80-84 years, Total, Total, Dambovita, Year 2020, Number of persons, 13474
80-84 years, Total, Total, Dambovita, Year 2021, Number of persons, 13126
80-84 years, Total, Total, Dambovita, Year 2022, Number of persons, 12040
80-84 years, Total, Total, Dambovita, Year 2023, Number of persons, 11432
80-84 years, Total, Total, Dambovita, Year 2024, Number of persons, 10703
80-84 years, Total, Total, Giurgiu, Year 2013, Number of persons, 8530
80-84 years, Total, Total, Giurgiu, Year 2014, Number of persons, 8454
80-84 years, Total, Total, Giurgiu, Year 2015, Number of persons, 8479
80-84 years, Total, Total, Giurgiu, Year 2016, Number of persons, 8540
80-84 years, Total, Total, Giurgiu, Year 2017, Number of persons, 9019
80-84 years, Total, Total, Giurgiu, Year 2018, Number of persons, 8823
80-84 years, Total, Total, Giurgiu, Year 2019, Number of persons, 8839
80-84 years, Total, Total, Giurgiu, Year 2020, Number of persons, 8964
80-84 years, Total, Total, Giurgiu, Year 2021, Number of persons, 8634
80-84 years, Total, Total, Giurgiu, Year 2022, Number of persons, 7557
80-84 years, Total, Total, Giurgiu, Year 2023, Number of persons, 6974
80-84 years, Total, Total, Giurgiu, Year 2024, Number of persons, 6546
80-84 years, Total, Total, Ialomita, Year 2013, Number of persons, 7381
80-84 years, Total, Total, Ialomita, Year 2014, Number of persons, 7501
80-84 years, Total, Total, Ialomita, Year 2015, Number of persons, 7590
80-84 years, Total, Total, Ialomita, Year 2016, Number of persons, 7606
80-84 years, Total, Total, Ialomita, Year 2017, Number of persons, 7850
80-84 years, Total, Total, Ialomita, Year 2018, Number of persons, 7614
80-84 years, Total, Total, Ialomita, Year 2019, Number of persons, 7666
80-84 years, Total, Total, Ialomita, Year 2020, Number of persons, 7575
80-84 years, Total, Total, Ialomita, Year 2021, Number of persons, 7516
80-84 years, Total, Total, Ialomita, Year 2022, Number of persons, 6942
80-84 years, Total, Total, Ialomita, Year 2023, Number of persons, 6559
80-84 years, Total, Total, Ialomita, Year 2024, Number of persons, 6272
80-84 years, Total, Total, Prahova, Year 2013, Number of persons, 19917
80-84 years, Total, Total, Prahova, Year 2014, Number of persons, 20449
80-84 years, Total, Total, Prahova, Year 2015, Number of persons, 21321
80-84 years, Total, Total, Prahova, Year 2016, Number of persons, 21568
80-84 years, Total, Total, Prahova, Year 2017, Number of persons, 21914
80-84 years, Total, Total, Prahova, Year 2018, Number of persons, 21790
80-84 years, Total, Total, Prahova, Year 2019, Number of persons, 22228
80-84 years, Total, Total, Prahova, Year 2020, Number of persons, 22764
80-84 years, Total, Total, Prahova, Year 2021, Number of persons, 21894
80-84 years, Total, Total, Prahova, Year 2022, Number of persons, 20927
80-84 years, Total, Total, Prahova, Year 2023, Number of persons, 19742
80-84 years, Total, Total, Prahova, Year 2024, Number of persons, 18471
80-84 years, Total, Total, Teleorman, Year 2013, Number of persons, 13448
80-84 years, Total, Total, Teleorman, Year 2014, Number of persons, 13264
80-84 years, Total, Total, Teleorman, Year 2015, Number of persons, 13342
80-84 years, Total, Total, Teleorman, Year 2016, Number of persons, 13026
80-84 years, Total, Total, Teleorman, Year 2017, Number of persons, 13805
80-84 years, Total, Total, Teleorman, Year 2018, Number of persons, 13727
80-84 years, Total, Total, Teleorman, Year 2019, Number of persons, 14168
80-84 years, Total, Total, Teleorman, Year 2020, Number of persons, 14204
80-84 years, Total, Total, Teleorman, Year 2021, Number of persons, 14390
80-84 years, Total, Total, Teleorman, Year 2022, Number of persons, 12276
80-84 years, Total, Total, Teleorman, Year 2023, Number of persons, 11533
80-84 years, Total, Total, Teleorman, Year 2024, Number of persons, 11044
80-84 years, Total, Total, Ilfov, Year 2013, Number of persons, 7649
80-84 years, Total, Total, Ilfov, Year 2014, Number of persons, 7772
80-84 years, Total, Total, Ilfov, Year 2015, Number of persons, 7968
80-84 years, Total, Total, Ilfov, Year 2016, Number of persons, 7977
80-84 years, Total, Total, Ilfov, Year 2017, Number of persons, 8360
80-84 years, Total, Total, Ilfov, Year 2018, Number of persons, 8301
80-84 years, Total, Total, Ilfov, Year 2019, Number of persons, 8658
80-84 years, Total, Total, Ilfov, Year 2020, Number of persons, 8984
80-84 years, Total, Total, Ilfov, Year 2021, Number of persons, 8925
80-84 years, Total, Total, Ilfov, Year 2022, Number of persons, 8333
80-84 years, Total, Total, Ilfov, Year 2023, Number of persons, 8153
80-84 years, Total, Total, Ilfov, Year 2024, Number of persons, 7899
80-84 years, Total, Total, Bucharest Municipality, Year 2013, Number of persons, 43436
80-84 years, Total, Total, Bucharest Municipality, Year 2014, Number of persons, 42659
80-84 years, Total, Total, Bucharest Municipality, Year 2015, Number of persons, 42331
80-84 years, Total, Total, Bucharest Municipality, Year 2016, Number of persons, 41529
80-84 years, Total, Total, Bucharest Municipality, Year 2017, Number of persons, 41768
80-84 years, Total, Total, Bucharest Municipality, Year 2018, Number of persons, 41860
80-84 years, Total, Total, Bucharest Municipality, Year 2019, Number of persons, 42196
80-84 years, Total, Total, Bucharest Municipality, Year 2020, Number of persons, 42542
80-84 years, Total, Total, Bucharest Municipality, Year 2021, Number of persons, 40315
80-84 years, Total, Total, Bucharest Municipality, Year 2022, Number of persons, 40220
80-84 years, Total, Total, Bucharest Municipality, Year 2023, Number of persons, 38232
80-84 years, Total, Total, Bucharest Municipality, Year 2024, Number of persons, 36406
80-84 years, Total, Total, Dolj, Year 2013, Number of persons, 16702
80-84 years, Total, Total, Dolj, Year 2014, Number of persons, 16668
80-84 years, Total, Total, Dolj, Year 2015, Number of persons, 16870
80-84 years, Total, Total, Dolj, Year 2016, Number of persons, 16899
80-84 years, Total, Total, Dolj, Year 2017, Number of persons, 18175
80-84 years, Total, Total, Dolj, Year 2018, Number of persons, 18309
80-84 years, Total, Total, Dolj, Year 2019, Number of persons, 18786
80-84 years, Total, Total, Dolj, Year 2020, Number of persons, 18805
80-84 years, Total, Total, Dolj, Year 2021, Number of persons, 17871
80-84 years, Total, Total, Dolj, Year 2022, Number of persons, 16858
80-84 years, Total, Total, Dolj, Year 2023, Number of persons, 15825
80-84 years, Total, Total, Dolj, Year 2024, Number of persons, 14822
80-84 years, Total, Total, Gorj, Year 2013, Number of persons, 7354
80-84 years, Total, Total, Gorj, Year 2014, Number of persons, 7546
80-84 years, Total, Total, Gorj, Year 2015, Number of persons, 8012
80-84 years, Total, Total, Gorj, Year 2016, Number of persons, 8237
80-84 years, Total, Total, Gorj, Year 2017, Number of persons, 8578
80-84 years, Total, Total, Gorj, Year 2018, Number of persons, 8555
80-84 years, Total, Total, Gorj, Year 2019, Number of persons, 8744
80-84 years, Total, Total, Gorj, Year 2020, Number of persons, 8668
80-84 years, Total, Total, Gorj, Year 2021, Number of persons, 8364
80-84 years, Total, Total, Gorj, Year 2022, Number of persons, 7689
80-84 years, Total, Total, Gorj, Year 2023, Number of persons, 7171
80-84 years, Total, Total, Gorj, Year 2024, Number of persons, 6593
80-84 years, Total, Total, Mehedinti, Year 2013, Number of persons, 6551
80-84 years, Total, Total, Mehedinti, Year 2014, Number of persons, 6660
80-84 years, Total, Total, Mehedinti, Year 2015, Number of persons, 6856
80-84 years, Total, Total, Mehedinti, Year 2016, Number of persons, 6944
80-84 years, Total, Total, Mehedinti, Year 2017, Number of persons, 7350
80-84 years, Total, Total, Mehedinti, Year 2018, Number of persons, 7443
80-84 years, Total, Total, Mehedinti, Year 2019, Number of persons, 7536
80-84 years, Total, Total, Mehedinti, Year 2020, Number of persons, 7460
80-84 years, Total, Total, Mehedinti, Year 2021, Number of persons, 7137
80-84 years, Total, Total, Mehedinti, Year 2022, Number of persons, 6360
80-84 years, Total, Total, Mehedinti, Year 2023, Number of persons, 5990
80-84 years, Total, Total, Mehedinti, Year 2024, Number of persons, 5614
80-84 years, Total, Total, Olt, Year 2013, Number of persons, 11297
80-84 years, Total, Total, Olt, Year 2014, Number of persons, 11287
80-84 years, Total, Total, Olt, Year 2015, Number of persons, 11607
80-84 years, Total, Total, Olt, Year 2016, Number of persons, 11649
80-84 years, Total, Total, Olt, Year 2017, Number of persons, 12552
80-84 years, Total, Total, Olt, Year 2018, Number of persons, 12635
80-84 years, Total, Total, Olt, Year 2019, Number of persons, 13250
80-84 years, Total, Total, Olt, Year 2020, Number of persons, 13194
80-84 years, Total, Total, Olt, Year 2021, Number of persons, 12854
80-84 years, Total, Total, Olt, Year 2022, Number of persons, 11429
80-84 years, Total, Total, Olt, Year 2023, Number of persons, 10860
80-84 years, Total, Total, Olt, Year 2024, Number of persons, 10198
80-84 years, Total, Total, Valcea, Year 2013, Number of persons, 10790
80-84 years, Total, Total, Valcea, Year 2014, Number of persons, 11227
80-84 years, Total, Total, Valcea, Year 2015, Number of persons, 11914
80-84 years, Total, Total, Valcea, Year 2016, Number of persons, 12588
80-84 years, Total, Total, Valcea, Year 2017, Number of persons, 13062
80-84 years, Total, Total, Valcea, Year 2018, Number of persons, 13450
80-84 years, Total, Total, Valcea, Year 2019, Number of persons, 13794
80-84 years, Total, Total, Valcea, Year 2020, Number of persons, 13849
80-84 years, Total, Total, Valcea, Year 2021, Number of persons, 13467
80-84 years, Total, Total, Valcea, Year 2022, Number of persons, 10456
80-84 years, Total, Total, Valcea, Year 2023, Number of persons, 10155
80-84 years, Total, Total, Valcea, Year 2024, Number of persons, 9916
80-84 years, Total, Total, Arad, Year 2013, Number of persons, 10335
80-84 years, Total, Total, Arad, Year 2014, Number of persons, 10315
80-84 years, Total, Total, Arad, Year 2015, Number of persons, 10243
80-84 years, Total, Total, Arad, Year 2016, Number of persons, 10032
80-84 years, Total, Total, Arad, Year 2017, Number of persons, 10151
80-84 years, Total, Total, Arad, Year 2018, Number of persons, 10284
80-84 years, Total, Total, Arad, Year 2019, Number of persons, 10634
80-84 years, Total, Total, Arad, Year 2020, Number of persons, 10992
80-84 years, Total, Total, Arad, Year 2021, Number of persons, 10736
80-84 years, Total, Total, Arad, Year 2022, Number of persons, 10138
80-84 years, Total, Total, Arad, Year 2023, Number of persons, 9616
80-84 years, Total, Total, Arad, Year 2024, Number of persons, 8763
80-84 years, Total, Total, Caras-Severin, Year 2013, Number of persons, 6811
80-84 years, Total, Total, Caras-Severin, Year 2014, Number of persons, 6742
80-84 years, Total, Total, Caras-Severin, Year 2015, Number of persons, 6844
80-84 years, Total, Total, Caras-Severin, Year 2016, Number of persons, 6710
80-84 years, Total, Total, Caras-Severin, Year 2017, Number of persons, 7001
80-84 years, Total, Total, Caras-Severin, Year 2018, Number of persons, 7182
80-84 years, Total, Total, Caras-Severin, Year 2019, Number of persons, 7450
80-84 years, Total, Total, Caras-Severin, Year 2020, Number of persons, 7537
80-84 years, Total, Total, Caras-Severin, Year 2021, Number of persons, 7522
80-84 years, Total, Total, Caras-Severin, Year 2022, Number of persons, 7003
80-84 years, Total, Total, Caras-Severin, Year 2023, Number of persons, 6765
80-84 years, Total, Total, Caras-Severin, Year 2024, Number of persons, 6388
80-84 years, Total, Total, Hunedoara, Year 2013, Number of persons, 9434
80-84 years, Total, Total, Hunedoara, Year 2014, Number of persons, 9517
80-84 years, Total, Total, Hunedoara, Year 2015, Number of persons, 9760
80-84 years, Total, Total, Hunedoara, Year 2016, Number of persons, 9763
80-84 years, Total, Total, Hunedoara, Year 2017, Number of persons, 10218
80-84 years, Total, Total, Hunedoara, Year 2018, Number of persons, 10398
80-84 years, Total, Total, Hunedoara, Year 2019, Number of persons, 10921
80-84 years, Total, Total, Hunedoara, Year 2020, Number of persons, 11375
80-84 years, Total, Total, Hunedoara, Year 2021, Number of persons, 11302
80-84 years, Total, Total, Hunedoara, Year 2022, Number of persons, 10922
80-84 years, Total, Total, Hunedoara, Year 2023, Number of persons, 10428
80-84 years, Total, Total, Hunedoara, Year 2024, Number of persons, 10065
80-84 years, Total, Total, Timis, Year 2013, Number of persons, 13340
80-84 years, Total, Total, Timis, Year 2014, Number of persons, 13322
80-84 years, Total, Total, Timis, Year 2015, Number of persons, 13149
80-84 years, Total, Total, Timis, Year 2016, Number of persons, 12663
80-84 years, Total, Total, Timis, Year 2017, Number of persons, 13104
80-84 years, Total, Total, Timis, Year 2018, Number of persons, 13392
80-84 years, Total, Total, Timis, Year 2019, Number of persons, 13973
80-84 years, Total, Total, Timis, Year 2020, Number of persons, 14586
80-84 years, Total, Total, Timis, Year 2021, Number of persons, 14657
80-84 years, Total, Total, Timis, Year 2022, Number of persons, 14278
80-84 years, Total, Total, Timis, Year 2023, Number of persons, 13885
80-84 years, Total, Total, Timis, Year 2024, Number of persons, 13308
85 years and over, Total, Total, Bihor, Year 2013, Number of persons, 6634
85 years and over, Total, Total, Bihor, Year 2014, Number of persons, 7131
85 years and over, Total, Total, Bihor, Year 2015, Number of persons, 7594
85 years and over, Total, Total, Bihor, Year 2016, Number of persons, 8079
85 years and over, Total, Total, Bihor, Year 2017, Number of persons, 8343
85 years and over, Total, Total, Bihor, Year 2018, Number of persons, 8703
85 years and over, Total, Total, Bihor, Year 2019, Number of persons, 8755
85 years and over, Total, Total, Bihor, Year 2020, Number of persons, 9212
85 years and over, Total, Total, Bihor, Year 2021, Number of persons, 9315
85 years and over, Total, Total, Bihor, Year 2022, Number of persons, 8152
85 years and over, Total, Total, Bihor, Year 2023, Number of persons, 8351
85 years and over, Total, Total, Bihor, Year 2024, Number of persons, 8845
85 years and over, Total, Total, Bistrita-Nasaud, Year 2013, Number of persons, 3438
85 years and over, Total, Total, Bistrita-Nasaud, Year 2014, Number of persons, 3721
85 years and over, Total, Total, Bistrita-Nasaud, Year 2015, Number of persons, 3970
85 years and over, Total, Total, Bistrita-Nasaud, Year 2016, Number of persons, 4217
85 years and over, Total, Total, Bistrita-Nasaud, Year 2017, Number of persons, 4412
85 years and over, Total, Total, Bistrita-Nasaud, Year 2018, Number of persons, 4655
85 years and over, Total, Total, Bistrita-Nasaud, Year 2019, Number of persons, 4819
85 years and over, Total, Total, Bistrita-Nasaud, Year 2020, Number of persons, 4952
85 years and over, Total, Total, Bistrita-Nasaud, Year 2021, Number of persons, 4926
85 years and over, Total, Total, Bistrita-Nasaud, Year 2022, Number of persons, 4358
85 years and over, Total, Total, Bistrita-Nasaud, Year 2023, Number of persons, 4454
85 years and over, Total, Total, Bistrita-Nasaud, Year 2024, Number of persons, 4635
85 years and over, Total, Total, Cluj, Year 2013, Number of persons, 9210
85 years and over, Total, Total, Cluj, Year 2014, Number of persons, 9947
85 years and over, Total, Total, Cluj, Year 2015, Number of persons, 10602
85 years and over, Total, Total, Cluj, Year 2016, Number of persons, 11418
85 years and over, Total, Total, Cluj, Year 2017, Number of persons, 11869
85 years and over, Total, Total, Cluj, Year 2018, Number of persons, 12509
85 years and over, Total, Total, Cluj, Year 2019, Number of persons, 12903
85 years and over, Total, Total, Cluj, Year 2020, Number of persons, 13444
85 years and over, Total, Total, Cluj, Year 2021, Number of persons, 13819
85 years and over, Total, Total, Cluj, Year 2022, Number of persons, 12811
85 years and over, Total, Total, Cluj, Year 2023, Number of persons, 13130
85 years and over, Total, Total, Cluj, Year 2024, Number of persons, 13975
85 years and over, Total, Total, Maramures, Year 2013, Number of persons, 4683
85 years and over, Total, Total, Maramures, Year 2014, Number of persons, 5132
85 years and over, Total, Total, Maramures, Year 2015, Number of persons, 5445
85 years and over, Total, Total, Maramures, Year 2016, Number of persons, 5783
85 years and over, Total, Total, Maramures, Year 2017, Number of persons, 6022
85 years and over, Total, Total, Maramures, Year 2018, Number of persons, 6459
85 years and over, Total, Total, Maramures, Year 2019, Number of persons, 6677
85 years and over, Total, Total, Maramures, Year 2020, Number of persons, 7006
85 years and over, Total, Total, Maramures, Year 2021, Number of persons, 7169
85 years and over, Total, Total, Maramures, Year 2022, Number of persons, 6220
85 years and over, Total, Total, Maramures, Year 2023, Number of persons, 6447
85 years and over, Total, Total, Maramures, Year 2024, Number of persons, 6900
85 years and over, Total, Total, Satu Mare, Year 2013, Number of persons, 3086
85 years and over, Total, Total, Satu Mare, Year 2014, Number of persons, 3291
85 years and over, Total, Total, Satu Mare, Year 2015, Number of persons, 3501
85 years and over, Total, Total, Satu Mare, Year 2016, Number of persons, 3703
85 years and over, Total, Total, Satu Mare, Year 2017, Number of persons, 3841
85 years and over, Total, Total, Satu Mare, Year 2018, Number of persons, 4017
85 years and over, Total, Total, Satu Mare, Year 2019, Number of persons, 4019
85 years and over, Total, Total, Satu Mare, Year 2020, Number of persons, 4159
85 years and over, Total, Total, Satu Mare, Year 2021, Number of persons, 4329
85 years and over, Total, Total, Satu Mare, Year 2022, Number of persons, 3848
85 years and over, Total, Total, Satu Mare, Year 2023, Number of persons, 3972
85 years and over, Total, Total, Satu Mare, Year 2024, Number of persons, 4271
85 years and over, Total, Total, Salaj, Year 2013, Number of persons, 2902
85 years and over, Total, Total, Salaj, Year 2014, Number of persons, 3140
85 years and over, Total, Total, Salaj, Year 2015, Number of persons, 3308
85 years and over, Total, Total, Salaj, Year 2016, Number of persons, 3572
85 years and over, Total, Total, Salaj, Year 2017, Number of persons, 3689
85 years and over, Total, Total, Salaj, Year 2018, Number of persons, 3893
85 years and over, Total, Total, Salaj, Year 2019, Number of persons, 3979
85 years and over, Total, Total, Salaj, Year 2020, Number of persons, 4182
85 years and over, Total, Total, Salaj, Year 2021, Number of persons, 4267
85 years and over, Total, Total, Salaj, Year 2022, Number of persons, 3635
85 years and over, Total, Total, Salaj, Year 2023, Number of persons, 3691
85 years and over, Total, Total, Salaj, Year 2024, Number of persons, 3913
85 years and over, Total, Total, Alba, Year 2013, Number of persons, 5208
85 years and over, Total, Total, Alba, Year 2014, Number of persons, 5555
85 years and over, Total, Total, Alba, Year 2015, Number of persons, 5956
85 years and over, Total, Total, Alba, Year 2016, Number of persons, 6248
85 years and over, Total, Total, Alba, Year 2017, Number of persons, 6423
85 years and over, Total, Total, Alba, Year 2018, Number of persons, 6743
85 years and over, Total, Total, Alba, Year 2019, Number of persons, 6939
85 years and over, Total, Total, Alba, Year 2020, Number of persons, 7298
85 years and over, Total, Total, Alba, Year 2021, Number of persons, 7563
85 years and over, Total, Total, Alba, Year 2022, Number of persons, 6383
85 years and over, Total, Total, Alba, Year 2023, Number of persons, 6532
85 years and over, Total, Total, Alba, Year 2024, Number of persons, 6890
85 years and over, Total, Total, Brasov, Year 2013, Number of persons, 7223
85 years and over, Total, Total, Brasov, Year 2014, Number of persons, 7755
85 years and over, Total, Total, Brasov, Year 2015, Number of persons, 8203
85 years and over, Total, Total, Brasov, Year 2016, Number of persons, 8697
85 years and over, Total, Total, Brasov, Year 2017, Number of persons, 9067
85 years and over, Total, Total, Brasov, Year 2018, Number of persons, 9641
85 years and over, Total, Total, Brasov, Year 2019, Number of persons, 9911
85 years and over, Total, Total, Brasov, Year 2020, Number of persons, 10400
85 years and over, Total, Total, Brasov, Year 2021, Number of persons, 10494
85 years and over, Total, Total, Brasov, Year 2022, Number of persons, 9761
85 years and over, Total, Total, Brasov, Year 2023, Number of persons, 10229
85 years and over, Total, Total, Brasov, Year 2024, Number of persons, 10699
85 years and over, Total, Total, Covasna, Year 2013, Number of persons, 2802
85 years and over, Total, Total, Covasna, Year 2014, Number of persons, 2938
85 years and over, Total, Total, Covasna, Year 2015, Number of persons, 3129
85 years and over, Total, Total, Covasna, Year 2016, Number of persons, 3242
85 years and over, Total, Total, Covasna, Year 2017, Number of persons, 3261
85 years and over, Total, Total, Covasna, Year 2018, Number of persons, 3333
85 years and over, Total, Total, Covasna, Year 2019, Number of persons, 3273
85 years and over, Total, Total, Covasna, Year 2020, Number of persons, 3435
85 years and over, Total, Total, Covasna, Year 2021, Number of persons, 3459
85 years and over, Total, Total, Covasna, Year 2022, Number of persons, 3073
85 years and over, Total, Total, Covasna, Year 2023, Number of persons, 3141
85 years and over, Total, Total, Covasna, Year 2024, Number of persons, 3338
85 years and over, Total, Total, Harghita, Year 2013, Number of persons, 4145
85 years and over, Total, Total, Harghita, Year 2014, Number of persons, 4413
85 years and over, Total, Total, Harghita, Year 2015, Number of persons, 4687
85 years and over, Total, Total, Harghita, Year 2016, Number of persons, 5112
85 years and over, Total, Total, Harghita, Year 2017, Number of persons, 5278
85 years and over, Total, Total, Harghita, Year 2018, Number of persons, 5450
85 years and over, Total, Total, Harghita, Year 2019, Number of persons, 5604
85 years and over, Total, Total, Harghita, Year 2020, Number of persons, 5755
85 years and over, Total, Total, Harghita, Year 2021, Number of persons, 5847
85 years and over, Total, Total, Harghita, Year 2022, Number of persons, 4874
85 years and over, Total, Total, Harghita, Year 2023, Number of persons, 5083
85 years and over, Total, Total, Harghita, Year 2024, Number of persons, 5327
85 years and over, Total, Total, Mures, Year 2013, Number of persons, 7907
85 years and over, Total, Total, Mures, Year 2014, Number of persons, 8442
85 years and over, Total, Total, Mures, Year 2015, Number of persons, 9047
85 years and over, Total, Total, Mures, Year 2016, Number of persons, 9688
85 years and over, Total, Total, Mures, Year 2017, Number of persons, 9950
85 years and over, Total, Total, Mures, Year 2018, Number of persons, 10319
85 years and over, Total, Total, Mures, Year 2019, Number of persons, 10618
85 years and over, Total, Total, Mures, Year 2020, Number of persons, 10780
85 years and over, Total, Total, Mures, Year 2021, Number of persons, 10848
85 years and over, Total, Total, Mures, Year 2022, Number of persons, 9644
85 years and over, Total, Total, Mures, Year 2023, Number of persons, 9866
85 years and over, Total, Total, Mures, Year 2024, Number of persons, 10247
85 years and over, Total, Total, Sibiu, Year 2013, Number of persons, 4754
85 years and over, Total, Total, Sibiu, Year 2014, Number of persons, 5105
85 years and over, Total, Total, Sibiu, Year 2015, Number of persons, 5399
85 years and over, Total, Total, Sibiu, Year 2016, Number of persons, 5646
85 years and over, Total, Total, Sibiu, Year 2017, Number of persons, 5851
85 years and over, Total, Total, Sibiu, Year 2018, Number of persons, 6197
85 years and over, Total, Total, Sibiu, Year 2019, Number of persons, 6391
85 years and over, Total, Total, Sibiu, Year 2020, Number of persons, 6481
85 years and over, Total, Total, Sibiu, Year 2021, Number of persons, 6730
85 years and over, Total, Total, Sibiu, Year 2022, Number of persons, 6068
85 years and over, Total, Total, Sibiu, Year 2023, Number of persons, 6359
85 years and over, Total, Total, Sibiu, Year 2024, Number of persons, 6796
85 years and over, Total, Total, Bacau, Year 2013, Number of persons, 8309
85 years and over, Total, Total, Bacau, Year 2014, Number of persons, 8976
85 years and over, Total, Total, Bacau, Year 2015, Number of persons, 9508
85 years and over, Total, Total, Bacau, Year 2016, Number of persons, 10120
85 years and over, Total, Total, Bacau, Year 2017, Number of persons, 10294
85 years and over, Total, Total, Bacau, Year 2018, Number of persons, 11110
85 years and over, Total, Total, Bacau, Year 2019, Number of persons, 11355
85 years and over, Total, Total, Bacau, Year 2020, Number of persons, 12026
85 years and over, Total, Total, Bacau, Year 2021, Number of persons, 12312
85 years and over, Total, Total, Bacau, Year 2022, Number of persons, 11255
85 years and over, Total, Total, Bacau, Year 2023, Number of persons, 11518
85 years and over, Total, Total, Bacau, Year 2024, Number of persons, 12134
85 years and over, Total, Total, Botosani, Year 2013, Number of persons, 7287
85 years and over, Total, Total, Botosani, Year 2014, Number of persons, 7806
85 years and over, Total, Total, Botosani, Year 2015, Number of persons, 8231
85 years and over, Total, Total, Botosani, Year 2016, Number of persons, 8492
85 years and over, Total, Total, Botosani, Year 2017, Number of persons, 8701
85 years and over, Total, Total, Botosani, Year 2018, Number of persons, 9122
85 years and over, Total, Total, Botosani, Year 2019, Number of persons, 9240
85 years and over, Total, Total, Botosani, Year 2020, Number of persons, 9795
85 years and over, Total, Total, Botosani, Year 2021, Number of persons, 9812
85 years and over, Total, Total, Botosani, Year 2022, Number of persons, 8792
85 years and over, Total, Total, Botosani, Year 2023, Number of persons, 8949
85 years and over, Total, Total, Botosani, Year 2024, Number of persons, 9265
85 years and over, Total, Total, Iasi, Year 2013, Number of persons, 10002
85 years and over, Total, Total, Iasi, Year 2014, Number of persons, 10952
85 years and over, Total, Total, Iasi, Year 2015, Number of persons, 11851
85 years and over, Total, Total, Iasi, Year 2016, Number of persons, 12468
85 years and over, Total, Total, Iasi, Year 2017, Number of persons, 12933
85 years and over, Total, Total, Iasi, Year 2018, Number of persons, 13592
85 years and over, Total, Total, Iasi, Year 2019, Number of persons, 13760
85 years and over, Total, Total, Iasi, Year 2020, Number of persons, 14450
85 years and over, Total, Total, Iasi, Year 2021, Number of persons, 14615
85 years and over, Total, Total, Iasi, Year 2022, Number of persons, 13171
85 years and over, Total, Total, Iasi, Year 2023, Number of persons, 13580
85 years and over, Total, Total, Iasi, Year 2024, Number of persons, 14277
85 years and over, Total, Total, Neamt, Year 2013, Number of persons, 7535
85 years and over, Total, Total, Neamt, Year 2014, Number of persons, 8082
85 years and over, Total, Total, Neamt, Year 2015, Number of persons, 8731
85 years and over, Total, Total, Neamt, Year 2016, Number of persons, 9230
85 years and over, Total, Total, Neamt, Year 2017, Number of persons, 9517
85 years and over, Total, Total, Neamt, Year 2018, Number of persons, 10180
85 years and over, Total, Total, Neamt, Year 2019, Number of persons, 10409
85 years and over, Total, Total, Neamt, Year 2020, Number of persons, 10982
85 years and over, Total, Total, Neamt, Year 2021, Number of persons, 11254
85 years and over, Total, Total, Neamt, Year 2022, Number of persons, 10470
85 years and over, Total, Total, Neamt, Year 2023, Number of persons, 10840
85 years and over, Total, Total, Neamt, Year 2024, Number of persons, 11435
85 years and over, Total, Total, Suceava, Year 2013, Number of persons, 9477
85 years and over, Total, Total, Suceava, Year 2014, Number of persons, 10284
85 years and over, Total, Total, Suceava, Year 2015, Number of persons, 11041
85 years and over, Total, Total, Suceava, Year 2016, Number of persons, 11752
85 years and over, Total, Total, Suceava, Year 2017, Number of persons, 12110
85 years and over, Total, Total, Suceava, Year 2018, Number of persons, 12852
85 years and over, Total, Total, Suceava, Year 2019, Number of persons, 13219
85 years and over, Total, Total, Suceava, Year 2020, Number of persons, 13721
85 years and over, Total, Total, Suceava, Year 2021, Number of persons, 14026
85 years and over, Total, Total, Suceava, Year 2022, Number of persons, 12756
85 years and over, Total, Total, Suceava, Year 2023, Number of persons, 13099
85 years and over, Total, Total, Suceava, Year 2024, Number of persons, 13702
85 years and over, Total, Total, Vaslui, Year 2013, Number of persons, 6364
85 years and over, Total, Total, Vaslui, Year 2014, Number of persons, 6806
85 years and over, Total, Total, Vaslui, Year 2015, Number of persons, 7177
85 years and over, Total, Total, Vaslui, Year 2016, Number of persons, 7400
85 years and over, Total, Total, Vaslui, Year 2017, Number of persons, 7657
85 years and over, Total, Total, Vaslui, Year 2018, Number of persons, 8045
85 years and over, Total, Total, Vaslui, Year 2019, Number of persons, 8204
85 years and over, Total, Total, Vaslui, Year 2020, Number of persons, 8579
85 years and over, Total, Total, Vaslui, Year 2021, Number of persons, 8599
85 years and over, Total, Total, Vaslui, Year 2022, Number of persons, 7702
85 years and over, Total, Total, Vaslui, Year 2023, Number of persons, 7781
85 years and over, Total, Total, Vaslui, Year 2024, Number of persons, 8109
85 years and over, Total, Total, Braila, Year 2013, Number of persons, 5191
85 years and over, Total, Total, Braila, Year 2014, Number of persons, 5653
85 years and over, Total, Total, Braila, Year 2015, Number of persons, 6066
85 years and over, Total, Total, Braila, Year 2016, Number of persons, 6470
85 years and over, Total, Total, Braila, Year 2017, Number of persons, 6746
85 years and over, Total, Total, Braila, Year 2018, Number of persons, 7271
85 years and over, Total, Total, Braila, Year 2019, Number of persons, 7653
85 years and over, Total, Total, Braila, Year 2020, Number of persons, 7863
85 years and over, Total, Total, Braila, Year 2021, Number of persons, 7805
85 years and over, Total, Total, Braila, Year 2022, Number of persons, 7009
85 years and over, Total, Total, Braila, Year 2023, Number of persons, 7044
85 years and over, Total, Total, Braila, Year 2024, Number of persons, 7338
85 years and over, Total, Total, Buzau, Year 2013, Number of persons, 8385
85 years and over, Total, Total, Buzau, Year 2014, Number of persons, 8944
85 years and over, Total, Total, Buzau, Year 2015, Number of persons, 9412
85 years and over, Total, Total, Buzau, Year 2016, Number of persons, 9935
85 years and over, Total, Total, Buzau, Year 2017, Number of persons, 10259
85 years and over, Total, Total, Buzau, Year 2018, Number of persons, 11040
85 years and over, Total, Total, Buzau, Year 2019, Number of persons, 11421
85 years and over, Total, Total, Buzau, Year 2020, Number of persons, 11856
85 years and over, Total, Total, Buzau, Year 2021, Number of persons, 11980
85 years and over, Total, Total, Buzau, Year 2022, Number of persons, 10450
85 years and over, Total, Total, Buzau, Year 2023, Number of persons, 10380
85 years and over, Total, Total, Buzau, Year 2024, Number of persons, 10685
85 years and over, Total, Total, Constanta, Year 2013, Number of persons, 7060
85 years and over, Total, Total, Constanta, Year 2014, Number of persons, 7663
85 years and over, Total, Total, Constanta, Year 2015, Number of persons, 8301
85 years and over, Total, Total, Constanta, Year 2016, Number of persons, 9025
85 years and over, Total, Total, Constanta, Year 2017, Number of persons, 9309
85 years and over, Total, Total, Constanta, Year 2018, Number of persons, 10036
85 years and over, Total, Total, Constanta, Year 2019, Number of persons, 10493
85 years and over, Total, Total, Constanta, Year 2020, Number of persons, 10964
85 years and over, Total, Total, Constanta, Year 2021, Number of persons, 11175
85 years and over, Total, Total, Constanta, Year 2022, Number of persons, 10453
85 years and over, Total, Total, Constanta, Year 2023, Number of persons, 10749
85 years and over, Total, Total, Constanta, Year 2024, Number of persons, 11431
85 years and over, Total, Total, Galati, Year 2013, Number of persons, 6601
85 years and over, Total, Total, Galati, Year 2014, Number of persons, 7218
85 years and over, Total, Total, Galati, Year 2015, Number of persons, 7608
85 years and over, Total, Total, Galati, Year 2016, Number of persons, 8186
85 years and over, Total, Total, Galati, Year 2017, Number of persons, 8576
85 years and over, Total, Total, Galati, Year 2018, Number of persons, 9227
85 years and over, Total, Total, Galati, Year 2019, Number of persons, 9761
85 years and over, Total, Total, Galati, Year 2020, Number of persons, 10279
85 years and over, Total, Total, Galati, Year 2021, Number of persons, 10538
85 years and over, Total, Total, Galati, Year 2022, Number of persons, 9256
85 years and over, Total, Total, Galati, Year 2023, Number of persons, 9560
85 years and over, Total, Total, Galati, Year 2024, Number of persons, 10060
85 years and over, Total, Total, Tulcea, Year 2013, Number of persons, 2361
85 years and over, Total, Total, Tulcea, Year 2014, Number of persons, 2537
85 years and over, Total, Total, Tulcea, Year 2015, Number of persons, 2678
85 years and over, Total, Total, Tulcea, Year 2016, Number of persons, 2846
85 years and over, Total, Total, Tulcea, Year 2017, Number of persons, 3048
85 years and over, Total, Total, Tulcea, Year 2018, Number of persons, 3273
85 years and over, Total, Total, Tulcea, Year 2019, Number of persons, 3474
85 years and over, Total, Total, Tulcea, Year 2020, Number of persons, 3631
85 years and over, Total, Total, Tulcea, Year 2021, Number of persons, 3735
85 years and over, Total, Total, Tulcea, Year 2022, Number of persons, 3091
85 years and over, Total, Total, Tulcea, Year 2023, Number of persons, 3121
85 years and over, Total, Total, Tulcea, Year 2024, Number of persons, 3205
85 years and over, Total, Total, Vrancea, Year 2013, Number of persons, 6328
85 years and over, Total, Total, Vrancea, Year 2014, Number of persons, 6762
85 years and over, Total, Total, Vrancea, Year 2015, Number of persons, 7188
85 years and over, Total, Total, Vrancea, Year 2016, Number of persons, 7495
85 years and over, Total, Total, Vrancea, Year 2017, Number of persons, 7710
85 years and over, Total, Total, Vrancea, Year 2018, Number of persons, 8089
85 years and over, Total, Total, Vrancea, Year 2019, Number of persons, 8292
85 years and over, Total, Total, Vrancea, Year 2020, Number of persons, 8598
85 years and over, Total, Total, Vrancea, Year 2021, Number of persons, 8644
85 years and over, Total, Total, Vrancea, Year 2022, Number of persons, 7636
85 years and over, Total, Total, Vrancea, Year 2023, Number of persons, 7703
85 years and over, Total, Total, Vrancea, Year 2024, Number of persons, 7897
85 years and over, Total, Total, Arges, Year 2013, Number of persons, 8167
85 years and over, Total, Total, Arges, Year 2014, Number of persons, 8814
85 years and over, Total, Total, Arges, Year 2015, Number of persons, 9274
85 years and over, Total, Total, Arges, Year 2016, Number of persons, 9593
85 years and over, Total, Total, Arges, Year 2017, Number of persons, 10111
85 years and over, Total, Total, Arges, Year 2018, Number of persons, 11031
85 years and over, Total, Total, Arges, Year 2019, Number of persons, 11363
85 years and over, Total, Total, Arges, Year 2020, Number of persons, 11940
85 years and over, Total, Total, Arges, Year 2021, Number of persons, 12384
85 years and over, Total, Total, Arges, Year 2022, Number of persons, 10885
85 years and over, Total, Total, Arges, Year 2023, Number of persons, 11268
85 years and over, Total, Total, Arges, Year 2024, Number of persons, 12066
85 years and over, Total, Total, Calarasi, Year 2013, Number of persons, 4619
85 years and over, Total, Total, Calarasi, Year 2014, Number of persons, 5044
85 years and over, Total, Total, Calarasi, Year 2015, Number of persons, 5321
85 years and over, Total, Total, Calarasi, Year 2016, Number of persons, 5762
85 years and over, Total, Total, Calarasi, Year 2017, Number of persons, 5796
85 years and over, Total, Total, Calarasi, Year 2018, Number of persons, 6317
85 years and over, Total, Total, Calarasi, Year 2019, Number of persons, 6583
85 years and over, Total, Total, Calarasi, Year 2020, Number of persons, 7015
85 years and over, Total, Total, Calarasi, Year 2021, Number of persons, 7007
85 years and over, Total, Total, Calarasi, Year 2022, Number of persons, 5915
85 years and over, Total, Total, Calarasi, Year 2023, Number of persons, 5983
85 years and over, Total, Total, Calarasi, Year 2024, Number of persons, 6187
85 years and over, Total, Total, Dambovita, Year 2013, Number of persons, 7066
85 years and over, Total, Total, Dambovita, Year 2014, Number of persons, 7679
85 years and over, Total, Total, Dambovita, Year 2015, Number of persons, 8135
85 years and over, Total, Total, Dambovita, Year 2016, Number of persons, 8706
85 years and over, Total, Total, Dambovita, Year 2017, Number of persons, 9010
85 years and over, Total, Total, Dambovita, Year 2018, Number of persons, 9561
85 years and over, Total, Total, Dambovita, Year 2019, Number of persons, 9725
85 years and over, Total, Total, Dambovita, Year 2020, Number of persons, 10172
85 years and over, Total, Total, Dambovita, Year 2021, Number of persons, 10335
85 years and over, Total, Total, Dambovita, Year 2022, Number of persons, 8984
85 years and over, Total, Total, Dambovita, Year 2023, Number of persons, 9173
85 years and over, Total, Total, Dambovita, Year 2024, Number of persons, 9677
85 years and over, Total, Total, Giurgiu, Year 2013, Number of persons, 5231
85 years and over, Total, Total, Giurgiu, Year 2014, Number of persons, 5596
85 years and over, Total, Total, Giurgiu, Year 2015, Number of persons, 5815
85 years and over, Total, Total, Giurgiu, Year 2016, Number of persons, 6060
85 years and over, Total, Total, Giurgiu, Year 2017, Number of persons, 6113
85 years and over, Total, Total, Giurgiu, Year 2018, Number of persons, 6540
85 years and over, Total, Total, Giurgiu, Year 2019, Number of persons, 6628
85 years and over, Total, Total, Giurgiu, Year 2020, Number of persons, 6744
85 years and over, Total, Total, Giurgiu, Year 2021, Number of persons, 6892
85 years and over, Total, Total, Giurgiu, Year 2022, Number of persons, 5855
85 years and over, Total, Total, Giurgiu, Year 2023, Number of persons, 5893
85 years and over, Total, Total, Giurgiu, Year 2024, Number of persons, 6151
85 years and over, Total, Total, Ialomita, Year 2013, Number of persons, 4023
85 years and over, Total, Total, Ialomita, Year 2014, Number of persons, 4381
85 years and over, Total, Total, Ialomita, Year 2015, Number of persons, 4698
85 years and over, Total, Total, Ialomita, Year 2016, Number of persons, 4963
85 years and over, Total, Total, Ialomita, Year 2017, Number of persons, 5054
85 years and over, Total, Total, Ialomita, Year 2018, Number of persons, 5500
85 years and over, Total, Total, Ialomita, Year 2019, Number of persons, 5611
85 years and over, Total, Total, Ialomita, Year 2020, Number of persons, 5892
85 years and over, Total, Total, Ialomita, Year 2021, Number of persons, 6028
85 years and over, Total, Total, Ialomita, Year 2022, Number of persons, 5283
85 years and over, Total, Total, Ialomita, Year 2023, Number of persons, 5308
85 years and over, Total, Total, Ialomita, Year 2024, Number of persons, 5522
85 years and over, Total, Total, Prahova, Year 2013, Number of persons, 11347
85 years and over, Total, Total, Prahova, Year 2014, Number of persons, 12298
85 years and over, Total, Total, Prahova, Year 2015, Number of persons, 13045
85 years and over, Total, Total, Prahova, Year 2016, Number of persons, 13849
85 years and over, Total, Total, Prahova, Year 2017, Number of persons, 14372
85 years and over, Total, Total, Prahova, Year 2018, Number of persons, 15486
85 years and over, Total, Total, Prahova, Year 2019, Number of persons, 16249
85 years and over, Total, Total, Prahova, Year 2020, Number of persons, 17122
85 years and over, Total, Total, Prahova, Year 2021, Number of persons, 17484
85 years and over, Total, Total, Prahova, Year 2022, Number of persons, 15525
85 years and over, Total, Total, Prahova, Year 2023, Number of persons, 15937
85 years and over, Total, Total, Prahova, Year 2024, Number of persons, 16844
85 years and over, Total, Total, Teleorman, Year 2013, Number of persons, 8081
85 years and over, Total, Total, Teleorman, Year 2014, Number of persons, 8705
85 years and over, Total, Total, Teleorman, Year 2015, Number of persons, 8993
85 years and over, Total, Total, Teleorman, Year 2016, Number of persons, 9490
85 years and over, Total, Total, Teleorman, Year 2017, Number of persons, 9531
85 years and over, Total, Total, Teleorman, Year 2018, Number of persons, 10327
85 years and over, Total, Total, Teleorman, Year 2019, Number of persons, 10518
85 years and over, Total, Total, Teleorman, Year 2020, Number of persons, 10963
85 years and over, Total, Total, Teleorman, Year 2021, Number of persons, 11165
85 years and over, Total, Total, Teleorman, Year 2022, Number of persons, 9031
85 years and over, Total, Total, Teleorman, Year 2023, Number of persons, 9298
85 years and over, Total, Total, Teleorman, Year 2024, Number of persons, 9814
85 years and over, Total, Total, Ilfov, Year 2013, Number of persons, 4489
85 years and over, Total, Total, Ilfov, Year 2014, Number of persons, 5007
85 years and over, Total, Total, Ilfov, Year 2015, Number of persons, 5395
85 years and over, Total, Total, Ilfov, Year 2016, Number of persons, 5854
85 years and over, Total, Total, Ilfov, Year 2017, Number of persons, 6054
85 years and over, Total, Total, Ilfov, Year 2018, Number of persons, 6652
85 years and over, Total, Total, Ilfov, Year 2019, Number of persons, 6905
85 years and over, Total, Total, Ilfov, Year 2020, Number of persons, 7254
85 years and over, Total, Total, Ilfov, Year 2021, Number of persons, 7526
85 years and over, Total, Total, Ilfov, Year 2022, Number of persons, 6639
85 years and over, Total, Total, Ilfov, Year 2023, Number of persons, 6908
85 years and over, Total, Total, Ilfov, Year 2024, Number of persons, 7340
85 years and over, Total, Total, Bucharest Municipality, Year 2013, Number of persons, 30152
85 years and over, Total, Total, Bucharest Municipality, Year 2014, Number of persons, 32222
85 years and over, Total, Total, Bucharest Municipality, Year 2015, Number of persons, 33621
85 years and over, Total, Total, Bucharest Municipality, Year 2016, Number of persons, 34955
85 years and over, Total, Total, Bucharest Municipality, Year 2017, Number of persons, 35224
85 years and over, Total, Total, Bucharest Municipality, Year 2018, Number of persons, 36292
85 years and over, Total, Total, Bucharest Municipality, Year 2019, Number of persons, 36273
85 years and over, Total, Total, Bucharest Municipality, Year 2020, Number of persons, 36528
85 years and over, Total, Total, Bucharest Municipality, Year 2021, Number of persons, 36140
85 years and over, Total, Total, Bucharest Municipality, Year 2022, Number of persons, 35560
85 years and over, Total, Total, Bucharest Municipality, Year 2023, Number of persons, 35682
85 years and over, Total, Total, Bucharest Municipality, Year 2024, Number of persons, 36753
85 years and over, Total, Total, Dolj, Year 2013, Number of persons, 9619
85 years and over, Total, Total, Dolj, Year 2014, Number of persons, 10253
85 years and over, Total, Total, Dolj, Year 2015, Number of persons, 10677
85 years and over, Total, Total, Dolj, Year 2016, Number of persons, 11007
85 years and over, Total, Total, Dolj, Year 2017, Number of persons, 11155
85 years and over, Total, Total, Dolj, Year 2018, Number of persons, 11810
85 years and over, Total, Total, Dolj, Year 2019, Number of persons, 11986
85 years and over, Total, Total, Dolj, Year 2020, Number of persons, 12367
85 years and over, Total, Total, Dolj, Year 2021, Number of persons, 12691
85 years and over, Total, Total, Dolj, Year 2022, Number of persons, 11950
85 years and over, Total, Total, Dolj, Year 2023, Number of persons, 12344
85 years and over, Total, Total, Dolj, Year 2024, Number of persons, 12858
85 years and over, Total, Total, Gorj, Year 2013, Number of persons, 4011
85 years and over, Total, Total, Gorj, Year 2014, Number of persons, 4363
85 years and over, Total, Total, Gorj, Year 2015, Number of persons, 4420
85 years and over, Total, Total, Gorj, Year 2016, Number of persons, 4689
85 years and over, Total, Total, Gorj, Year 2017, Number of persons, 4964
85 years and over, Total, Total, Gorj, Year 2018, Number of persons, 5489
85 years and over, Total, Total, Gorj, Year 2019, Number of persons, 5762
85 years and over, Total, Total, Gorj, Year 2020, Number of persons, 6031
85 years and over, Total, Total, Gorj, Year 2021, Number of persons, 6285
85 years and over, Total, Total, Gorj, Year 2022, Number of persons, 5678
85 years and over, Total, Total, Gorj, Year 2023, Number of persons, 5844
85 years and over, Total, Total, Gorj, Year 2024, Number of persons, 6266
85 years and over, Total, Total, Mehedinti, Year 2013, Number of persons, 3849
85 years and over, Total, Total, Mehedinti, Year 2014, Number of persons, 4047
85 years and over, Total, Total, Mehedinti, Year 2015, Number of persons, 4119
85 years and over, Total, Total, Mehedinti, Year 2016, Number of persons, 4249
85 years and over, Total, Total, Mehedinti, Year 2017, Number of persons, 4380
85 years and over, Total, Total, Mehedinti, Year 2018, Number of persons, 4694
85 years and over, Total, Total, Mehedinti, Year 2019, Number of persons, 4883
85 years and over, Total, Total, Mehedinti, Year 2020, Number of persons, 5032
85 years and over, Total, Total, Mehedinti, Year 2021, Number of persons, 5232
85 years and over, Total, Total, Mehedinti, Year 2022, Number of persons, 4670
85 years and over, Total, Total, Mehedinti, Year 2023, Number of persons, 4814
85 years and over, Total, Total, Mehedinti, Year 2024, Number of persons, 5024
85 years and over, Total, Total, Olt, Year 2013, Number of persons, 6395
85 years and over, Total, Total, Olt, Year 2014, Number of persons, 6884
85 years and over, Total, Total, Olt, Year 2015, Number of persons, 7213
85 years and over, Total, Total, Olt, Year 2016, Number of persons, 7541
85 years and over, Total, Total, Olt, Year 2017, Number of persons, 7773
85 years and over, Total, Total, Olt, Year 2018, Number of persons, 8424
85 years and over, Total, Total, Olt, Year 2019, Number of persons, 8612
85 years and over, Total, Total, Olt, Year 2020, Number of persons, 9192
85 years and over, Total, Total, Olt, Year 2021, Number of persons, 9346
85 years and over, Total, Total, Olt, Year 2022, Number of persons, 7933
85 years and over, Total, Total, Olt, Year 2023, Number of persons, 8188
85 years and over, Total, Total, Olt, Year 2024, Number of persons, 8661
85 years and over, Total, Total, Valcea, Year 2013, Number of persons, 6378
85 years and over, Total, Total, Valcea, Year 2014, Number of persons, 7216
85 years and over, Total, Total, Valcea, Year 2015, Number of persons, 7832
85 years and over, Total, Total, Valcea, Year 2016, Number of persons, 8571
85 years and over, Total, Total, Valcea, Year 2017, Number of persons, 9537
85 years and over, Total, Total, Valcea, Year 2018, Number of persons, 10787
85 years and over, Total, Total, Valcea, Year 2019, Number of persons, 11951
85 years and over, Total, Total, Valcea, Year 2020, Number of persons, 13303
85 years and over, Total, Total, Valcea, Year 2021, Number of persons, 14740
85 years and over, Total, Total, Valcea, Year 2022, Number of persons, 8712
85 years and over, Total, Total, Valcea, Year 2023, Number of persons, 9621
85 years and over, Total, Total, Valcea, Year 2024, Number of persons, 10884
85 years and over, Total, Total, Arad, Year 2013, Number of persons, 5789
85 years and over, Total, Total, Arad, Year 2014, Number of persons, 6200
85 years and over, Total, Total, Arad, Year 2015, Number of persons, 6598
85 years and over, Total, Total, Arad, Year 2016, Number of persons, 6833
85 years and over, Total, Total, Arad, Year 2017, Number of persons, 7146
85 years and over, Total, Total, Arad, Year 2018, Number of persons, 7321
85 years and over, Total, Total, Arad, Year 2019, Number of persons, 7460
85 years and over, Total, Total, Arad, Year 2020, Number of persons, 7622
85 years and over, Total, Total, Arad, Year 2021, Number of persons, 7638
85 years and over, Total, Total, Arad, Year 2022, Number of persons, 6506
85 years and over, Total, Total, Arad, Year 2023, Number of persons, 6687
85 years and over, Total, Total, Arad, Year 2024, Number of persons, 7214
85 years and over, Total, Total, Caras-Severin, Year 2013, Number of persons, 3752
85 years and over, Total, Total, Caras-Severin, Year 2014, Number of persons, 4084
85 years and over, Total, Total, Caras-Severin, Year 2015, Number of persons, 4334
85 years and over, Total, Total, Caras-Severin, Year 2016, Number of persons, 4534
85 years and over, Total, Total, Caras-Severin, Year 2017, Number of persons, 4635
85 years and over, Total, Total, Caras-Severin, Year 2018, Number of persons, 4891
85 years and over, Total, Total, Caras-Severin, Year 2019, Number of persons, 4999
85 years and over, Total, Total, Caras-Severin, Year 2020, Number of persons, 5230
85 years and over, Total, Total, Caras-Severin, Year 2021, Number of persons, 5346
85 years and over, Total, Total, Caras-Severin, Year 2022, Number of persons, 4373
85 years and over, Total, Total, Caras-Severin, Year 2023, Number of persons, 4637
85 years and over, Total, Total, Caras-Severin, Year 2024, Number of persons, 5069
85 years and over, Total, Total, Hunedoara, Year 2013, Number of persons, 4948
85 years and over, Total, Total, Hunedoara, Year 2014, Number of persons, 5390
85 years and over, Total, Total, Hunedoara, Year 2015, Number of persons, 5804
85 years and over, Total, Total, Hunedoara, Year 2016, Number of persons, 6259
85 years and over, Total, Total, Hunedoara, Year 2017, Number of persons, 6451
85 years and over, Total, Total, Hunedoara, Year 2018, Number of persons, 6902
85 years and over, Total, Total, Hunedoara, Year 2019, Number of persons, 7139
85 years and over, Total, Total, Hunedoara, Year 2020, Number of persons, 7558
85 years and over, Total, Total, Hunedoara, Year 2021, Number of persons, 7644
85 years and over, Total, Total, Hunedoara, Year 2022, Number of persons, 6854
85 years and over, Total, Total, Hunedoara, Year 2023, Number of persons, 7134
85 years and over, Total, Total, Hunedoara, Year 2024, Number of persons, 7577
85 years and over, Total, Total, Timis, Year 2013, Number of persons, 8052
85 years and over, Total, Total, Timis, Year 2014, Number of persons, 8578
85 years and over, Total, Total, Timis, Year 2015, Number of persons, 9099
85 years and over, Total, Total, Timis, Year 2016, Number of persons, 9655
85 years and over, Total, Total, Timis, Year 2017, Number of persons, 9750
85 years and over, Total, Total, Timis, Year 2018, Number of persons, 10101
85 years and over, Total, Total, Timis, Year 2019, Number of persons, 10379
85 years and over, Total, Total, Timis, Year 2020, Number of persons, 10698
85 years and over, Total, Total, Timis, Year 2021, Number of persons, 10899
85 years and over, Total, Total, Timis, Year 2022, Number of persons, 9577
85 years and over, Total, Total, Timis, Year 2023, Number of persons, 9873
85 years and over, Total, Total, Timis, Year 2024, Number of persons, 10545
